master_record_number,agency,agency_tracking_number,county,city,collision_date,vehicles_involved,number_injured,number_dead,latitude,longitude,roadway_name,roadway_suffix,roadway_number,roadway_local_id,distance_from_reference,miles-feet_indicator,direction_from_reference,intersection_road_name,intersection_road_name_suffix,intersection_road_number,intersection_local_id,mile_marker,intersection_indicator,intersect_type,interchange_related_indicator,relation_to_junction,work_zone_type,construction_maintenance_zone,construction_maintenance_zone_location,fatal_case_number,officer_first_name,officer_last_name,weather_condition(s),manner_of_crash,pedestrian,bicycle,scooter,parking,hitrun,mou
101071632,METROPOLITAN NASHVILLE POLICE DEPT,20160008553,Davidson,Nashville,1/4/2016 9:05:00 AM,2,0,0,36.145230,-86.751670,US HWY 41,,,,82.00,Feet,West,ELM HILL PIKE,,,,0.00,N,Not at Intersection, ,Non-Junction,None,,,         ,Richard,Hyatt,Cloudy,Front to Rear,no,no,no,no,no,False
101071658,GOODLETTSVILLE POLICE DEPT,16-000366,Davidson,Goodlettsville,1/4/2016 10:10:00 AM,2,0,0,36.307970,-86.692790,VIETNAM VETERANS BLVDN,,,,317.00,Feet,East,VIETNAM VETERANS BLVD NB ENT R,,,,0.00,N,Not at Intersection, ,Non-Junction,None,,,         ,Timothy,Williams,Clear,"Sideswipe, Same Direction",no,no,no,no,no,False
101071663,METROPOLITAN NASHVILLE POLICE DEPT,2016-0008938,Davidson,Nashville,1/3/2016 12:00:00 AM,2,0,0,36.079720,-86.699360,MARGO LN,,,,1315.00,Feet,East,WILLARD DR,,,,0.00,N,Not at Intersection,N,OtherLocation,None,,,         ,William,Whitworth,Cloudy,Angle,no,no,no,yes,yes,False
101071711,METROPOLITAN NASHVILLE POLICE DEPT,20160009211,Davidson,Nashville,1/4/2016 12:55:00 PM,2,0,0,36.150730,-86.700260,ACORN DR,,,,209.00,Feet,North,ELM HILL PKE,,,,0.00,N,Not at Intersection, ,"Driveway, Alley Access, etc",None,,,         ,Kevin,Crawford,Cloudy,"Sideswipe, Same Direction",no,no,no,yes,yes,False
101071714,METROPOLITAN NASHVILLE POLICE DEPT,20160009210,Davidson,Nashville,1/4/2016 12:48:00 PM,3,0,0,36.135420,-86.775990,I65 S EXT RAMP,,,,0.00,Feet,East,I 65,,,,0.00,N,Not at Intersection,N,Entrance/Exit Ramp Related,None,,,         ,Nathan,Kemp,Clear,Front to Rear,no,no,no,no,no,False
101071715,METROPOLITAN NASHVILLE POLICE DEPT,20160009129,Davidson,Nashville,1/4/2016 1:00:00 PM,1,0,0,36.071680,-86.713440,WALES DR,,,,35.00,Feet,West,TORBAY DR,,,,0.00,N,Not at Intersection,N,Non-Junction,None,,,         ,Jessie,Meadows,Clear,Not Collision with Motor Vehicle in Transport,no,no,no,no,no,False
101071726,METROPOLITAN NASHVILLE POLICE DEPT,20160009207,Davidson,Nashville,1/4/2016 12:45:00 PM,2,0,0,36.188220,-86.629320,LEBANON PKE,,,,0.00,,,HICKORY HILL LN,,,,0.00,Y,T-Intersection, ,Intersection,None,,,         ,William,Mckay,Clear,Front to Rear,no,no,no,no,no,False
101071742,METROPOLITAN NASHVILLE POLICE DEPT,2016-0009302,Davidson,Nashville,1/4/2016 12:53:00 PM,2,0,0,36.247430,-86.720700,US HWY 31E,,,,91.00,Feet,South,RAMP,,,,0.00,N,Not at Intersection, ,Non-Junction,None,,,         ,Michael,Agee,Cloudy,Front to Rear,no,no,no,no,no,False
101071759,METROPOLITAN NASHVILLE POLICE DEPT,2016-0009298,Davidson,Nashville,1/4/2016 1:09:00 PM,2,1,0,36.088590,-86.731190,NOLENSVILLE PKE,,,,686.00,Feet,North,ELYSIAN FIELDS CT,,,,0.00,N,Not at Intersection,N,OtherLocation,None,,,         ,William,Whitworth,Clear,Front to Rear,no,no,no,yes,no,False
101071761,METROPOLITAN NASHVILLE POLICE DEPT,2016-0000545,Davidson,Not in City Limit,1/1/2016 6:30:00 AM,1,0,0,36.078070,-86.962840,I 40,,,,0.00,,,,,,,195.90,N,Not at Intersection, ,,None,,,         ,Douglas,Atwood,,,no,no,no,no,no,False
101071787,METROPOLITAN NASHVILLE POLICE DEPT,20160009535,Davidson,Nashville,1/4/2016 2:28:00 PM,2,0,0,36.167150,-86.779610,3RD AVN,,,,0.00,,,JAMES ROBERTSON PKWY,,,,0.00,Y,Four-Way,N,Intersection,None,,,         ,Caleb,Rogan,Clear,"Sideswipe, Opposite Direction",no,no,no,no,yes,False
101071791,METROPOLITAN NASHVILLE POLICE DEPT,20160009485,Davidson,Nashville,1/4/2016 2:20:00 PM,2,0,0,36.136580,-86.795150,WEDGEWOOD AV,,,,0.00,,,MAGNOLIA BLVD,,,,0.00,Y,Four-Way, ,Intersection-Related,None,,,         ,Tien,Nguyen,Clear,Front to Rear,no,no,no,no,no,False
101071792,METROPOLITAN NASHVILLE POLICE DEPT,2016-0009514,Davidson,Nashville,1/4/2016 2:38:00 PM,2,2,0,36.150560,-86.856200,US HWY 70,,,,338.00,Feet,East,ORLANDO AVE,,,,0.00,N,Not at Intersection,N,Non-Junction,None,,,         ,Walter,Gray II,Clear,Not Collision with Motor Vehicle in Transport,no,no,no,no,no,False
101071812,METROPOLITAN NASHVILLE POLICE DEPT,20160009614,Davidson,Nashville,1/4/2016 3:20:00 PM,2,1,0,36.201160,-86.689410,BRILEY PKWY,,,,119.00,Feet,West,STATE HWY 155,,,,0.00,N,Not at Intersection,N,Non-Junction,None,,,         ,John,Kelley,Clear,Front to Rear,no,no,no,yes,no,False
101071819,METROPOLITAN NASHVILLE POLICE DEPT,20160009794,Davidson,Nashville,1/4/2016 4:05:00 PM,2,0,0,36.143300,-86.792530,EDGEHILL AV,,,,180.00,Feet,East,16TH AVS,,,,0.00,N,Not at Intersection, ,Non-Junction,None,,,         ,Tien,Nguyen,Clear,"Sideswipe, Same Direction",no,no,no,no,no,False
101071821,METROPOLITAN NASHVILLE POLICE DEPT,20160009681,Davidson,Nashville,1/4/2016 3:35:00 PM,2,2,0,36.188500,-86.764120,VERNON WINFREY AVE,,,,0.00,,,LISCHEY AVE,,,,0.00,Y,T-Intersection,N,Intersection,None,,,         ,Randy,Heinze,Cloudy,Angle,no,no,no,no,no,False
101071824,METROPOLITAN NASHVILLE POLICE DEPT,20160009786,Davidson,Nashville,1/4/2016 3:50:00 PM,2,0,0,36.173970,-86.770400,I 24,,,,0.00,,,,,,,48.15,N,Not at Intersection, ,Non-Junction,None,,,         ,Michael,Moss,Clear,Front to Rear,no,no,no,no,no,False
101071825,METROPOLITAN NASHVILLE POLICE DEPT,20160009847,Davidson,Nashville,1/4/2016 4:30:00 PM,2,0,0,36.175010,-86.784680,3RD AVN,,,,0.00,,,JEFFERSON ST,,,,0.00,Y,Four-Way,N,Intersection,None,,,         ,Caleb,Rogan,Clear,Front to Rear,no,no,no,no,yes,False
101071827,METROPOLITAN NASHVILLE POLICE DEPT,20160009660,Davidson,Nashville,1/4/2016 3:37:00 PM,2,0,0,36.052250,-86.681590,TUSCULUM RD,,,,305.00,Feet,East,BENZING RD,,,,0.00,N,Not at Intersection,N,Non-Junction,None,,,         ,Charles,Ward,Clear,Front to Rear,no,no,no,no,no,False
101071832,METROPOLITAN NASHVILLE POLICE DEPT,20160009626,Davidson,Nashville,1/4/2016 2:55:00 PM,2,0,0,36.205890,-86.768610,E TRINITY LN,,,,0.00,,,DICKERSON PKE,,,,0.00,Y,Four-Way, ,Intersection,None,,,         ,Akira,McSwain,Clear,"Sideswipe, Same Direction",no,no,no,no,no,False
101071836,METROPOLITAN NASHVILLE POLICE DEPT,2015-0009771,Davidson,Nashville,1/4/2016 4:06:00 PM,1,0,0,36.078660,-86.885370,STATE HWY 100,,,,76.00,Feet,South,VAUGHNS GAP RD,,,,0.00,N,Not at Intersection,N,Non-Junction,None,,,         ,Walter,Gray II,Clear,Not Collision with Motor Vehicle in Transport,no,no,no,no,no,False
101071837,METROPOLITAN NASHVILLE POLICE DEPT,20160009628,Davidson,Nashville,1/4/2016 3:27:00 PM,4,3,0,36.096740,-86.645100,SMITH SPRINGS RD,,,,1209.00,Feet,West,UNA RECREATION RD,,,,0.00,N,Not at Intersection,N,Non-Junction,None,,,         ,Colby,Mathis,Clear,Front to Rear,no,no,no,no,no,False
101071839,METROPOLITAN NASHVILLE POLICE DEPT,20160009930,Davidson,Nashville,1/4/2016 4:58:00 PM,2,0,0,36.217030,-86.819580,BUENA VISTA PIKE,,,,0.00,,,ROWAN DR,,,,0.00,Y,T-Intersection, ,Intersection,None,,,         ,Kevin,Reynolds,Clear,Angle,no,no,no,no,no,False
101071842,METROPOLITAN NASHVILLE POLICE DEPT,20160009874,Davidson,Nashville,1/4/2016 4:45:00 PM,2,1,0,36.171800,-86.768050,JAMES ROBERTSON PKWY,,,,58.00,Feet,West,I24 W EXT RAMP,,,,0.00,N,Not at Intersection,N,Non-Junction,None,,,         ,Joshua,Hollins,Clear,Front to Rear,no,no,no,no,no,False
101071843,METROPOLITAN NASHVILLE POLICE DEPT,20160009933,Davidson,Nashville,1/4/2016 4:59:00 PM,2,0,0,36.123070,-86.750240,I 440,,,,0.00,,,,,,,6.35,N,Not at Intersection,N,Non-Junction,None,,,         ,Tien,Nguyen,Clear,Front to Rear,no,no,no,no,no,False
101071849,METROPOLITAN NASHVILLE POLICE DEPT,20160009884,Davidson,Nashville,1/4/2016 4:47:00 PM,2,0,0,36.154520,-86.806490,MURPHY AV,,,,156.00,Feet,West,22ND AVN,,,,0.00,N,Not at Intersection, ,Non-Junction,None,,,         ,Nicholas,Smith,Clear,"Sideswipe, Same Direction",no,no,no,no,no,False
101071852,METROPOLITAN NASHVILLE POLICE DEPT,20160010024,Davidson,Nashville,1/4/2016 5:26:00 PM,2,0,0,36.144820,-86.739790,I 40,,,,0.00,,,,,,,212.30,N,Not at Intersection,N,Non-Junction,None,,,         ,Leslie,Hale,Clear,"Sideswipe, Same Direction",no,no,no,no,yes,False
101071854,METROPOLITAN NASHVILLE POLICE DEPT,20160008305,Davidson,Nashville,1/4/2016 7:53:00 AM,1,1,0,36.166300,-86.805360,DR D B TODD JR BLVD,,,,0.00,,,ALBION ST,,,,0.00,Y,T-Intersection,N,Intersection,None,,,         ,Nathan,Mayo,Cloudy,Not Collision with Motor Vehicle in Transport,yes,no,no,no,no,False
101071861,METROPOLITAN NASHVILLE POLICE DEPT,20160010121,Davidson,Nashville,1/4/2016 5:39:00 PM,2,0,0,36.152640,-86.682850,RAMP,,,,0.00,,,ELM HILL PIKE,,,,0.00,Y,Four-Way, ,Intersection-Related,None,,,         ,Mikala,Moore,Clear,"Sideswipe, Same Direction",no,no,no,no,no,False
101071863,GOODLETTSVILLE POLICE DEPT,16-00416,Davidson,Goodlettsville,1/4/2016 5:18:00 PM,2,2,0,36.323586,-86.705832,LONG HOLLOW,PIKE,SR174,,0.00,,,,,,,0.00,,Not at Intersection,N,Non-Junction,None,,,         ,Rico,Jones,Clear,Front to Rear,no,no,no,no,no,False
101071865,METROPOLITAN NASHVILLE POLICE DEPT,20160009842,Davidson,Nashville,1/4/2016 4:24:00 PM,3,2,0,36.042270,-86.836650,OLD HICKORY BLVD,,,,202.00,Feet,East,DERBY GLENN LN,,,,0.00,N,Not at Intersection,N,Non-Junction,None,,,         ,John,Stanfield,Clear,Front to Rear,no,no,no,no,no,False
101071867,METROPOLITAN NASHVILLE POLICE DEPT,20160009828,Davidson,Nashville,1/4/2016 4:23:00 PM,2,0,0,36.107240,-86.719880,I 24,,,,0.00,,,,,,,53.90,N,Not at Intersection, ,Entrance/Exit Ramp Related,None,,,         ,Nakia,Reid,Clear,Front to Rear,no,no,no,no,no,False
101071869,METROPOLITAN NASHVILLE POLICE DEPT,20160010186,Davidson,Nashville,1/4/2016 6:20:00 PM,2,0,0,36.153490,-86.687740,ATRIUM WAY,,,,89.00,Feet,North,ELM HILL PKE,,,,0.00,N,Not at Intersection, ,Non-Junction,None,,,         ,Craig,Gentry,Clear,Front to Rear,no,no,no,no,no,False
101071870,METROPOLITAN NASHVILLE POLICE DEPT,20160010210,Davidson,Antioch,1/4/2016 12:00:00 AM,2,0,0,36.025470,-86.587420,MURFREESBORO RD,,,,0.00,Feet,,WALDRON RD,,,,0.00,Y,Four-Way,Y,Intersection,None,,,         ,Larry,Preuett,Clear,Angle,no,no,no,no,no,False
101071872,METROPOLITAN NASHVILLE POLICE DEPT,20160010183,Davidson,Nashville,1/4/2016 6:22:00 PM,3,2,0,36.117920,-86.810020,GOLF CLUB LN,,,,0.00,,,HILLSBORO PKE,,,,0.00,Y,Four-Way,N,Intersection-Related,None,,,         ,Tien,Nguyen,Clear,Front to Rear,no,no,no,no,no,False
101071875,METROPOLITAN NASHVILLE POLICE DEPT,20160010095,Davidson,Nashville,1/4/2016 5:53:00 PM,2,0,0,36.123070,-86.750250,I 440,,,,0.00,,,,,,,6.35,N,Not at Intersection, ,Non-Junction,None,,,         ,Tien,Nguyen,Clear,Front to Rear,no,no,no,no,no,False
101071876,METROPOLITAN NASHVILLE POLICE DEPT,20160009986,Davidson,Nashville,1/4/2016 5:15:00 PM,2,0,0,36.201420,-86.776550,I 65,,,,0.00,,,,,,,87.00,N,Not at Intersection, ,,None,,,         ,Randy,Heinze,,,no,no,no,no,no,False
101071882,METROPOLITAN NASHVILLE POLICE DEPT,20151160344,Davidson,Nashville,1/4/2016 12:00:00 AM,2,0,0,36.155900,-86.789110,I40 W EXT RAMP,,,,0.00,,,I 40,,,,0.00,Y,T-Intersection, ,,None,,,         ,Joshua,Hollins,,,no,no,no,no,no,False
101071887,METROPOLITAN NASHVILLE POLICE DEPT,20160010071,Davidson,Nashville,1/4/2016 5:40:00 PM,2,0,0,36.237770,-86.757850,DICKERSON PKE,,,,79.00,Feet,North,I65 N EXT RAMP,,,,0.00,N,Not at Intersection,N,Non-Junction,None,,,         ,Akira,McSwain,Clear,Angle,no,no,no,no,yes,False
101071892,METROPOLITAN NASHVILLE POLICE DEPT,20160010135,Davidson,Nashville,1/4/2016 6:05:00 PM,2,1,0,36.074470,-86.638610,US HWY 41,,,,0.00,,,RURAL HILL RD,,,,0.00,Y,Four-Way,N,Intersection,None,,,         ,Michael,Apsey,Clear,Front to Rear,no,no,no,no,no,False
101071897,METROPOLITAN NASHVILLE POLICE DEPT,20160010267,Davidson,Nashville,1/4/2016 6:25:00 PM,2,0,0,36.119390,-86.912800,I 40,,,,0.00,,,,,,,200.00,N,Not at Intersection,N,Non-Junction,None,,,         ,Adam,Reese,Clear,"Sideswipe, Same Direction",no,no,no,no,yes,False
101071900,METROPOLITAN NASHVILLE POLICE DEPT,2016-0010296,Davidson,Nashville,1/4/2016 6:30:00 PM,2,0,0,36.150650,-86.855870,CHARLOTTE PKE,,,,445.00,Feet,West,CHARLOTTE AV,,,,0.00,N,Not at Intersection, ,Non-Junction,None,,,         ,Christopher,Clark,Clear,"Sideswipe, Same Direction",no,no,no,no,no,False
101071907,METROPOLITAN NASHVILLE POLICE DEPT,20160010087,Davidson,Nashville,1/4/2016 4:00:00 PM,2,1,0,36.045420,-86.713170,US HWY 31 ALT,,,,0.00,,,STATE HWY 254,,,,0.00,Y,Four-Way,Y,Intersection-Related,None,,,         ,Richard,Olive,Clear,"Sideswipe, Same Direction",no,no,no,no,no,False
101071915,METROPOLITAN NASHVILLE POLICE DEPT,20160010266,Davidson,Not in City Limit,1/4/2016 5:46:00 PM,2,0,0,36.269310,-86.710580,WILEY ST,,,,0.00,,,US HWY 31E,,,,0.00,Y,T-Intersection,N,Intersection-Related,None,,,         ,Jordan,Lowry,Clear,Front to Rear,no,no,no,no,no,False
101071916,METROPOLITAN NASHVILLE POLICE DEPT,20160010218,Davidson,Nashville,1/4/2016 6:30:00 PM,2,4,0,36.191050,-86.615450,OLD HICKORY BLVD,,,,80.00,Feet,North,OLD LEBANON DIRT RD,,,,0.00,N,Not at Intersection,N,OtherLocation,None,,,         ,Christopher,Mackey,Clear,Other,no,no,no,no,no,False
101071917,METROPOLITAN NASHVILLE POLICE DEPT,20160009798,Davidson,Nashville,1/4/2016 4:22:00 PM,2,0,0,36.059030,-86.716340,US HWY 31 ALT,,,,0.00,,,TUSCULUM RD,,,,0.00,Y,Four-Way,N,Intersection,None,,,         ,Nathan,Dungan,Clear,Angle,no,no,no,no,no,False
101071922,METROPOLITAN NASHVILLE POLICE DEPT,20160010145,Davidson,Not in City Limit,1/4/2016 6:06:00 PM,1,0,0,36.263330,-86.714600,OLD HICKORY BLVDW,,,,0.00,,,DOUGLAS ST,,,,0.00,Y,T-Intersection,N,Intersection-Related,None,,,         ,George,Oden,Clear,Not Collision with Motor Vehicle in Transport,no,no,no,no,no,False
101071927,METROPOLITAN NASHVILLE POLICE DEPT,20160010354,Davidson,Nashville,1/4/2016 7:21:00 PM,2,0,0,36.237240,-86.780940,BRILEY PKWY E ENT RAMP,,,,0.00,,,BRICK CHURCH PKE,,,,0.00,Y,T-Intersection, ,Non-Junction,None,,,         ,Samuel,Miller,Clear,Front to Rear,no,no,no,no,no,False
101071941,METROPOLITAN NASHVILLE POLICE DEPT,20160010433,Davidson,Nashville,1/4/2016 7:30:00 PM,2,0,0,36.123370,-86.806870,-- UNKNOWN RAMP/ROAD --,,,,0.00,Feet,East,I 440,,,,0.00,N,Not at Intersection,N,Non-Junction,None,,,         ,Mark,Hatt,Clear,Front to Rear,no,no,no,no,no,False
101071949,METROPOLITAN NASHVILLE POLICE DEPT,20160010121,Davidson,Nashville,1/4/2016 5:39:00 PM,2,0,0,36.152640,-86.682790,RAMP,,,,0.00,,,ELM HILL PIKE,,,,0.00,Y,Four-Way, ,Intersection-Related,None,,,         ,Mikala,Moore,Clear,"Sideswipe, Same Direction",no,no,no,no,no,False
101071952,METROPOLITAN NASHVILLE POLICE DEPT,20160010577,Davidson,Nashville,1/4/2016 8:39:00 PM,2,1,0,36.163930,-86.786350,ROSA L PARKS BLVD,,,,50.00,Feet,South,CHARLOTTE AV,,,,0.00,N,Not at Intersection,Y,OtherLocation,None,,,         ,Joshua,Hausman,Clear,Other,no,no,no,no,no,False
101071973,METROPOLITAN NASHVILLE POLICE DEPT,20160009685,Davidson,Nashville,1/4/2016 3:37:00 PM,2,0,0,36.051580,-86.645600,BELL RD,,,,304.00,Feet,South,BENT TREE  PVTDR,,,,0.00,N,Not at Intersection,N,Non-Junction,None,,,         ,William,Durham,Clear,Front to Rear,no,no,no,no,yes,False
101071974,METROPOLITAN NASHVILLE POLICE DEPT,20160010008,Davidson,Nashville,1/3/2016 10:00:00 PM,2,0,0,36.118160,-86.703580,WINTHORNE DR,,,,145.00,Feet,North,MCDONALD DR,,,,0.00,N,Not at Intersection,N,Non-Junction,None,,,         ,William,Durham,Clear,Unknown,no,no,no,yes,yes,False
101071976,METROPOLITAN NASHVILLE POLICE DEPT,20160004972,Davidson,Nashville,1/3/2016 12:46:00 AM,3,0,0,36.152830,-86.790020,DEMONBREUN ST,,,,446.00,Feet,North,MUSIC CIRE,,,,0.00,N,Not at Intersection,N,Non-Junction,None,,,         ,Eugene,Martino,Clear,Front to Rear,no,no,no,no,yes,False
101071979,METROPOLITAN NASHVILLE POLICE DEPT,20160010661,Davidson,Not in City Limit,1/4/2016 9:12:00 PM,2,0,0,36.045770,-86.950620,TEMPLE RD,,,,120.00,Feet,North,HIGHWAY 100,,,,0.00,N,Not at Intersection,N,Non-Junction,None,,,         ,Adam,Reese,Clear,Angle,no,no,no,no,yes,False
101071980,METROPOLITAN NASHVILLE POLICE DEPT,20160010004,Davidson,Nashville,1/4/2016 5:20:00 PM,2,1,0,36.116700,-86.668180,DONELSON PKE,,,,0.00,,,HANGAR LN,,,,0.00,Y,T-Intersection,N,Intersection-Related,None,,,         ,Felipe,Pereira,Clear,Front to Rear,no,no,no,no,yes,False
101071981,METROPOLITAN NASHVILLE POLICE DEPT,20160010182,Davidson,Nashville,1/4/2016 6:15:00 PM,2,0,0,36.153650,-86.757440,I 40,,,,0.00,,,,,,,211.15,N,Not at Intersection, ,Non-Junction,None,,,         ,Felipe,Pereira,Clear,"Sideswipe, Same Direction",no,no,no,no,no,False
101072003,METROPOLITAN NASHVILLE POLICE DEPT,20160001707,Davidson,Nashville,1/1/2016 7:25:00 PM,3,0,0,36.070020,-86.698640,HAYWOOD LN,,,,47.00,Feet,East,EAST RIDGE DR,,,,0.00,N,Not at Intersection,N,Non-Junction,None,,,         ,Jared,Jenkins,Clear,Front to Rear,no,no,no,no,yes,False
101072006,METROPOLITAN NASHVILLE POLICE DEPT,20160009561,Davidson,Nashville,1/4/2016 2:59:00 PM,2,0,0,36.160690,-86.794340,CHARLOTTE AV,,,,0.00,,,,,,,0.00,,,N,Non-Junction,None,,,         ,Michael,Brooks,Clear,Other,no,no,no,yes,yes,False
101072007,METROPOLITAN NASHVILLE POLICE DEPT,20160009770,Davidson,Nashville,1/4/2016 4:38:00 PM,2,0,0,36.193110,-86.830330,CLARKSVILLE PKE,,,,327.00,Feet,East,BUENA VISTA PKE,,,,0.00,N,Not at Intersection, ,Non-Junction,None,,,         ,Michael,Brooks,Clear,Front to Rear,no,no,no,no,no,False
101072008,METROPOLITAN NASHVILLE POLICE DEPT,20160009907,Davidson,Not in City Limit,1/4/2016 4:51:00 PM,2,0,0,36.307670,-86.820820,I 24,,,,0.00,,,,,,,38.05,N,Not at Intersection, ,Non-Junction,None,,,         ,Michael,Brooks,Clear,Not Collision with Motor Vehicle in Transport,no,no,no,no,no,False
101072009,METROPOLITAN NASHVILLE POLICE DEPT,20160010275,Davidson,Nashville,1/4/2016 6:54:00 PM,1,1,0,36.228460,-86.867180,EATONS CREEK RD,,,,0.00,,,,,,,0.00,,,N,Non-Junction,None,,,         ,Michael,Brooks,Clear,Not Collision with Motor Vehicle in Transport,yes,no,no,yes,no,False
101072010,METROPOLITAN NASHVILLE POLICE DEPT,20160010857,Davidson,Nashville,1/4/2016 10:29:00 PM,3,0,0,36.211030,-86.775910,I 65,,,,0.00,,,,,,,87.65,N,Not at Intersection,N,Non-Junction,Construction Zone,Lane Shift-Crossover,Termination Area,         ,Michael,Brooks,Clear,"Sideswipe, Same Direction",no,no,no,no,yes,False
101072039,METROPOLITAN NASHVILLE POLICE DEPT,20160011273,Davidson,Nashville,1/5/2016 12:55:00 AM,1,1,0,36.197150,-86.770450,MARIE ST,,,,284.00,Feet,East,US HWY 31W,,,,0.00,N,Not at Intersection,N,OtherLocation,None,,,         ,Terrance,McBride,Clear,Not Collision with Motor Vehicle in Transport,no,no,no,yes,no,False
101072062,METROPOLITAN NASHVILLE POLICE DEPT,20160009454,Davidson,Nashville,1/4/2016 2:09:00 PM,2,0,0,36.082680,-86.765120,I65 S EXT RAMP,,,,0.00,,,HARDING PL,,,,0.00,Y,Y-Intersection,N,Entrance/Exit Ramp Related,None,,,         ,Nathan,Kemp,Clear,Front to Rear,no,no,no,no,yes,False
101072064,METROPOLITAN NASHVILLE POLICE DEPT,20160009028,Davidson,Nashville,1/4/2016 11:48:00 AM,3,0,0,36.148350,-86.780290,I65 S ENT RAMP,,,,0.00,Feet,East,I 40,,,,0.00,N,Not at Intersection,Y,Non-Junction,None,,,         ,Phillip,Murphy,Clear,Front to Rear,no,no,no,no,no,False
101072071,METROPOLITAN NASHVILLE POLICE DEPT,20160008623,Davidson,Nashville,1/4/2016 9:21:00 AM,2,0,0,36.039680,-86.781580,I65 N EXT RAMP,,,,0.00,,,I 65,,,,0.00,Y,OTHER, ,Entrance/Exit Ramp Related,None,,,         ,Phillip,Murphy,Clear,Front to Rear,no,no,no,no,no,False
101072079,METROPOLITAN NASHVILLE POLICE DEPT,20160012049,Davidson,Not in City Limit,1/5/2016 7:00:00 AM,1,0,0,0.000000,0.000000,1604 SPRINGFIELD HWY,,,,100.00,Feet,North,,,,,2.00,N,Not at Intersection, ,Non-Junction,None,,,         ,Jeffery,Burnette,Clear,Not Collision with Motor Vehicle in Transport,no,no,no,no,no,False
101072083,METROPOLITAN NASHVILLE POLICE DEPT,2016-0009451,Davidson,Nashville,1/4/2016 12:00:00 AM,2,0,0,36.171740,-86.811870,22ND AVE N,,,,0.00,,,,,,,0.00,,Not at Intersection, ,Non-Junction,None,,,         ,Garren,Hoskins,Unknown,Unknown,no,no,no,yes,yes,False
101072089,METROPOLITAN NASHVILLE POLICE DEPT,2016-0012188,Davidson,Nashville,1/5/2016 7:50:00 AM,2,0,0,36.144380,-86.881350,I 40,,,,0.00,,,,,,,202.50,N,Not at Intersection, ,Non-Junction,None,,,         ,Benjamin,Cantrell,Clear,Front to Rear,no,no,no,no,no,False
101072104,METROPOLITAN NASHVILLE POLICE DEPT,20160012067,Davidson,Nashville,1/5/2016 6:40:00 AM,2,0,0,36.121420,-86.756180,I 440,,,,0.00,,,,,,,6.00,N,Not at Intersection, ,Non-Junction,None,,,         ,Todd,Watson,Clear,Front to Rear,no,no,no,no,no,False
101072106,METROPOLITAN NASHVILLE POLICE DEPT,20160012127,Davidson,Nashville,1/5/2016 7:26:00 AM,2,1,0,36.050190,-86.695850,OCALA DR,,,,0.00,,,BROOK VIEW ESTATES DR,,,,0.00,Y,T-Intersection,Y,Intersection,None,,,         ,Steven,Williams,Clear,Angle,no,no,no,no,no,False
101072108,METROPOLITAN NASHVILLE POLICE DEPT,20160012108,Davidson,Nashville,1/5/2016 7:20:00 AM,2,1,0,36.109100,-86.922470,OLD HICKORY BLVD,,,,268.00,Feet,South,SONYA DR,,,,0.00,N,Not at Intersection,N,Non-Junction,None,,,         ,James,Murphy,Clear,Front to Rear,no,no,no,no,no,False
101072113,METROPOLITAN NASHVILLE POLICE DEPT,2016-0012104,Davidson,Not in City Limit,1/5/2016 7:00:00 AM,2,0,0,36.017670,-87.030640,STATE HWY 96,,,,0.00,,,RAMP,,,,0.00,Y,Y-Intersection, ,Intersection,None,,,         ,Curtis,Rich,Clear,Front to Rear,no,no,no,no,no,False
101072115,METROPOLITAN NASHVILLE POLICE DEPT,20160012291,Davidson,Nashville,1/5/2016 8:20:00 AM,2,2,0,36.074920,-86.920950,STATE HWY 251,,,,165.00,Feet,North,US HWY 70S,,,,0.00,N,Not at Intersection,N,Non-Junction,None,,,         ,Wesley,Tilley,Clear,Front to Rear,no,no,no,no,no,False
101072117,METROPOLITAN NASHVILLE POLICE DEPT,20160012098,Davidson,Nashville,1/5/2016 7:17:00 AM,2,1,0,36.087610,-86.752760,TROUSDALE DR,,,,262.00,Feet,North,GRASSMERE PK,,,,0.00,N,Not at Intersection,N,Non-Junction,None,,,         ,Nathan,Kemp,Clear,Front to Rear,no,no,no,no,no,False
101072118,METROPOLITAN NASHVILLE POLICE DEPT,20160012205,Davidson,Nashville,1/5/2016 7:59:00 AM,4,2,0,36.127420,-86.815100,I 440,,,,0.00,,,,,,,2.20,N,Not at Intersection,N,Non-Junction,None,,,         ,Nathan,Kemp,Clear,Front to Rear,no,no,no,no,no,False
101072121,METROPOLITAN NASHVILLE POLICE DEPT,20160012276,Davidson,Nashville,1/5/2016 8:46:00 AM,2,0,0,36.148280,-86.778210,I 40,,,,0.00,,,,,,,209.95,N,Not at Intersection, ,Non-Junction,None,,,         ,Michael,Johnson,Clear,Front to Rear,no,no,no,no,no,False
101072123,METROPOLITAN NASHVILLE POLICE DEPT,20160006094,Davidson,Madison,1/3/2016 11:15:00 AM,2,0,0,0.000000,0.000000,OLD HICKORY BLVD,,SR31,,0.00,,,,,SR31,,0.00,Y,Four-Way,N,Intersection,None,,,         ,Faye,Denson,Clear,Angle,no,no,no,no,no,False