master_record_number,agency,agency_tracking_number,county,city,collision_date,vehicles_involved,number_injured,number_dead,latitude,longitude,roadway_name,roadway_suffix,roadway_number,roadway_local_id,distance_from_reference,miles-feet_indicator,direction_from_reference,intersection_road_name,intersection_road_name_suffix,intersection_road_number,intersection_local_id,mile_marker,intersection_indicator,intersect_type,interchange_related_indicator,relation_to_junction,work_zone_type,construction_maintenance_zone,construction_maintenance_zone_location,fatal_case_number,officer_first_name,officer_last_name,weather_condition(s),manner_of_crash,pedestrian,bicycle,scooter,parking,hitrun,mou
101073324,METROPOLITAN NASHVILLE POLICE DEPT,2016-0013362,Davidson,Nashville,1/5/2016 1:43:00 PM,2,0,0,36.067320,-86.718400,NOLENSVILLE PKE,,,,273.00,Feet,North,NORTHCREST DR,,,,0.00,N,Not at Intersection, ,Non-Junction,None,,,         ,William,Whitworth,Clear,Angle,no,no,no,no,no,False
101073325,METROPOLITAN NASHVILLE POLICE DEPT,2016-0020439,Davidson,Nashville,1/7/2016 6:20:00 AM,2,1,0,36.045370,-86.713260,NOLENSVILLE PKE,,,,0.00,,,OLD HICKORY BLVD,,,,0.00,Y,Four-Way,N,Intersection,None,,,         ,William,Whitworth,Clear,"Sideswipe, Same Direction",no,no,no,no,no,False
101073326,METROPOLITAN NASHVILLE POLICE DEPT,20160020594,Davidson,Nashville,1/7/2016 8:23:00 AM,2,0,0,36.171840,-86.764770,S 5TH ST,,,,0.00,,,WOODLAND ST,,,,0.00,Y,Four-Way, ,Intersection-Related,None,,,         ,Kevin,Ott,Clear,"Sideswipe, Same Direction",no,no,no,no,no,False
101073327,METROPOLITAN NASHVILLE POLICE DEPT,20160020658,Davidson,Nashville,1/7/2016 8:15:00 AM,2,0,0,36.158420,-86.790610,US HWY 70,,,,0.00,,,CHURCH ST,,,,0.00,Y,Four-Way, ,Intersection,None,,,         ,Daniel,Russett,Clear,Front to Rear,no,no,no,no,no,False
101073328,METROPOLITAN NASHVILLE POLICE DEPT,20160018254,Davidson,Nashville,1/6/2016 6:51:00 PM,2,0,0,36.044840,-86.662850,BELL RD,,,,391.00,Feet,West,CANE RIDGE RD,,,,0.00,N,Not at Intersection, ,Non-Junction,None,,,         ,Jessie,Meadows,Clear,"Sideswipe, Same Direction",no,no,no,no,no,False
101073334,METROPOLITAN NASHVILLE POLICE DEPT,20160020647,Davidson,Nashville,1/7/2016 8:10:00 AM,2,0,0,36.190090,-86.772930,US HWY 31W,,,,0.00,,,EVANSTON AVE,,,,0.00,Y,OTHER,N,Non-Junction,None,,,         ,Randal,Owsley,Clear,"Sideswipe, Same Direction",no,no,no,no,no,False
101073336,METROPOLITAN NASHVILLE POLICE DEPT,20160020721,Davidson,Not in City Limit,1/7/2016 9:23:00 AM,3,0,0,36.022800,-86.629690,I 24,,,,0.00,,,,,,,61.80,N,Not at Intersection, ,,None,,,         ,Timothy,Mead,,,no,no,no,no,no,False
101073337,METROPOLITAN NASHVILLE POLICE DEPT,20160020784,Davidson,Nashville,1/7/2016 9:10:00 AM,2,0,0,36.157750,-86.784730,US HWY 70,,,,184.00,Feet,West,10TH AVE N,,,,0.00,N,Not at Intersection,N,Non-Junction,None,,,         ,Shawn,Taylor,Cloudy,Front to Rear,no,no,no,no,no,False
101073339,METROPOLITAN NASHVILLE POLICE DEPT,2016-0017013,Davidson,Nashville,1/6/2016 11:20:00 AM,1,1,0,36.224420,-86.749460,BEN ALLEN RD,,,,1175.00,Feet,North,ELLINGTON PKWYS,,,,0.00,N,Not at Intersection,N,Non-Junction,None,,,         ,Coleman,Womack,Clear,Not Collision with Motor Vehicle in Transport,no,no,no,no,yes,False
101073341,METROPOLITAN NASHVILLE POLICE DEPT,20160020719,Davidson,Nashville,1/7/2016 8:45:00 AM,2,0,0,36.046580,-86.713410,NOLENSVILLE PKE,,,,445.00,Feet,North,OLD HICKORY BLVD,,,,0.00,N,Not at Intersection, ,Non-Junction,None,,,         ,Andrew,Mullen,Clear,Front to Rear,no,no,no,no,no,False
101073344,METROPOLITAN NASHVILLE POLICE DEPT,20160020580,Davidson,Nashville,1/7/2016 7:50:00 AM,2,1,0,36.215300,-86.763940,DICKERSON PKE,,,,0.00,,,LEMUEL RD,,,,0.00,Y,OTHER,N,Non-Junction,None,,,         ,Martin,Gonzalez,Clear,Angle,no,no,no,no,no,False
101073345,METROPOLITAN NASHVILLE POLICE DEPT,20160020747,Davidson,Nashville,1/7/2016 12:00:00 AM,2,0,0,36.197200,-86.756840,ROSEDALE AV,,,,71.00,Feet,South,BLUE RIDGE DR,,,,0.00,N,Not at Intersection,N,Non-Junction,None,,,         ,Jared,Eaves,Unknown,"Sideswipe, Opposite Direction",no,no,no,no,yes,False
101073353,METROPOLITAN NASHVILLE POLICE DEPT,2016-0016563,Davidson,Nashville,1/6/2016 8:55:00 AM,2,0,0,36.160820,-86.793540,CHARLOTTE AV,,,,48.00,Feet,East,14TH AVN,,,,0.00,N,Not at Intersection,Y,Non-Junction,None,,,         ,William,McDaniel,Clear,"Sideswipe, Same Direction",no,no,no,no,no,False
101073359,METROPOLITAN NASHVILLE POLICE DEPT,2016-0020993,Davidson,Nashville,1/7/2016 10:22:00 AM,2,0,0,36.130130,-86.900790,US HWY 70,,,,25.00,Feet,West,CABOT DR,,,,0.00,N,Not at Intersection, ,Non-Junction,None,,,         ,Curtis,Rich,Clear,Front to Rear,no,no,no,no,yes,False
101073365,METROPOLITAN NASHVILLE POLICE DEPT,20160020888,Davidson,Nashville,1/7/2016 9:52:00 AM,2,0,0,36.156300,-86.807200,22ND AVE N,,,,0.00,,,US HWY 70,,,,0.00,Y,Four-Way, ,,None,,,         ,Rodney,Clark,,,no,no,no,no,no,False
101073370,METROPOLITAN NASHVILLE POLICE DEPT,20160021089,Davidson,Nashville,1/7/2016 10:45:00 AM,2,0,0,36.160490,-86.789280,11TH AVE N,,,,152.00,Feet,South,HYNES ST,,,,0.00,N,Not at Intersection,N,Non-Junction,None,,,         ,Daniel,Russett,Clear,"Sideswipe, Opposite Direction",no,no,no,no,yes,False
101073375,METROPOLITAN NASHVILLE POLICE DEPT,2016-0017461,Davidson,Nashville,1/6/2016 1:30:00 PM,2,0,0,36.174170,-86.751980,S 10TH ST,,,,0.00,,,FATHERLAND ST,,,,0.00,Y,Four-Way,N,Intersection,None,,,         ,Eric,Knight,Cloudy,Angle,no,no,no,no,no,False
101073376,METROPOLITAN NASHVILLE POLICE DEPT,20160020691,Davidson,Nashville,1/7/2016 12:00:00 AM,3,0,0,36.142020,-86.712490,I 40,,,,0.00,,,,,,,214.05,N,Not at Intersection,N,Non-Junction,None,,,         ,Michael,Dance,Clear,Front to Rear,no,no,no,no,no,False
101073381,METROPOLITAN NASHVILLE POLICE DEPT,20160014280,Davidson,Nashville,1/5/2016 6:54:00 PM,2,1,0,36.243890,-86.756580,DOVERSIDE DR,,,,0.00,,,DICKERSON PKE,,,,0.00,Y,Four-Way,N,Intersection,None,,,         ,Carlos,Urrutia,Clear,Angle,no,no,no,no,yes,False
101073386,BELLE MEADE POLICE DEPT,16-0004,Davidson,Belle Meade,1/6/2016 4:35:00 PM,2,0,0,36.110090,-86.864870,HARDING PKE,,,,1283.00,Feet,South,JACKSON BLVD,,,,0.00,N,Not at Intersection, ,Non-Junction,None,,,         ,Doris,Howell,Clear,Front to Rear,no,no,no,no,no,False
101073389,METROPOLITAN NASHVILLE POLICE DEPT,20160021219,Davidson,Nashville,1/7/2016 10:30:00 AM,2,0,0,36.146210,-86.742060,I 40,,,,0.00,,,,,,,212.15,N,Not at Intersection,N,Non-Junction,None,,,         ,Jessie,Meadows,Clear,"Sideswipe, Same Direction",no,no,no,no,yes,False
101073391,METROPOLITAN NASHVILLE POLICE DEPT,2016-0021175,Davidson,Nashville,1/7/2016 12:00:00 PM,2,1,0,36.152270,-86.857680,WHITE BRIDGE PKE,,,,30.00,Feet,South,I40 E ENT RAMP,,,,0.00,N,Not at Intersection,N,Non-Junction,None,,,         ,George,Spencer,Cloudy,Front to Rear,no,no,no,no,no,False
101073394,METROPOLITAN NASHVILLE POLICE DEPT,20160021005,Davidson,Nashville,1/7/2016 10:30:00 AM,1,0,0,36.185370,-86.636300,LEBANON PKE,,,,63.00,Feet,East,JACKSON DOWNS BLVD,,,,0.00,N,Not at Intersection,N,Non-Junction,None,,,         ,Robert,Magner,Cloudy,Not Collision with Motor Vehicle in Transport,no,no,no,no,no,False
101073397,METROPOLITAN NASHVILLE POLICE DEPT,2016-0021204,Davidson,Nashville,1/7/2016 11:32:00 AM,2,0,0,36.045170,-86.659180,BELL RD,,,,186.00,Feet,East,I24 E EXT RAMP,,,,0.00,N,Not at Intersection,N,Non-Junction,None,,,         ,William,Whitworth,Clear,Front to Rear,no,no,no,no,yes,False
101073405,METROPOLITAN NASHVILLE POLICE DEPT,20160013695,Davidson,Nashville,1/5/2016 4:02:00 PM,2,0,0,36.231640,-86.781510,BRICK CHURCH PKE,,,,0.00,,,EWING DR,,,,0.00,Y,Four-Way, ,Intersection-Related,None,,,         ,Carlos,Urrutia,Clear,"Sideswipe, Same Direction",no,no,no,no,no,False
101073406,METROPOLITAN NASHVILLE POLICE DEPT,20160018147,Davidson,Nashville,1/6/2016 5:15:00 PM,2,0,0,36.273150,-86.735800,I 65,,,,0.00,,,,,,,92.85,N,Not at Intersection, ,Non-Junction,None,,,         ,Carlos,Urrutia,Clear,Front to Rear,no,no,no,no,no,False
101073411,METROPOLITAN NASHVILLE POLICE DEPT,2016-0021266,Davidson,Nashville,1/7/2016 12:05:00 PM,2,0,0,36.137570,-86.800760,WEDGEWOOD AV,,,,0.00,,,21ST AVS,,,,0.00,Y,OTHER, ,OtherLocation,None,,,         ,Jonathan,Seidl,Cloudy,"Sideswipe, Opposite Direction",no,no,no,yes,no,Campus
101073415,METROPOLITAN NASHVILLE POLICE DEPT,16-0020579,Davidson,Nashville,1/7/2016 1:10:00 PM,2,0,0,36.206620,-86.777440,US HWY 431,,,,136.00,Feet,East,-- UNKNOWN RAMP/ROAD --,,,,0.00,N,Not at Intersection, ,Non-Junction,None,,,         ,Julie,Nabors,Cloudy,Front to Rear,no,no,no,no,no,False
101073421,METROPOLITAN NASHVILLE POLICE DEPT,20160017876,Davidson,Nashville,1/6/2016 4:05:00 PM,2,0,0,36.130420,-86.899440,CHARLOTTE PKE,,,,0.00,Feet,East,I40 W ENT RAMP,,,,0.00,N,Not at Intersection,N,Non-Junction,None,,,         ,Jeremy,Huffine,Clear,Angle,no,no,no,no,no,False
101073422,METROPOLITAN NASHVILLE POLICE DEPT,20160021035,Davidson,Nashville,1/7/2016 10:45:00 AM,2,0,0,36.151960,-86.847950,US HWY 70,,,,180.00,Feet,East,51ST AVE N,,,,0.00,N,Not at Intersection,N,Non-Junction,None,,,         ,Michael,Hunnicutt,Clear,Front to Rear,no,no,no,no,yes,False
101073425,METROPOLITAN NASHVILLE POLICE DEPT,20160021392,Davidson,Nashville,1/7/2016 1:00:00 PM,1,0,0,36.114990,-86.752960,WINFORD AVE,,,,330.00,Feet,North,CRUZEN ST,,,,0.00,N,Not at Intersection,N,Non-Junction,None,,,         ,Johnny,Crumby Jr.,Clear,Not Collision with Motor Vehicle in Transport,no,no,no,no,no,False
101073433,METROPOLITAN NASHVILLE POLICE DEPT,20160021323,Davidson,Nashville,1/7/2016 12:10:00 PM,2,0,0,36.191020,-86.798950,VANTAGE WAY CT,,,,0.00,,,VANTAGE WAY,,,,0.00,Y,Four-Way,N,Non-Junction,None,,,         ,James,Wray,Clear,Other,no,no,no,no,no,False
101073435,METROPOLITAN NASHVILLE POLICE DEPT,2016-0020622,Davidson,Nashville,1/7/2016 7:50:00 AM,2,1,0,36.149250,-86.774760,I 40,,,,0.00,,,,,,,210.15,N,Not at Intersection,Y,Entrance/Exit Ramp Related,None,,,         ,William,Vincion,Clear,Front to Rear,no,no,no,no,yes,False
101073445,METROPOLITAN NASHVILLE POLICE DEPT,20160020567,Davidson,Nashville,1/7/2016 7:30:00 AM,2,0,0,36.140570,-86.723170,I 40,,,,0.00,,,,,,,213.50,N,Not at Intersection, ,,None,,,         ,Jason,Smith,,,no,no,no,no,no,False
101073489,METROPOLITAN NASHVILLE POLICE DEPT,20160021729,Davidson,Nashville,1/7/2016 2:58:00 PM,2,0,0,36.088070,-86.645740,NASHBORO BLVD,,,,969.00,Feet,East,NASHBORO BLVD,,,,0.00,N,Not at Intersection, ,Non-Junction,None,,,         ,Jaby,Djabbarov,Clear,Front to Rear,no,no,no,no,no,False
101073499,METROPOLITAN NASHVILLE POLICE DEPT,20160021944,Davidson,Nashville,1/7/2016 4:06:00 PM,2,0,0,36.152260,-86.768920,2ND AVE S,,,,0.00,,,LINDSLEY AVE,,,,0.00,Y,Four-Way, ,Intersection-Related,None,,,         ,Derek,Betty,Clear,"Sideswipe, Same Direction",no,no,no,no,no,False
101073503,METROPOLITAN NASHVILLE POLICE DEPT,20160018311,Davidson,Not in City Limit,1/6/2016 5:43:00 PM,1,0,0,36.288830,-86.742240,DICKERSON PKES,,,,514.00,Feet,East,OLD DICKERSON PKE,,,,0.00,N,Not at Intersection, ,Non-Junction,None,,,         ,Carlos,Urrutia,Clear,Not Collision with Motor Vehicle in Transport,no,no,no,no,no,False
101073504,METROPOLITAN NASHVILLE POLICE DEPT,20160018475,Davidson,Nashville,1/6/2016 6:41:00 PM,2,0,0,36.134020,-86.722560,MURFREESBORO PKE,,,,0.00,,,PLUS PARK BLVD,,,,0.00,Y,T-Intersection, ,Intersection,None,,,         ,William,Durham,Clear,Front to Rear,no,no,no,no,no,False
101073505,METROPOLITAN NASHVILLE POLICE DEPT,20160018776,Davidson,Nashville,1/6/2016 8:27:00 PM,1,0,0,36.077190,-86.694470,I 24,,,,0.00,,,,,,,56.40,N,Not at Intersection, ,Non-Junction,None,,,         ,William,Durham,Clear,Not Collision with Motor Vehicle in Transport,no,no,no,no,no,False
101073509,METROPOLITAN NASHVILLE POLICE DEPT,20160021880,Davidson,Nashville,1/7/2016 3:46:00 PM,2,1,0,36.040280,-86.768370,OLD HICKORY BLVD,,,,0.00,,,SEVEN SPRINGS WAY,,,,0.00,Y,Four-Way,N,Intersection-Related,None,,,         ,Tien,Nguyen,Clear,Angle,no,no,no,no,no,False
101073519,METROPOLITAN NASHVILLE POLICE DEPT,20160021720,Davidson,Nashville,1/7/2016 2:36:00 PM,2,0,0,36.039940,-86.781290,STATE HWY 254,,,,0.00,,,I 65,,,,0.00,Y,Y-Intersection, ,Intersection,None,,,         ,Clyde,Stambaugh,Clear,Front to Rear,no,no,no,no,no,False
101073522,METROPOLITAN NASHVILLE POLICE DEPT,20160018802,Davidson,Nashville,1/6/2016 8:39:00 PM,2,0,0,36.045490,-86.712270,STATE HWY 254,,,,117.00,Feet,East,RAMP,,,,0.00,N,Not at Intersection,N,"Driveway, Alley Access, etc",None,,,         ,Joseph,Progar,Clear,Angle,no,no,no,no,yes,False
101073527,METROPOLITAN NASHVILLE POLICE DEPT,20160021860,Davidson,Nashville,1/7/2016 3:43:00 PM,2,0,0,36.095780,-86.762810,I 65,,,,0.00,,,,,,,78.75,N,Not at Intersection, ,Non-Junction,None,,,         ,Clyde,Stambaugh,Clear,"Sideswipe, Same Direction",no,no,no,no,no,False
101073530,METROPOLITAN NASHVILLE POLICE DEPT,20160022082,Davidson,Nashville,1/7/2016 4:46:00 PM,2,0,0,36.086870,-86.730230,NOLENSVILLE PKE,,,,0.00,,,ELYSIAN FIELDS CT,,,,0.00,Y,Four-Way, ,Intersection-Related,None,,,         ,Tien,Nguyen,Clear,Angle,no,no,no,no,no,False
101073536,METROPOLITAN NASHVILLE POLICE DEPT,20160022119,Davidson,Nashville,1/7/2016 4:56:00 PM,2,1,0,36.141150,-86.814640,31ST AVS,,,,60.00,Feet,West,VANDERBILT PL,,,,0.00,N,Not at Intersection,N,Non-Junction,None,,,         ,Charles,Griffin,Clear,Angle,no,no,no,no,no,Campus
101073540,METROPOLITAN NASHVILLE POLICE DEPT,20160022007,Davidson,Nashville,1/7/2016 4:21:00 PM,2,0,0,36.147440,-86.808490,25TH AVN,,,,0.00,,,ELLISTON PL,,,,0.00,Y,Four-Way,N,Intersection-Related,None,,,         ,Nicholas,Smith,Clear,Front to Rear,no,no,no,no,yes,Campus
101073542,METROPOLITAN NASHVILLE POLICE DEPT,20160022152,Davidson,Nashville,1/7/2016 4:55:00 PM,2,0,0,36.146440,-86.776940,I40 E ENT RAMP,,,,0.00,,,I 65,,,,0.00,Y,OTHER, ,Non-Junction,None,,,         ,Conner,Harris,Cloudy,Front to Rear,no,no,no,no,no,False
101073544,BERRY HILL POLICE DEPT,16-0070,Davidson,Berry Hill,1/6/2016 6:00:00 PM,2,0,0,36.112690,-86.766940,BRANSFORD AV,,,,0.00,,,HEATHER PL,,,,0.00,Y,T-Intersection, ,Intersection-Related,None,,,         ,John,Gleixner,Clear,Angle,no,no,no,no,no,False
101073551,METROPOLITAN NASHVILLE POLICE DEPT,20160022142,Davidson,Nashville,1/7/2016 5:02:00 PM,2,0,0,36.255740,-86.708710,NEELYS BEND RD,,,,100.00,Feet,East,OAKDELL AV,,,,0.00,N,Not at Intersection, ,Non-Junction,None,,,         ,Samuel,Miller,Cloudy,"Sideswipe, Same Direction",no,no,no,no,no,False
101073556,METROPOLITAN NASHVILLE POLICE DEPT,20160022189,Davidson,Nashville,1/7/2016 5:16:00 PM,2,0,0,36.086600,-86.695990,S PERIMETER PARK DR,,,,95.00,Feet,South,HARDING PL,,,,0.00,N,Not at Intersection, ,Non-Junction,None,,,         ,William,Durham,Cloudy,Front to Rear,no,no,no,no,no,False
101073557,METROPOLITAN NASHVILLE POLICE DEPT,20160021922,Davidson,Nashville,1/7/2016 3:20:00 PM,3,0,0,36.245260,-86.779210,CHESAPEAKE PL,,,,269.00,Feet,South,CHESAPEAKE DR,,,,0.00,N,Not at Intersection,N,Non-Junction,None,,,         ,Corteze,Armstrong,Clear,Angle,no,no,no,no,yes,False
101073565,METROPOLITAN NASHVILLE POLICE DEPT,20160021935,Davidson,Nashville,1/7/2016 4:01:00 PM,2,0,0,36.089360,-86.693750,ANTIOCH PKE,,,,0.00,,,CANDY LN,,,,0.00,Y,T-Intersection, ,Intersection,None,,,         ,William,Durham,Cloudy,Angle,no,no,no,no,no,False
101073575,METROPOLITAN NASHVILLE POLICE DEPT,20160021886,Davidson,Nashville,1/7/2016 4:22:00 PM,2,0,0,36.113280,-86.746460,NOLENSVILLE PKE,,,,225.00,Feet,North,MCCLAIN AV,,,,0.00,N,Not at Intersection, ,Non-Junction,None,,,         ,Jessie,Meadows,Clear,"Sideswipe, Opposite Direction",no,no,no,no,no,False
101073576,METROPOLITAN NASHVILLE POLICE DEPT,20160022138,Davidson,Nashville,1/7/2016 5:33:00 PM,2,0,0,36.135070,-86.726900,I24E,,,,553.00,Feet,South,I24 W ENT RAMP,,,,0.00,N,Not at Intersection, ,Non-Junction,None,,,         ,Jessie,Meadows,Clear,Front to Rear,no,no,no,no,no,False
101073577,METROPOLITAN NASHVILLE POLICE DEPT,20160022344,Davidson,Nashville,1/7/2016 6:00:00 PM,2,0,0,36.146360,-86.762150,TRIMBLE ST,,,,188.00,Feet,West,CLAIBORNE ST,,,,0.00,N,Not at Intersection,N,Non-Junction,None,,,         ,Jessie,Meadows,Clear,Angle,no,no,no,no,yes,False
101073580,METROPOLITAN NASHVILLE POLICE DEPT,20160022076,Davidson,Nashville,1/7/2016 4:41:00 PM,2,0,0,36.107630,-86.768990,I 65,,,,0.00,,,,,,,79.55,N,Not at Intersection, ,Non-Junction,None,,,         ,Clyde,Stambaugh,Rain,"Sideswipe, Same Direction",no,no,no,no,no,False
101073582,METROPOLITAN NASHVILLE POLICE DEPT,20160022112,Davidson,Nashville,1/7/2016 4:38:00 PM,2,1,0,36.170870,-86.600950,RAMP,,,,0.00,Feet,East,I 40,,,,0.00,N,Not at Intersection,N,Entrance/Exit Ramp Related,None,,,         ,Codey,Mullins,Cloudy,Front to Rear,no,no,no,no,no,False
101073589,METROPOLITAN NASHVILLE POLICE DEPT,20160022303,Davidson,Nashville,1/7/2016 5:54:00 PM,2,0,0,36.083320,-86.761570,SIDCO DR,,,,0.00,,,CSX DR,,,,0.00,Y,T-Intersection, ,Non-Junction,None,,,         ,Clyde,Stambaugh,Clear,Front to Rear,no,no,no,no,no,False
101073592,METROPOLITAN NASHVILLE POLICE DEPT,20160022171,Davidson,Nashville,1/7/2016 5:00:00 PM,2,0,0,36.166690,-86.776720,GAY ST,,,,133.00,Feet,East,1ST AVE N,,,,0.00,N,Not at Intersection, ,Non-Junction,None,,,         ,Michael,Baron,Clear,Angle,no,no,no,no,no,False
101073607,METROPOLITAN NASHVILLE POLICE DEPT,20160022351,Davidson,Nashville,1/7/2016 4:56:00 PM,2,0,0,36.142590,-86.815500,WEST END AV,,,,0.00,,,31ST AVN,,,,0.00,Y,Four-Way, ,Intersection,None,,,         ,Charles,Griffin,Clear,"Sideswipe, Same Direction",no,no,no,no,no,Campus
101073612,METROPOLITAN NASHVILLE POLICE DEPT,20160019110,Davidson,Whites Creek,1/6/2016 10:14:00 PM,2,0,0,36.277410,-86.793740,OLD HICKORY BLVD,,,,738.00,Feet,East,HICKORY HILLS CT,,,,0.00,N,Not at Intersection,N,Non-Junction,None,,,         ,Carlos,Urrutia,Clear,"Sideswipe, Same Direction",no,no,no,no,no,False
101073613,METROPOLITAN NASHVILLE POLICE DEPT,20160021885,Davidson,Nashville,1/7/2016 3:49:00 PM,2,0,0,36.249190,-86.734460,DUE WEST AVW,,,,0.00,,,S GRAYCROFT AV,,,,0.00,Y,Four-Way, ,Intersection-Related,None,,,         ,Carlos,Urrutia,Cloudy,Front to Rear,no,no,no,no,no,False
101073614,METROPOLITAN NASHVILLE POLICE DEPT,20160022192,Davidson,Nashville,1/7/2016 5:00:00 PM,2,0,0,36.228660,-86.772640,I 65,,,,0.00,,,,,,,88.90,N,Not at Intersection, ,Non-Junction,None,,,         ,Carlos,Urrutia,Cloudy,"Sideswipe, Same Direction",no,no,no,no,no,False
101073636,METROPOLITAN NASHVILLE POLICE DEPT,20160022846,Davidson,Old Hickory,1/7/2016 7:06:00 PM,2,0,0,36.246540,-86.640050,STATE HWY 45,,,,100.00,Feet,East,26TH ST,,,,0.00,N,Not at Intersection,N,Non-Junction,None,,,         ,Tyler,Conrads,Clear,"Sideswipe, Same Direction",no,no,no,no,yes,False
101073637,METROPOLITAN NASHVILLE POLICE DEPT,20160022822,Davidson,Nashville,1/7/2016 7:23:00 PM,2,1,0,36.081100,-86.758370,STATE HWY 255,,,,0.00,,,TROUSDALE DR,,,,0.00,Y,Four-Way,N,Intersection,None,,,         ,Clyde,Stambaugh,Clear,Front to Rear,no,no,no,no,yes,False
101073686,VANDERBILT UNIVERSITY POLICE,16-0022536,Davidson,Nashville,1/7/2016 6:35:00 PM,2,0,0,36.138940,-86.803590,CHILDRENS WAY,,,,171.00,Feet,West,23RD AVS,,,,0.00,N,Not at Intersection, ,Non-Junction,None,,,         ,Joseph,Musick,Clear,Angle,no,no,no,yes,no,Campus
101073691,METROPOLITAN NASHVILLE POLICE DEPT,20160022506,Davidson,Not in City Limit,1/7/2016 5:55:00 PM,2,0,0,36.073830,-86.930260,HIGHWAY 70S,,,,265.00,Feet,East,BELLEVUE COMMONS PVTDR,,,,0.00,N,Not at Intersection, ,Non-Junction,None,,,         ,Jeremy,Huffine,Clear,Front to Rear,no,no,no,no,no,False
101073692,METROPOLITAN NASHVILLE POLICE DEPT,2016-0023031,Davidson,Nashville,1/7/2016 5:49:00 PM,2,1,0,36.200170,-86.618790,LEBANON PKE,,,,0.00,,,LEBANON PKE,,,,0.00,,Y-Intersection,Y,Non-Junction,None,,,         ,Brian,Smith,Clear,HeadOn,no,no,no,no,no,False
101073705,METROPOLITAN NASHVILLE POLICE DEPT,20160022778,Davidson,Not in City Limit,1/7/2016 7:04:00 PM,1,1,0,36.134700,-86.930240,RIVER RD,,,,0.00,Feet,,RIVER ROAD PKE,,,,0.00,Y,T-Intersection,N,Intersection,None,,,         ,Brandon,Pedigo,Clear,Not Collision with Motor Vehicle in Transport,no,no,no,no,no,False
101073706,METROPOLITAN NASHVILLE POLICE DEPT,20160022227,Davidson,Nashville,1/7/2016 5:22:00 PM,2,0,0,36.178690,-86.800680,I 65,,,,0.00,,,,,,,84.90,N,Not at Intersection, ,Non-Junction,None,,,         ,Michael,Brooks,,"Sideswipe, Same Direction",no,no,no,no,no,False
101073710,METROPOLITAN NASHVILLE POLICE DEPT,2016-0021798,Davidson,Nashville,1/7/2016 3:09:00 PM,2,0,0,36.105630,-86.814030,HILLSBORO PKE,,,,93.00,Feet,South,ABBOTT MARTIN RD,,,,0.00,N,Not at Intersection,N,Non-Junction,None,,,         ,Ryan,Allen,Clear,Angle,no,no,no,no,no,False
101073711,METROPOLITAN NASHVILLE POLICE DEPT,20160022334,Davidson,Nashville,1/7/2016 6:00:00 PM,3,1,0,36.151780,-86.857720,WHITE BRIDGE PKE,,,,51.00,Feet,South,I40 E EXT RAMP,,,,0.00,N,Not at Intersection,N,Non-Junction,None,,,         ,Ryan,Allen,Clear,Front to Rear,no,no,no,no,no,False
101073723,METROPOLITAN NASHVILLE POLICE DEPT,20160023229,Davidson,Antioch,1/7/2016 10:38:00 PM,2,0,0,36.049840,-86.562440,HOBSON,PIKE,,,0.00,,,HAMILTON CHURCH,RD,,,0.00,Y,Four-Way, ,Non-Junction,None,,,         ,Blaze,Williams,Clear,Front to Rear,no,no,no,no,no,False
101073726,METROPOLITAN NASHVILLE POLICE DEPT,2016-0022475,Davidson,Nashville,1/7/2016 6:49:00 PM,1,0,0,36.022040,-86.729860,MT PISGAH,RD,,,350.00,Feet,North,BRYCE,RD,,,0.00,N,Not at Intersection,N,Non-Junction,None,,,         ,William,King,Clear,Not Collision with Motor Vehicle in Transport,no,no,no,no,no,False
101073727,METROPOLITAN NASHVILLE POLICE DEPT,20160023228,Davidson,Nashville,1/7/2016 10:55:00 PM,2,0,0,36.196780,-86.742180,GALLATIN AV,,,,50.00,Feet,North,CAHAL AV,,,,0.00,N,Not at Intersection, ,Non-Junction,None,,,         ,Christopher,Dameron,Clear,HeadOn,no,no,no,no,no,False
101073728,METROPOLITAN NASHVILLE POLICE DEPT,20160022991,Davidson,Nashville,1/7/2016 9:06:00 PM,2,1,0,0.000000,0.000000,OLD HICKORY BLVD,,,,0.00,Feet,,HWY 70 S,,,,0.00,Y,Four-Way,N,Intersection,None,,,         ,Jeremy,Huffine,Clear,Angle,no,no,no,no,no,False
101073741,METROPOLITAN NASHVILLE POLICE DEPT,20160023365,Davidson,Nashville,1/7/2016 11:44:00 PM,1,0,0,36.199880,-86.838950,US HWY 41 ALT,,,,496.00,Feet,South,LAWRENCE AVE,,,,0.00,N,Not at Intersection, ,Non-Junction,None,,,         ,Edin,Plancic,Clear,Not Collision with Motor Vehicle in Transport,no,no,no,no,no,False
101073753,METROPOLITAN NASHVILLE POLICE DEPT,20160023406,Davidson,Nashville,1/8/2016 12:01:00 AM,1,0,0,36.167220,-86.759690,S 6TH ST,,,,0.00,,,SYLVAN ST,,,,0.00,Y,T-Intersection,Y,Intersection,None,,,         ,James,Tucker,Cloudy,Not Collision with Motor Vehicle in Transport,no,no,no,no,yes,False
101073759,METROPOLITAN NASHVILLE POLICE DEPT,0023217,Davidson,Nashville,1/7/2016 10:40:00 PM,2,0,0,36.178630,-86.614980,5544 OLD HICKORY BLVD,BLVD,,,0.00,,,,,,,0.00,,Not at Intersection, ,,None,,,         ,Cecilia,Gomez,,,no,no,no,yes,no,False
101073788,METROPOLITAN NASHVILLE POLICE DEPT,20160021561,Davidson,Nashville,1/7/2016 1:47:00 PM,2,0,0,36.216940,-86.693500,BRILEY PKWYS,,,,0.00,,,MCGAVOCK PKE,,,,0.00,Y,Y-Intersection, ,,None,,,         ,James,Curtis,,,no,no,no,no,no,False