master_record_number,agency,agency_tracking_number,county,city,collision_date,vehicles_involved,number_injured,number_dead,latitude,longitude,roadway_name,roadway_suffix,roadway_number,roadway_local_id,distance_from_reference,miles-feet_indicator,direction_from_reference,intersection_road_name,intersection_road_name_suffix,intersection_road_number,intersection_local_id,mile_marker,intersection_indicator,intersect_type,interchange_related_indicator,relation_to_junction,work_zone_type,construction_maintenance_zone,construction_maintenance_zone_location,fatal_case_number,officer_first_name,officer_last_name,weather_condition(s),manner_of_crash,pedestrian,bicycle,scooter,parking,hitrun,mou
101076135,METROPOLITAN NASHVILLE POLICE DEPT,20160036342,Davidson,Nashville,1/12/2016 7:51:00 AM,2,0,0,36.209480,-86.872480,-- UNKNOWN RAMP/ROAD --,,,,0.00,Feet,East,STATE HWY 155,,,,0.00,N,Not at Intersection, ,Entrance/Exit Ramp Related,None,,,         ,Michael,Parman,Clear,Angle,no,no,no,no,no,False
101076149,METROPOLITAN NASHVILLE POLICE DEPT,20160037240,Davidson,Nashville,1/12/2016 1:31:00 PM,2,0,0,36.136000,-86.791940,WEDGEWOOD AV,,,,0.00,,,15TH AVS,,,,0.00,Y,Four-Way,N,Intersection,None,,,         ,Nathan,Kemp,Clear,Angle,no,no,no,no,no,False
101076150,METROPOLITAN NASHVILLE POLICE DEPT,2015-1067556,Davidson,Nashville,1/12/2016 9:32:00 AM,2,0,0,36.175270,-86.792660,ROSA L PARKS BLVD,,,,1.00,Feet,North,MONROE ST,,,,0.00,N,Not at Intersection, ,,None,,,         ,Darryl,Morton,,,no,no,no,no,no,False
101076157,METROPOLITAN NASHVILLE POLICE DEPT,2016-0020571,Davidson,Nashville,1/7/2016 7:44:00 AM,2,0,0,36.153870,-86.621960,BELL RD,,,,198.00,Feet,East,BELL RD PVTDR,,,,0.00,N,Not at Intersection,N,Non-Junction,None,,,         ,Jeb,Johnston,Clear,Front to Rear,no,no,no,no,yes,False
101076158,VANDERBILT UNIVERSITY POLICE,16-0030720,Davidson,Nashville,1/10/2016 12:51:00 PM,3,0,0,36.146570,-86.806160,KENSINGTON PL,,,,156.00,Feet,West,24TH AVS,,,,0.00,N,Not at Intersection,N,Non-Junction,None,,,         ,Linda,Jennings,Clear,"Sideswipe, Same Direction",no,no,no,no,no,Campus
101076179,METROPOLITAN NASHVILLE POLICE DEPT,20160037041,Davidson,Nashville,1/12/2016 1:01:00 PM,2,0,0,36.081100,-86.758360,HARDING PL,,,,0.00,,,TROUSDALE DR,,,,0.00,Y,Four-Way, ,,None,,,         ,Michael,Richardson,,,no,no,no,no,no,False
101076180,METROPOLITAN NASHVILLE POLICE DEPT,20160037154,Davidson,Nashville,1/12/2016 1:06:00 PM,2,0,0,36.191770,-86.782950,I 65,,,,0.00,,,,,,,86.15,N,Not at Intersection,N,Non-Junction,None,,,         ,Michael,Parman,Clear,"Sideswipe, Same Direction",no,no,no,no,no,False
101076185,METROPOLITAN NASHVILLE POLICE DEPT,20160037059,Davidson,Nashville,1/12/2016 12:56:00 PM,2,0,0,36.077080,-86.718710,HOPEDALE DR,,,,725.00,Feet,North,FLORA MAXWELL RD,,,,0.00,N,Not at Intersection,N,Non-Junction,None,,,         ,Jessie,Meadows,Clear,Angle,no,no,no,no,no,False
101076186,METROPOLITAN NASHVILLE POLICE DEPT,20160037147,Davidson,Nashville,1/12/2016 1:20:00 PM,2,1,0,36.109180,-86.723110,I24 E EXT RAMP,,,,0.00,Feet,East,BRILEY PKWYN,,,,0.00,N,Not at Intersection,N,Non-Junction,None,,,         ,Jessie,Meadows,Clear,Angle,no,no,no,no,no,False
101076202,METROPOLITAN NASHVILLE POLICE DEPT,2016-0037314,Davidson,Nashville,1/12/2016 1:50:00 PM,2,1,0,36.150460,-86.856580,US HWY 70,,,,219.00,Feet,East,ORLANDO AVE,,,,0.00,N,Not at Intersection,N,Non-Junction,None,,,         ,Walter,Gray II,Clear,Not Collision with Motor Vehicle in Transport,no,no,no,no,yes,False
101076211,METROPOLITAN NASHVILLE POLICE DEPT,20160037331,Davidson,Nashville,1/12/2016 1:56:00 PM,2,0,0,36.187340,-86.630570,LEBANON PKE,,,,491.00,Feet,West,HICKORY HILL LN,,,,0.00,N,Not at Intersection, ,Non-Junction,None,,,         ,Wesley,Young,Clear,Angle,no,no,no,no,no,False
101076221,METROPOLITAN NASHVILLE POLICE DEPT,20160037463,Davidson,Nashville,1/12/2016 2:46:00 PM,2,0,0,36.115710,-86.781160,I65 ENT RAMP,,,,0.00,,,I 440,,,,0.00,Y,OTHER,N,Entrance/Exit Ramp Related,None,,,         ,Tien,Nguyen,Clear,Front to Rear,no,no,no,no,no,False
101076222,METROPOLITAN NASHVILLE POLICE DEPT,20160037492,Davidson,Nashville,1/12/2016 1:45:00 PM,2,0,0,36.152780,-86.794530,BROADWAY,,,,229.00,Feet,South,17TH AVS,,,,0.00,N,Not at Intersection, ,"Driveway, Alley Access, etc",None,,,         ,Charles,Griffin,Clear,Angle,no,no,no,no,no,False
101076233,METROPOLITAN NASHVILLE POLICE DEPT,20160037620,Davidson,Nashville,1/12/2016 3:20:00 PM,3,0,0,36.120740,-86.795100,CEDAR LN,,,,0.00,,,BELMONT BLVD,,,,0.00,Y,Four-Way,N,Intersection-Related,None,,,         ,Tien,Nguyen,Clear,Front to Rear,no,no,no,no,no,False
101076234,METROPOLITAN NASHVILLE POLICE DEPT,20160037575,Davidson,Nashville,1/12/2016 1:10:00 PM,1,0,0,36.154550,-86.799120,19TH AVN,,,,92.00,Feet,North,CHURCH ST,,,,0.00,N,Not at Intersection, ,Non-Junction,None,,,         ,Eric,Burford,Clear,Not Collision with Motor Vehicle in Transport,no,no,no,no,no,False
101076238,METROPOLITAN NASHVILLE POLICE DEPT,20160037472,Davidson,Nashville,1/12/2016 2:47:00 PM,2,0,0,36.176560,-86.770830,US HWY 31W,,,,0.00,,,SPRING ST,,,,0.00,Y,Four-Way,N,Intersection,None,,,         ,Christopher,Valdez,Clear,Front to Rear,no,no,no,no,no,False
101076240,METROPOLITAN NASHVILLE POLICE DEPT,20160037506,Davidson,Nashville,1/12/2016 3:15:00 PM,2,1,0,36.087700,-86.691550,HARDING PL,,,,220.00,Feet,East,ANTIOCH PKE,,,,0.00,N,Not at Intersection,N,Non-Junction,None,,,         ,Jessie,Meadows,Clear,Front to Rear,no,no,no,no,no,False
101076243,METROPOLITAN NASHVILLE POLICE DEPT,20160028692,Davidson,Nashville,1/9/2016 7:00:00 PM,2,0,0,36.183550,-86.610720,STATE HWY 45,,,,0.00,,,ANDREW JACKSON PKWY,,,,0.00,Y,Four-Way,N,Intersection,None,,,         ,Dontaveous,Eubanks,Rain,HeadOn,no,no,no,no,no,False
101076246,METROPOLITAN NASHVILLE POLICE DEPT,20160037686,Davidson,Nashville,1/12/2016 3:52:00 PM,2,0,0,36.119870,-86.808550,HILLSBORO PKE,,,,121.00,Feet,North,STOKES LN,,,,0.00,N,Not at Intersection,N,Non-Junction,None,,,         ,Tien,Nguyen,Clear,Front to Rear,no,no,no,no,yes,False
101076255,METROPOLITAN NASHVILLE POLICE DEPT,20160037774,Davidson,Nashville,1/12/2016 4:20:00 PM,2,0,0,36.152350,-86.769010,2ND AVS,,,,0.00,,,LINDSLEY AV,,,,0.00,Y,T-Intersection,N,Intersection,None,,,         ,Jonathan,Weeks,Clear,Angle,no,no,no,no,no,False
101076262,METROPOLITAN NASHVILLE POLICE DEPT,20160037847,Davidson,Nashville,1/12/2016 4:30:00 PM,2,0,0,36.246680,-86.721170,BERKLEY DR,,,,0.00,,,GALLATIN PKES,,,,0.00,Y,T-Intersection,N,Intersection,None,,,         ,Christopher,Littles,Clear,Front to Rear,no,no,no,no,yes,False
101076265,METROPOLITAN NASHVILLE POLICE DEPT,20160037807,Davidson,Nashville,1/12/2016 5:03:00 PM,2,0,0,36.077270,-86.641640,MURFREESBORO PKE,,,,71.00,Feet,West,LAKEVILLA DR,,,,0.00,N,Not at Intersection, ,Non-Junction,None,,,         ,Jessie,Meadows,Clear,Front to Rear,no,no,no,no,no,False
101076271,METROPOLITAN NASHVILLE POLICE DEPT,20160037718,Davidson,Nashville,1/12/2016 4:04:00 PM,2,0,0,36.190760,-86.789190,I 65,,,,0.00,,,,,,,85.80,N,Not at Intersection,N,Non-Junction,None,,,         ,Caleb,Rogan,Clear,Front to Rear,no,no,no,no,no,False
101076272,METROPOLITAN NASHVILLE POLICE DEPT,20160037674,Davidson,Nashville,1/12/2016 3:52:00 PM,2,0,0,36.191740,-86.783360,I 65,,,,0.00,,,,,,,86.15,N,Not at Intersection,N,Non-Junction,None,,,         ,Caleb,Rogan,Clear,Front to Rear,no,no,no,no,yes,False
101076274,METROPOLITAN NASHVILLE POLICE DEPT,20160037899,Davidson,Nashville,1/12/2016 4:35:00 PM,2,0,0,36.037400,-86.786570,FRANKLIN PKE,,,,0.00,Feet,,OLD HICKORY BLVD,,,,0.00,Y,Four-Way, ,Non-Junction,None,,,         ,Tien,Nguyen,Clear,Front to Rear,no,no,no,no,no,False
101076286,METROPOLITAN NASHVILLE POLICE DEPT,2016-0038014,Davidson,Nashville,1/12/2016 5:28:00 PM,1,0,0,36.099850,-86.924190,STATE HWY 251,,,,900.00,Feet,North,RIDGELAKE PKWY,,,,0.00,N,Not at Intersection, ,Non-Junction,None,,,         ,Walter,Gray II,Clear,Not Collision with Motor Vehicle in Transport,no,no,no,no,no,False
101076287,METROPOLITAN NASHVILLE POLICE DEPT,20160038008,Davidson,Nashville,1/12/2016 5:20:00 PM,2,0,0,36.153790,-86.794410,17TH AVS,,,,0.00,,,WEST END AV,,,,0.00,Y,Four-Way, ,Intersection-Related,None,,,         ,Eric,Burford,Clear,Front to Rear,no,no,no,no,no,False
101076288,METROPOLITAN NASHVILLE POLICE DEPT,20160034623,Davidson,Goodlettsville,1/11/2016 6:55:00 PM,2,1,0,36.296350,-86.698740,MYATT DR,,,,155.00,Feet,North,RIVERGATE STATION PVTDR,,,,0.00,N,Not at Intersection,N,Non-Junction,None,,,         ,Samuel,Miller,Clear,Angle,no,no,no,no,no,False
101076289,METROPOLITAN NASHVILLE POLICE DEPT,20160038012,Davidson,Nashville,1/12/2016 5:25:00 PM,2,0,0,36.256190,-86.714390,NEELYS BEND RD,,,,0.00,,,GALLATIN PKES,,,,0.00,Y,T-Intersection,Y,Intersection-Related,None,,,         ,Samuel,Miller,Clear,"Sideswipe, Opposite Direction",no,no,no,no,yes,False
101076291,METROPOLITAN NASHVILLE POLICE DEPT,20160014325,Davidson,Nashville,1/5/2016 6:30:00 PM,2,0,0,36.191380,-86.827460,US HWY 41 ALT,,,,593.00,Feet,East,CLIFF DR,,,,0.00,N,Not at Intersection,N,Non-Junction,None,,,         ,Christopher,Templin,Clear,Front to Rear,no,no,no,no,no,False
101076301,METROPOLITAN NASHVILLE POLICE DEPT,20160038051,Davidson,Nashville,1/12/2016 5:19:00 PM,2,0,0,36.108340,-86.810840,GLEN ECHO RD,,,,397.00,Feet,East,HILLSBORO PKE,,,,0.00,N,Not at Intersection, ,Non-Junction,None,,,         ,Tien,Nguyen,Clear,Front to Rear,no,no,no,no,no,False
101076304,METROPOLITAN NASHVILLE POLICE DEPT,20160038080,Davidson,Nashville,1/12/2016 6:10:00 PM,4,0,0,36.124580,-86.735960,I 440,,,,0.00,,,,,,,7.05,N,Not at Intersection, ,Non-Junction,None,,,         ,Jessie,Meadows,Clear,Front to Rear,no,no,no,no,yes,False
101076306,METROPOLITAN NASHVILLE POLICE DEPT,20160037944,Davidson,Nashville,1/12/2016 5:10:00 PM,2,0,0,36.168140,-86.777400,US HWY 31,,,,0.00,,,GAY ST,,,,0.00,Y,OTHER, ,Non-Junction,None,,,         ,Jacob,Partin,Clear,Front to Rear,no,no,no,no,no,False
101076307,METROPOLITAN NASHVILLE POLICE DEPT,20160038002,Davidson,Nashville,1/12/2016 5:15:00 PM,2,0,0,36.080730,-86.835130,US HWY 431,,,,468.00,Feet,North,HEMINGWAY DR,,,,0.00,N,Not at Intersection, ,Non-Junction,None,,,         ,Mark,Hatt,Clear,Front to Rear,no,no,no,no,no,False
101076308,METROPOLITAN NASHVILLE POLICE DEPT,20160038256,Davidson,Nashville,1/12/2016 5:46:00 PM,2,0,0,36.121470,-86.757790,I 440,,,,0.00,,,,,,,5.90,N,Not at Intersection, ,Non-Junction,None,,,         ,Tien,Nguyen,Clear,Front to Rear,no,no,no,no,no,False
101076309,METROPOLITAN NASHVILLE POLICE DEPT,20160038232,Davidson,Nashville,1/12/2016 6:23:00 PM,2,0,0,36.125310,-86.805610,WOODLAWN DR,,,,0.00,,,21ST AVS,,,,0.00,Y,Four-Way, ,Intersection,None,,,         ,Charles,Griffin,Clear,Front to Rear,no,no,no,no,no,False
101076313,METROPOLITAN NASHVILLE POLICE DEPT,20160037848,Davidson,Not in City Limit,1/12/2016 4:17:00 PM,2,0,0,36.262340,-86.680830,E OLD HICKORY BLVD,,,,52.00,Feet,East,RIO VISTA DR,,,,0.00,N,Not at Intersection,N,Non-Junction,None,,,         ,Jordan,Lowry,Clear,Angle,no,no,no,no,no,False
101076318,METROPOLITAN NASHVILLE POLICE DEPT,20160037579,Davidson,Nashville,1/12/2016 3:24:00 PM,2,0,0,36.070060,-86.693860,EZELL RD,,,,171.00,Feet,North,HAYWOOD LN,,,,0.00,N,Not at Intersection, ,Non-Junction,None,,,         ,William,Durham,Clear,"Sideswipe, Same Direction",no,no,no,no,no,False
101076319,METROPOLITAN NASHVILLE POLICE DEPT,20160037784,Davidson,Nashville,1/12/2016 4:20:00 PM,2,1,0,36.081810,-86.713180,HARDING PL,,,,148.00,Feet,East,WHISPERING OAKS PL,,,,0.00,N,Not at Intersection,N,Non-Junction,None,,,         ,William,Durham,Clear,Front to Rear,no,no,no,no,no,False
101076328,METROPOLITAN NASHVILLE POLICE DEPT,20160038335,Davidson,Nashville,1/12/2016 7:09:00 PM,2,1,0,36.149360,-86.747350,I 40,,,,0.00,,,,,,,211.80,N,Not at Intersection,N,Non-Junction,None,,,         ,Mikala,Moore,Clear,Front to Rear,no,no,no,no,no,False
101076333,METROPOLITAN NASHVILLE POLICE DEPT,20160034062,Davidson,Nashville,1/11/2016 3:30:00 PM,2,0,0,36.128740,-86.841700,HARDING PKE,,,,612.00,Feet,West,BRIXWORTH LN,,,,0.00,N,Not at Intersection,N,Non-Junction,None,,,         ,Torian,Cox,,Front to Rear,no,no,no,no,no,False
101076336,METROPOLITAN NASHVILLE POLICE DEPT,20160033901,Davidson,Nashville,1/11/2016 2:41:00 PM,2,2,0,36.151680,-86.768390,I 40,,,,0.00,,,,,,,210.50,N,Not at Intersection,N,Non-Junction,None,,,         ,Whitney,Arnold,Clear,"Sideswipe, Same Direction",no,no,no,no,yes,False
101076337,METROPOLITAN NASHVILLE POLICE DEPT,20160038060,Davidson,Nashville,1/12/2016 5:37:00 PM,2,0,0,36.158340,-86.822250,I 40,,,,0.00,,,,,,,206.00,N,Not at Intersection,Y,Entrance/Exit Ramp Related,None,,,         ,Michael,Brooks,Clear,"Sideswipe, Same Direction",no,no,no,no,yes,False
101076348,METROPOLITAN NASHVILLE POLICE DEPT,20160038294,Davidson,Nashville,1/12/2016 6:45:00 PM,2,0,0,36.147310,-86.807700,WEST END AV,,,,231.00,Feet,East,25TH AVS,,,,0.00,N,Not at Intersection,N,Non-Junction,None,,,         ,Eric,Burford,Clear,Angle,no,no,no,no,no,Campus
101076352,METROPOLITAN NASHVILLE POLICE DEPT,20160038242,Davidson,Nashville,1/12/2016 6:25:00 PM,2,0,0,36.131250,-86.727310,I 24,,,,0.00,,,,,,,51.10,N,Not at Intersection, ,Non-Junction,None,,,         ,Michael,Russell,Clear,Front to Rear,no,no,no,no,no,False
101076375,METROPOLITAN NASHVILLE POLICE DEPT,20160038225,Davidson,Nashville,1/12/2016 6:27:00 PM,3,0,0,36.215150,-86.599810,US HWY 70,,,,473.00,Feet,North,RAMP,,,,0.00,N,Not at Intersection,N,Non-Junction,None,,,         ,Bryan,Byrnes,Clear,Angle,no,no,no,no,no,False
101076379,METROPOLITAN NASHVILLE POLICE DEPT,20160038517,Davidson,Nashville,1/12/2016 8:05:00 PM,2,0,0,36.037970,-86.797770,OLD HICKORY BLVD,,,,0.00,,,WOODWARD HILLS PL,,,,0.00,Y,Four-Way,N,Intersection-Related,None,,,         ,Tien,Nguyen,Clear,"Sideswipe, Same Direction",no,no,no,no,no,False
101076381,METROPOLITAN NASHVILLE POLICE DEPT,20160038250,Davidson,Nashville,1/12/2016 6:02:00 PM,2,0,0,36.081100,-86.758360,HARDING PL,,,,0.00,,,TROUSDALE DR,,,,0.00,Y,Four-Way, ,Intersection,None,,,         ,Brian,Theriac,Clear,Front to Rear,no,no,no,no,yes,False
101076393,METROPOLITAN NASHVILLE POLICE DEPT,2016-0038741,Davidson,Nashville,1/12/2016 8:28:00 PM,3,0,0,36.134270,-86.774930,WEDGEWOOD AV,,,,50.00,Feet,West,I65 N ENT RAMP,,,,0.00,N,Not at Intersection, ,Non-Junction,None,,,         ,William,King,Clear,Front to Rear,no,no,no,no,no,False
101076395,METROPOLITAN NASHVILLE POLICE DEPT,20160038946,Davidson,Nashville,1/12/2016 10:05:00 PM,1,0,0,36.167150,-86.779610,3RD AVN,,,,0.00,,,JAMES ROBERTSON PKWY,,,,0.00,Y,Four-Way, ,Intersection,None,,,         ,Caleb,Rogan,Clear,Not Collision with Motor Vehicle in Transport,no,no,no,no,no,False
101076396,METROPOLITAN NASHVILLE POLICE DEPT,20160038311,Davidson,Nashville,1/12/2016 5:49:00 PM,2,0,0,36.110610,-86.741250,THOMPSON LN,,,,153.00,Feet,West,SIMMONS AV,,,,0.00,N,Not at Intersection, ,Non-Junction,None,,,         ,William,Durham,Clear,"Sideswipe, Same Direction",no,no,no,no,no,False
101076397,METROPOLITAN NASHVILLE POLICE DEPT,20160038433,Davidson,Nashville,1/12/2016 6:16:00 PM,2,0,0,36.085480,-86.701690,HARDING PL,,,,80.00,Feet,West,I24 E ENT RAMP,,,,0.00,N,Not at Intersection,N,Non-Junction,None,,,         ,William,Durham,Clear,Front to Rear,no,no,no,no,yes,False
101076405,METROPOLITAN NASHVILLE POLICE DEPT,20160038213,Davidson,Nashville,1/12/2016 6:15:00 PM,2,0,0,36.134260,-86.774730,I65 N EXT RAMP,,,,0.00,,,I 65,,,,0.00,Y,Four-Way,N,Intersection,None,,,         ,Conner,Harris,Clear,Angle,no,no,no,no,no,False
101076430,METROPOLITAN NASHVILLE POLICE DEPT,20160024098,Davidson,Nashville,1/8/2016 5:51:00 AM,2,0,0,36.101170,-86.870730,HARDING PKE,,,,324.00,Feet,North,PAGE RD,,,,0.00,N,Not at Intersection, ,Non-Junction,None,,,         ,Ryan,McManman,Clear,Front to Rear,no,no,no,no,no,False
101076439,METROPOLITAN NASHVILLE POLICE DEPT,2016-0039071,Davidson,Nashville,1/12/2016 11:20:00 PM,2,1,0,0.000000,0.000000,BELL RD,,,,0.00,,,BLUE HOLE RD,,,,0.00,Y,Four-Way,N,Intersection,None,,,         ,Eric,Thomas,Clear,Front to Rear,no,no,no,no,no,False
101076462,METROPOLITAN NASHVILLE POLICE DEPT,20160040111,Davidson,Nashville,1/13/2016 5:55:00 AM,2,0,0,36.185610,-86.798220,US HWY 41 ALT,,,,128.00,Feet,North,-- UNKNOWN RAMP/ROAD --,,,,0.00,N,Not at Intersection, ,Entrance/Exit Ramp Related,None,,,         ,Joshua,Green,Clear,Front to Rear,no,no,no,no,no,False
101076464,METROPOLITAN NASHVILLE POLICE DEPT,20160025469,Davidson,Nashville,1/8/2016 2:15:00 PM,5,1,0,36.098140,-86.709630,I 24,,,,0.00,,,,,,,54.70,N,Not at Intersection,N,Non-Junction,None,,,         ,Bryant,Presley,Cloudy,Other,no,no,no,no,no,False
101076471,METROPOLITAN NASHVILLE POLICE DEPT,20160037327,Davidson,Nashville,1/12/2016 1:44:00 PM,2,0,0,36.124990,-86.752200,ROSEDALE AV,,,,0.00,,,NOLENSVILLE PKE,,,,0.00,Y,T-Intersection,N,Intersection,None,,,         ,Justin,Fox,Cloudy,Other,no,no,no,no,no,False
101076475,METROPOLITAN NASHVILLE POLICE DEPT,20160040230,Davidson,Nashville,1/13/2016 7:03:00 AM,2,0,0,36.121740,-86.750610,I440 E EXT RAMP,,,,0.00,,,NOLENSVILLE PKE,,,,0.00,Y,Four-Way, ,,None,,,         ,Nathan,Kemp,,,no,no,no,no,no,False
101076477,METROPOLITAN NASHVILLE POLICE DEPT,2016-0032802,Davidson,Nashville,1/11/2016 8:39:00 AM,2,0,0,36.135990,-86.698810,BRILEY PKWY,,,,0.00,,,ARBOR CREEK BLVD,,,,0.00,Y,Four-Way,N,Intersection,None,,,         ,Jeb,Johnston,Clear,Front to Rear,no,no,no,no,yes,False
101076483,METROPOLITAN NASHVILLE POLICE DEPT,2016-0036127,Davidson,Nashville,1/12/2016 6:49:00 AM,2,1,0,36.145840,-86.712500,MASSMAN DR,,,,0.00,,,METCOM CENTER PVTDR,,,,0.00,Y,T-Intersection,N,Intersection,None,,,         ,Jeb,Johnston,Cloudy,Angle,no,no,no,no,no,False
101076485,METROPOLITAN NASHVILLE POLICE DEPT,20160032918,Davidson,Nashville,1/11/2016 9:20:00 AM,2,0,0,36.143950,-86.799870,21ST AVS,,,,55.00,Feet,South,EDGEHILL AV,,,,0.00,N,Not at Intersection, ,Non-Junction,None,,,         ,Phillip,Murphy,Clear,Not Collision with Motor Vehicle in Transport,no,no,no,no,no,Campus
101076487,METROPOLITAN NASHVILLE POLICE DEPT,20160037363,Davidson,Nashville,1/12/2016 2:06:00 PM,2,0,0,36.143310,-86.737090,I 40,,,,0.00,,,,,,,212.70,N,Not at Intersection,N,Non-Junction,None,,,         ,Kevin,Crawford,Cloudy,"Sideswipe, Same Direction",no,no,no,no,no,False
101076493,METROPOLITAN NASHVILLE POLICE DEPT,2016-0040225,Davidson,Nashville,1/13/2016 6:45:00 AM,2,0,0,36.192810,-86.745690,DOUGLAS AVE,,,,0.00,,,TREVECCA AVE,,,,0.00,Y,T-Intersection, ,Intersection,None,,,         ,Coleman,Womack,Clear,Angle,no,no,no,no,no,False
101076494,METROPOLITAN NASHVILLE POLICE DEPT,2016-0036904,Davidson,Nashville,1/12/2016 11:19:00 AM,2,2,0,0.000000,0.000000,ROBINSON ROAD,,SR1252,,0.00,,,MARTINGALE DRIVE,,,,0.00,Y,Four-Way,N,Intersection,None,,,         ,Jeb,Johnston,Cloudy,Angle,no,no,no,no,no,False
101076497,METROPOLITAN NASHVILLE POLICE DEPT,2016-0040355,Davidson,Nashville,1/13/2016 8:00:00 AM,2,0,0,36.143260,-86.857400,CORBETT LN,,,,88.00,Feet,East,STATE HWY 155,,,,0.00,N,Not at Intersection, ,Non-Junction,None,,,         ,Curtis,Rich,Clear,Angle,no,no,no,no,no,False
101076499,METROPOLITAN NASHVILLE POLICE DEPT,20160037305,Davidson,Nashville,1/12/2016 1:51:00 PM,1,1,0,36.141310,-86.787310,12TH AVS,,,,526.00,Feet,South,EDGEHILL AV,,,,0.00,N,Not at Intersection,N,Non-Junction,None,,,         ,Phillip,Murphy,Clear,Not Collision with Motor Vehicle in Transport,no,no,no,no,no,False
101076501,THP District 3 - Nashville,316001790,Davidson,Nashville,1/8/2016 4:50:00 PM,3,0,0,36.116020,-86.789620,I 440,,,,0.00,,,,,,,4.00,N,Not at Intersection, ,Non-Junction,None,,,         ,Terrell,Johnson,Clear,Front to Rear,no,no,no,no,no,False
101076511,METROPOLITAN NASHVILLE POLICE DEPT,2016-0040313,Davidson,Nashville,1/13/2016 8:00:00 AM,2,0,0,36.156600,-86.824480,I440 W EXT RAMP,,,,0.00,Feet,East,I 40,,,,0.00,N,Not at Intersection, ,Non-Junction,None,,,         ,George,Spencer,Clear,Front to Rear,no,no,no,no,no,False
101076514,METROPOLITAN NASHVILLE POLICE DEPT,2016-0040497,Davidson,Nashville,1/13/2016 8:00:00 AM,2,0,0,36.181210,-86.800140,I 65,,,,0.00,,,,,,,85.10,N,Not at Intersection, ,Non-Junction,None,,,         ,Curtis,Rich,Clear,Front to Rear,no,no,no,no,yes,False
101076519,METROPOLITAN NASHVILLE POLICE DEPT,20160037177,Davidson,Nashville,1/12/2016 1:07:00 PM,3,2,0,36.124290,-86.696340,VULTEE BLVD,,,,0.00,,,BRILEY PKWY,,,,0.00,Y,Four-Way,N,Intersection-Related,None,,,         ,James,Curtis,Clear,Front to Rear,no,no,no,no,yes,False
101076527,METROPOLITAN NASHVILLE POLICE DEPT,20160040490,Davidson,Nashville,1/13/2016 8:34:00 AM,2,0,0,36.147550,-86.744130,I 40,,,,0.00,,,,,,,212.00,N,Not at Intersection,N,Non-Junction,None,,,         ,James,Curtis,Clear,Front to Rear,no,no,no,no,no,False
101076534,METROPOLITAN NASHVILLE POLICE DEPT,2016-0040574,Davidson,Nashville,1/13/2016 9:00:00 AM,2,0,0,36.143660,-86.822630,I 440,,,,0.00,,,,,,,1.00,N,Not at Intersection, ,Non-Junction,None,,,         ,Curtis,Rich,Clear,Front to Rear,no,no,no,no,no,False
101076540,METROPOLITAN NASHVILLE POLICE DEPT,20160040514,Davidson,Nashville,1/13/2016 8:40:00 AM,2,1,0,36.103560,-86.772610,FRANKLIN PKE,,,,0.00,,,GLEN LEVEN DR,,,,0.00,Y,T-Intersection,N,Intersection,None,,,         ,Nathan,Kemp,Clear,Angle,no,no,no,no,no,False
101076545,GOODLETTSVILLE POLICE DEPT,16-01557,Davidson,Goodlettsville,1/13/2016 7:40:00 AM,1,0,0,36.297241,-86.721488,DRY CREEK,RD,,,1000.00,Feet,East,DICKERSON,RD,US41,,0.00,N,Not at Intersection,N,Non-Junction,None,,,         ,Brian,Hajdu,Clear,Not Collision with Motor Vehicle in Transport,no,no,no,no,no,False
101076547,METROPOLITAN NASHVILLE POLICE DEPT,20160040439,Davidson,Nashville,1/13/2016 8:15:00 AM,2,0,0,36.095320,-86.653690,OLD MURFREESBORO PKE,,,,78.00,Feet,South,MURFREESBORO PKE RAMP,,,,0.00,N,Not at Intersection,N,Non-Junction,None,,,         ,Gordon,Stovall,Clear,Rear to Rear,no,no,no,yes,no,False
101076551,METROPOLITAN NASHVILLE POLICE DEPT,20160040395,Davidson,Nashville,1/13/2016 8:54:00 AM,2,0,0,36.247500,-86.756750,DICKERSON PKE,,,,309.00,Feet,North,SKYLINE COMMONS PVTDR,,,,0.00,N,Not at Intersection, ,Non-Junction,None,,,         ,Jonathan,Hadley,Clear,Front to Rear,no,no,no,no,no,False
101076561,METROPOLITAN NASHVILLE POLICE DEPT,20160040372,Davidson,Nashville,1/13/2016 7:55:00 AM,2,0,0,36.131250,-86.817880,I 440,,,,0.00,,,,,,,1.90,N,Not at Intersection,N,Non-Junction,None,,,         ,Brian,Myatt,Clear,Front to Rear,no,no,no,no,no,False
101076565,METROPOLITAN NASHVILLE POLICE DEPT,2016-0040595,Davidson,Nashville,1/13/2016 9:00:00 AM,2,0,0,36.123560,-86.727630,I 24,,,,0.00,,,,,,,52.65,N,Not at Intersection, ,,None,,,         ,Stanley,Collins,,,no,no,no,no,no,False
101076568,METROPOLITAN NASHVILLE POLICE DEPT,20160040652,Davidson,Nashville,1/13/2016 9:15:00 AM,2,0,0,36.144230,-86.792980,16TH AVE S,,,,67.00,Feet,South,TREMONT AVE,,,,0.00,N,Not at Intersection, ,Non-Junction,None,,,         ,Eric,Harvey,Cloudy,Angle,no,no,no,no,no,False