master_record_number,agency,agency_tracking_number,county,city,collision_date,vehicles_involved,number_injured,number_dead,latitude,longitude,roadway_name,roadway_suffix,roadway_number,roadway_local_id,distance_from_reference,miles-feet_indicator,direction_from_reference,intersection_road_name,intersection_road_name_suffix,intersection_road_number,intersection_local_id,mile_marker,intersection_indicator,intersect_type,interchange_related_indicator,relation_to_junction,work_zone_type,construction_maintenance_zone,construction_maintenance_zone_location,fatal_case_number,officer_first_name,officer_last_name,weather_condition(s),manner_of_crash,pedestrian,bicycle,scooter,parking,hitrun,mou
101076575,METROPOLITAN NASHVILLE POLICE DEPT,20160040455,Davidson,Nashville,1/13/2016 8:20:00 AM,2,0,0,36.125700,-86.732550,I 440,,,,0.00,,,,,,,7.25,N,Not at Intersection,Y,Entrance/Exit Ramp Related,None,,,         ,Kevin,Caperton,Clear,"Sideswipe, Same Direction",no,no,no,no,no,False
101076581,METROPOLITAN NASHVILLE POLICE DEPT,2016-0040396,Davidson,Nashville,1/13/2016 8:07:00 AM,1,1,0,36.090150,-86.661070,FRANKLIN LIMESTONE RD,,,,0.00,,,FORGES DR,,,,0.00,Y,T-Intersection,N,Non-Junction,None,,,         ,John,Neely,Clear,Not Collision with Motor Vehicle in Transport,no,no,no,no,no,False
101076583,METROPOLITAN NASHVILLE POLICE DEPT,20160040248,Davidson,Nashville,1/13/2016 7:00:00 AM,2,0,0,36.137120,-86.727180,24 EAST,,,,0.00,,East,,,,,52.00,N,Not at Intersection,Y,Non-Junction,None,,,         ,Brian,Penny,Clear,Front to Rear,no,no,no,no,no,False
101076587,METROPOLITAN NASHVILLE POLICE DEPT,2016-040614,Davidson,Nashville,1/13/2016 8:45:00 AM,2,0,0,36.152350,-86.769010,2ND AVS,,,,0.00,,,LINDSLEY AV,,,,0.00,Y,T-Intersection,N,Intersection,None,,,         ,Daniel,Massey,Clear,Angle,no,no,no,no,no,False
101076591,METROPOLITAN NASHVILLE POLICE DEPT,20160040832,Davidson,Nashville,1/13/2016 10:16:00 AM,2,0,0,36.157420,-86.792630,CHURCH ST,,,,0.00,,,15TH AVN,,,,0.00,Y,Four-Way, ,Intersection,None,,,         ,Darrell,Osment,Clear,Front to Rear,no,no,no,no,no,False
101076595,METROPOLITAN NASHVILLE POLICE DEPT,2016-0040799,Davidson,Nashville,1/13/2016 10:29:00 AM,2,0,0,36.103020,-86.838310,HOBBS RD,,,,0.00,,,ESTES RD,,,,0.00,Y,Four-Way, ,Intersection,None,,,         ,Curtis,Rich,Clear,Angle,no,no,no,no,no,False
101076600,METROPOLITAN NASHVILLE POLICE DEPT,20160041033,Davidson,Nashville,1/13/2016 11:13:00 AM,2,0,0,36.149620,-86.798020,BROADWAY,,,,0.00,,,20TH AVS,,,,0.00,Y,T-Intersection, ,Intersection,None,,,         ,Nathan,Kemp,Clear,"Sideswipe, Same Direction",no,no,no,no,no,Campus
101076606,METROPOLITAN NASHVILLE POLICE DEPT,20160025457,Davidson,Nashville,1/8/2016 2:17:00 PM,3,0,0,36.068750,-86.688680,I 24,,,,0.00,,,,,,,57.05,N,Not at Intersection,N,Non-Junction,None,,,         ,Thomas,White,Clear,"Sideswipe, Same Direction",no,no,no,no,yes,False
101076607,METROPOLITAN NASHVILLE POLICE DEPT,20160040342,Davidson,Nashville,1/13/2016 7:50:00 AM,3,0,0,36.044850,-86.724720,OLD HICKORY BLVD,,,,49.00,Feet,East,AMALIE DR,,,,0.00,N,Not at Intersection, ,Non-Junction,None,,,         ,Andrew,Mullen,Clear,Front to Rear,no,no,no,no,no,False
101076612,METROPOLITAN NASHVILLE POLICE DEPT,2016-0041096,Davidson,Nashville,1/13/2016 11:00:00 AM,2,0,0,36.152570,-86.784890,12TH AVS,,,,0.00,,,PINE ST,,,,0.00,Y,Four-Way, ,Intersection,None,,,         ,Daniel,Massey,Clear,Front to Rear,no,no,no,no,no,False
101076618,METROPOLITAN NASHVILLE POLICE DEPT,20160041169,Davidson,Nashville,1/13/2016 11:54:00 AM,2,0,0,36.134580,-86.801160,21ST AVS,,,,0.00,,,MAGNOLIA BLVD,,,,0.00,Y,Four-Way, ,Intersection,None,,,         ,Nathan,Kemp,Clear,"Sideswipe, Same Direction",no,no,no,no,no,Campus
101076624,Metro Park Police,20160033314,Davidson,Nashville,1/11/2016 11:09:00 AM,1,0,0,36.172590,-86.762800,S 6TH ST,,,,0.00,,,WOODLAND ST,,,,0.00,Y,OTHER, ,Non-Junction,None,,,         ,Aubrey,"Whitworth, Jr.",Clear,Not Collision with Motor Vehicle in Transport,no,no,no,yes,no,False
101076653,METROPOLITAN NASHVILLE POLICE DEPT,2016-0040252,Davidson,Nashville,1/13/2016 7:00:00 AM,2,1,0,36.100890,-86.726640,ANTIOCH PIKE,,,,0.00,,,MIMOSA DR,,,,0.00,Y,T-Intersection,N,Non-Junction,None,,,         ,Michael,Payne,Clear,"Sideswipe, Opposite Direction",no,no,no,no,no,False
101076654,METROPOLITAN NASHVILLE POLICE DEPT,20160041202,Davidson,Nashville,1/13/2016 12:20:00 PM,2,0,0,36.187920,-86.798480,ROSA L PARKS BLVD,,,,0.00,Feet,North,DOMINICAN DR,,,,0.00,N,Not at Intersection, ,OtherLocation,None,,,         ,Joshua,Baker,Clear,Front to Rear,no,no,no,no,no,False
101076656,METROPOLITAN NASHVILLE POLICE DEPT,2016-0041397,Davidson,Belle Meade,1/13/2016 1:00:00 PM,2,0,0,36.102950,-86.869930,US HWY 70S,,,,242.00,Feet,East,POST RD,,,,0.00,N,Not at Intersection, ,Non-Junction,None,,,         ,Curtis,Rich,Clear,Front to Rear,no,no,no,no,no,False
101076674,METROPOLITAN NASHVILLE POLICE DEPT,20160025536,Davidson,Nashville,1/8/2016 2:50:00 PM,2,0,0,36.236350,-86.761830,I 65,,,,0.00,,,,,,,89.70,N,Not at Intersection,N,Non-Junction,Construction Zone,Intermittent Moving Work,Activity Area,         ,Carlos,Urrutia,Clear,"Sideswipe, Same Direction",no,no,no,no,yes,False
101076679,METROPOLITAN NASHVILLE POLICE DEPT,20160000415,Davidson,Nashville,1/1/2016 4:12:00 AM,1,0,1,36.096440,-86.877410,HARDING PKE,,,,70.00,Feet,East,VOSSLAND DR,,,,0.00,N,Not at Intersection,N,Non-Junction,None,,,16-0001  ,William,Waters,Clear,Not Collision with Motor Vehicle in Transport,no,no,no,no,no,False
101076683,METROPOLITAN NASHVILLE POLICE DEPT,2016-0041342,Davidson,Nashville,1/13/2016 12:43:00 PM,2,0,0,36.213300,-86.775640,I 65,,,,0.00,,,,,,,87.80,N,Not at Intersection,N,Non-Junction,Construction Zone,Work On Shoulder Or Median,Activity Area,         ,William,Caillouette,Clear,"Sideswipe, Same Direction",no,no,no,no,yes,False
101076744,METROPOLITAN NASHVILLE POLICE DEPT,20160041548,Davidson,Nashville,1/13/2016 1:51:00 PM,2,0,0,36.081620,-86.697460,I 24,,,,0.00,,,,,,,56.05,N,Not at Intersection, ,Entrance/Exit Ramp Related,None,,,         ,Jessie,Meadows,Clear,Angle,no,no,no,no,no,False
101076745,METROPOLITAN NASHVILLE POLICE DEPT,20160041717,Davidson,Nashville,1/13/2016 3:03:00 PM,2,0,0,36.045730,-86.658290,BELL RD,,,,71.00,Feet,East,I24 W ENT RAMP,,,,0.00,N,Not at Intersection, ,,None,,,         ,Jessie,Meadows,,,no,no,no,no,no,False
101076751,METROPOLITAN NASHVILLE POLICE DEPT,20160041765,Davidson,Nashville,1/13/2016 3:00:00 PM,2,0,0,36.229690,-86.757030,BROADMOOR DR,,,,223.00,Feet,West,HILLSIDE RD,,,,0.00,N,Not at Intersection, ,Non-Junction,None,,,         ,Christopher,Davis,Clear,"Sideswipe, Opposite Direction",no,no,no,no,no,False
101076766,METROPOLITAN NASHVILLE POLICE DEPT,20160041730,Davidson,Nashville,1/13/2016 2:30:00 PM,2,0,0,36.149890,-86.796730,DIVISION ST,,,,0.00,,,LYLE AVE,,,,0.00,Y,Four-Way, ,Intersection,None,,,         ,Clyde,Stambaugh,Clear,Angle,no,no,no,no,no,False
101076767,METROPOLITAN NASHVILLE POLICE DEPT,2016-0041705,Davidson,Nashville,1/13/2016 2:27:00 PM,2,0,0,36.128840,-86.853450,WHITE BRIDGE PKE,,,,100.00,Feet,West,LIONS HEAD VILLAGE PVTDR,,,,0.00,N,Not at Intersection,N,Non-Junction,None,,,         ,Walter,Gray II,Clear,Angle,no,no,no,no,no,False
101076768,METROPOLITAN NASHVILLE POLICE DEPT,20160041923,Davidson,Nashville,1/13/2016 3:10:00 PM,2,0,0,36.155290,-86.812060,25TH AVN,,,,0.00,,,CHARLOTTE AV,,,,0.00,Y,T-Intersection, ,,None,,,         ,Charles,Griffin,,,no,no,no,no,no,False
101076771,METROPOLITAN NASHVILLE POLICE DEPT,2016-0041968,Davidson,Nashville,1/13/2016 3:33:00 PM,2,0,0,36.143350,-86.841230,NEBRASKA AV,,,,165.00,Feet,East,46TH AVN,,,,0.00,N,Not at Intersection, ,,None,,,         ,Walter,Gray II,,,no,no,no,no,no,False
101076776,METROPOLITAN NASHVILLE POLICE DEPT,20160042056,Davidson,Nashville,1/13/2016 4:17:00 PM,2,0,0,36.144860,-86.812680,WEST END AV,,,,120.00,Feet,West,28TH AVN,,,,0.00,N,Not at Intersection, ,,None,,,         ,Charles,Griffin,,,no,no,no,no,no,Campus
101076777,METROPOLITAN NASHVILLE POLICE DEPT,20160041891,Davidson,Not in City Limit,1/13/2016 2:40:00 PM,2,0,0,36.134700,-86.930240,RIVER RD,,,,0.00,,,RIVER ROAD PKE,,,,0.00,Y,Y-Intersection, ,,None,,,         ,Adam,Reese,,,no,no,no,no,no,False
101076778,METROPOLITAN NASHVILLE POLICE DEPT,20160041898,Davidson,Nashville,1/13/2016 3:48:00 PM,2,0,0,36.113740,-86.691130,US HWY 41,,,,697.00,Feet,West,AIR FREIGHT BLVD,,,,0.00,N,Not at Intersection, ,Non-Junction,None,,,         ,Michael,Russell,Clear,Front to Rear,no,no,no,no,no,False
101076779,METROPOLITAN NASHVILLE POLICE DEPT,20160042063,Davidson,Nashville,1/13/2016 4:20:00 PM,2,0,0,36.168390,-86.783530,5TH AVE N,,,,136.00,Feet,South,US HWY 31,,,,0.00,N,Not at Intersection, ,Non-Junction,None,,,         ,Michael,Baron,Clear,Front to Rear,no,no,no,no,no,False
101076786,METROPOLITAN NASHVILLE POLICE DEPT,20160042013,Davidson,Nashville,1/13/2016 4:00:00 PM,2,0,0,36.193420,-86.804900,ROSA L PARKS BLVD,,,,0.00,,,WATKINS COLLEGE PVTDR,,,,0.00,Y,T-Intersection,N,Non-Junction,None,,,         ,Royce,McLester,Clear,Front to Rear,no,no,no,no,no,False
101076814,METROPOLITAN NASHVILLE POLICE DEPT,20160042147,Davidson,Nashville,1/13/2016 4:38:00 PM,2,1,0,36.152120,-86.787290,I40 E ENT RAMP,,,,0.00,,,I 40,,,,0.00,Y,OTHER,N,Entrance/Exit Ramp Related,None,,,         ,Conner,Harris,Clear,Front to Rear,no,no,no,no,yes,False
101076815,METROPOLITAN NASHVILLE POLICE DEPT,20160042114,Davidson,Nashville,1/13/2016 4:37:00 PM,2,0,0,36.038280,-86.800780,STATE HWY 254,,,,0.00,,,WESTPARK DR,,,,0.00,Y,T-Intersection,N,Intersection,None,,,         ,Clyde,Stambaugh,Clear,Front to Rear,no,no,no,no,no,False
101076816,METROPOLITAN NASHVILLE POLICE DEPT,20160042112,Davidson,Nashville,1/13/2016 4:17:00 PM,2,0,0,36.154190,-86.805620,22ND AVN,,,,170.00,Feet,North,PATTERSON ST,,,,0.00,N,Not at Intersection,N,OtherLocation,None,,,         ,Tien,Nguyen,Clear,"Sideswipe, Opposite Direction",no,no,no,yes,no,False
101076819,METROPOLITAN NASHVILLE POLICE DEPT,20160042208,Davidson,Nashville,1/13/2016 5:02:00 PM,2,0,0,36.189120,-86.823520,CLARKSVILLE PKE,,,,152.00,Feet,West,ROSA L PARKS BLVD,,,,0.00,N,Not at Intersection,N,Non-Junction,None,,,         ,Zachary,Ronan,Clear,"Sideswipe, Same Direction",no,no,no,no,yes,False
101076821,VANDERBILT UNIVERSITY POLICE,16-0041971,Davidson,Nashville,1/13/2016 4:00:00 PM,2,0,0,36.137380,-86.798720,WEDGEWOOD AV,,,,175.00,Feet,West,19TH AVS,,,,0.00,N,Not at Intersection,N,Non-Junction,None,,,         ,Patrick,Conwell,Clear,"Sideswipe, Same Direction",no,no,no,no,no,Campus
101076823,METROPOLITAN NASHVILLE POLICE DEPT,2016-0041563,Davidson,Nashville,1/13/2016 1:27:00 PM,2,0,0,36.113230,-86.773430,-- UNKNOWN RAMP/ROAD --,,,,0.00,,,I 65,,,,0.00,Y,OTHER, ,,None,,,         ,Allen,Bates,,,no,no,no,no,no,False
101076825,METROPOLITAN NASHVILLE POLICE DEPT,2016-0042126,Davidson,Nashville,1/13/2016 4:41:00 PM,2,0,0,36.101920,-86.870380,HARDING PKE,,,,104.00,Feet,South,HARDING PL,,,,0.00,N,Not at Intersection, ,Non-Junction,None,,,         ,Walter,Gray II,Clear,Front to Rear,no,no,no,no,no,False
101076826,METROPOLITAN NASHVILLE POLICE DEPT,20160042036,Davidson,Nashville,1/13/2016 2:45:00 PM,1,0,0,36.237180,-86.807910,GREEN LN,,,,124.00,Feet,West,TISDALL DR,,,,0.00,N,Not at Intersection,N,Non-Junction,None,,,         ,Joseph,Zambardi,Clear,Not Collision with Motor Vehicle in Transport,no,no,no,no,yes,False
101076827,METROPOLITAN NASHVILLE POLICE DEPT,20160042094,Davidson,Nashville,1/13/2016 2:45:00 PM,1,0,0,36.237500,-86.807430,TISDALL DR,,,,135.00,Feet,North,GREEN LN,,,,0.00,N,Not at Intersection,N,Non-Junction,None,,,         ,Joseph,Zambardi,Clear,Not Collision with Motor Vehicle in Transport,no,no,no,no,yes,False
101076834,BERRY HILL POLICE DEPT,16-0167,Davidson,Berry Hill,1/13/2016 3:20:00 PM,2,0,0,36.126610,-86.773510,CRAIGHEAD ST,,,,241.00,Feet,East,WHITE AV,,,,0.00,N,Not at Intersection, ,,None,,,         ,John,Gleixner,,,no,no,no,no,no,False
101076838,METROPOLITAN NASHVILLE POLICE DEPT,20160042358,Davidson,Not in City Limit,1/13/2016 5:25:00 PM,2,0,0,36.044720,-86.954740,HIGHWAY 100,,,,452.00,Feet,East,OLD HARDING PKE,,,,0.00,N,Not at Intersection,N,Non-Junction,None,,,         ,Adam,Reese,Clear,Angle,no,no,no,no,no,False
101076840,METROPOLITAN NASHVILLE POLICE DEPT,20160042333,Davidson,Nashville,1/13/2016 5:20:00 PM,2,0,0,36.153490,-86.822550,I 440,,,,0.00,,,,,,,1.70,N,Not at Intersection, ,Non-Junction,None,,,         ,Maria,Cortez,Clear,Front to Rear,no,no,no,no,no,False
101076842,METROPOLITAN NASHVILLE POLICE DEPT,20160042226,Davidson,Nashville,1/13/2016 4:55:00 PM,2,0,0,36.136780,-86.775560,-- UNKNOWN RAMP/ROAD --,,,,0.00,,,I 65,,,,0.00,Y,OTHER,N,Entrance/Exit Ramp Related,None,,,         ,Jonathan,Frith,Clear,"Sideswipe, Same Direction",no,no,no,no,yes,False
101076844,METROPOLITAN NASHVILLE POLICE DEPT,20160042295,Davidson,Nashville,1/13/2016 5:33:00 PM,2,2,0,36.171830,-86.601670,STATE HWY 45,,,,275.00,Feet,North,RAMP,,,,0.00,N,Not at Intersection,N,Non-Junction,None,,,         ,Tyler,Conrads,Clear,HeadOn,no,no,no,no,no,False
101076846,METROPOLITAN NASHVILLE POLICE DEPT,20160042060,Davidson,Nashville,1/13/2016 4:23:00 PM,2,0,0,36.177310,-86.773030,I 24,,,,0.00,,,,,,,47.90,N,Not at Intersection, ,Non-Junction,None,,,         ,Caleb,Rogan,Clear,"Sideswipe, Same Direction",no,no,no,no,no,False
101076847,METROPOLITAN NASHVILLE POLICE DEPT,20160042214,Davidson,Nashville,1/13/2016 5:02:00 PM,2,0,0,36.176780,-86.776880,SPRING ST,,,,209.00,Feet,West,COWAN ST,,,,0.00,N,Not at Intersection,N,Non-Junction,None,,,         ,Caleb,Rogan,Clear,Front to Rear,no,no,no,no,yes,False
101076850,METROPOLITAN NASHVILLE POLICE DEPT,20160042366,Davidson,Nashville,1/13/2016 5:49:00 PM,2,1,0,36.105110,-86.808710,HILLMONT DR,,,,266.00,Feet,North,RICHARD JONES RD,,,,0.00,N,Not at Intersection,N,Non-Junction,None,,,         ,Tien,Nguyen,Clear,Front to Rear,no,no,no,no,no,False
101076860,METROPOLITAN NASHVILLE POLICE DEPT,20160042440,Davidson,Nashville,1/13/2016 5:14:00 PM,2,0,0,36.115980,-86.794670,I 440,,,,0.00,,,,,,,3.70,N,Not at Intersection, ,Non-Junction,None,,,         ,Clyde,Stambaugh,Clear,Front to Rear,no,no,no,no,no,False
101076862,METROPOLITAN NASHVILLE POLICE DEPT,2016-042062,Davidson,Nashville,1/13/2016 4:22:00 PM,2,0,0,36.154910,-86.776670,6TH AVS,,,,0.00,,,PEABODY ST,,,,0.00,Y,Four-Way, ,Intersection,None,,,         ,Michael,Schlegel,Clear,Angle,no,no,no,no,no,False
101076875,METROPOLITAN NASHVILLE POLICE DEPT,2016-041950,Davidson,Nashville,1/13/2016 3:43:00 PM,2,0,0,36.162120,-86.782650,7TH AVN,,,,0.00,,,CHURCH ST,,,,0.00,Y,Four-Way, ,Intersection,None,,,         ,Michael,Schlegel,Clear,Angle,no,no,no,no,no,False
101076878,METROPOLITAN NASHVILLE POLICE DEPT,20160042183,Davidson,Nashville,1/13/2016 4:50:00 PM,2,0,0,36.044860,-86.670470,STATE HWY 254,,,,0.00,,,HICKORY PARK DR,,,,0.00,Y,T-Intersection,N,Intersection,None,,,         ,Jeffrey,Livingston,Clear,Front to Rear,no,no,no,no,no,False
101076880,METROPOLITAN NASHVILLE POLICE DEPT,20160042481,Davidson,Nashville,1/13/2016 6:20:00 PM,2,0,0,36.104930,-86.716870,I 24,,,,0.00,,,,,,,54.15,N,Not at Intersection,N,Non-Junction,None,,,         ,Rickie,Corman,Clear,"Sideswipe, Same Direction",no,no,no,no,yes,False
101076881,METROPOLITAN NASHVILLE POLICE DEPT,20160042429,Davidson,Nashville,1/13/2016 6:11:00 PM,2,0,0,36.046020,-86.675680,STATE HWY 254,,,,408.00,Feet,West,BLUE HOLE RD,,,,0.00,N,Not at Intersection, ,Non-Junction,None,,,         ,Charles,Ward,Clear,Front to Rear,no,no,no,no,no,False
101076883,METROPOLITAN NASHVILLE POLICE DEPT,20160041982,Davidson,Nashville,1/13/2016 3:45:00 PM,2,0,0,36.104800,-86.814600,RICHARD JONES RD,,,,12.00,Feet,South,HILLSBORO PKE,,,,0.00,N,Not at Intersection, ,,Construction Zone,,,         ,William,Taylor,,,no,no,no,no,no,False
101076887,METROPOLITAN NASHVILLE POLICE DEPT,20160042492,Davidson,Antioch,1/13/2016 6:13:00 AM,1,1,0,36.063080,-86.616000,BUCKPASSER AVE,AVE,,,0.12,Feet,North,HAMILTON CHURCH RD,,,,0.00,N,Not at Intersection,N,Non-Junction,None,,,         ,Sandra,Fly,Unknown,Not Collision with Motor Vehicle in Transport,yes,no,no,yes,yes,False
101076892,METROPOLITAN NASHVILLE POLICE DEPT,20160042510,Davidson,Nashville,1/13/2016 6:40:00 PM,3,0,0,36.076230,-86.640340,MURFREESBORO PKE,,,,466.00,Feet,South,LAKEVILLA DR,,,,0.00,N,Not at Intersection, ,Non-Junction,None,,,         ,Matthew,Johnson,Clear,Front to Rear,no,no,no,no,no,False
101076902,METROPOLITAN NASHVILLE POLICE DEPT,20160042168,Davidson,Nashville,1/13/2016 4:45:00 PM,2,0,0,36.028460,-86.672650,BLUE HOLE RD,,,,66.00,Feet,North,PETTUS RD,,,,0.00,N,Not at Intersection, ,Non-Junction,None,,,         ,Joseph,Progar,Clear,Front to Rear,no,no,no,no,no,False
101076905,METROPOLITAN NASHVILLE POLICE DEPT,20160042444,Davidson,Nashville,1/13/2016 6:21:00 PM,2,1,0,36.122290,-86.752760,I 440,,,,0.00,,,,,,,6.20,N,Not at Intersection,N,Non-Junction,None,,,         ,Jarret,Sonnenberg,Clear,Front to Rear,no,no,no,no,no,False
101076912,METROPOLITAN NASHVILLE POLICE DEPT,20160037672,Davidson,Goodlettsville,1/12/2016 3:53:00 PM,1,1,0,36.286730,-86.726990,I 65,,,,0.00,,,,,,,93.90,N,Not at Intersection,N,Non-Junction,None,,,         ,Carlos,Urrutia,Clear,Not Collision with Motor Vehicle in Transport,no,no,no,no,no,False
101076913,METROPOLITAN NASHVILLE POLICE DEPT,20160038931,Davidson,Nashville,1/12/2016 10:14:00 PM,2,1,0,36.241960,-86.757110,BRILEY PKWY W ENT RAMP,,,,0.00,,,DICKERSON PKE ENT RAMP,,,,0.00,Y,Four-Way,N,Intersection,None,,,         ,Carlos,Urrutia,Clear,HeadOn,no,no,no,no,no,False
101076914,METROPOLITAN NASHVILLE POLICE DEPT,20160042367,Davidson,Madison,1/13/2016 5:55:00 PM,3,1,0,36.263440,-86.715580,OLD HICKORY BLVDW,,,,293.00,Feet,East,PEGGY ST,,,,0.00,N,Not at Intersection,N,Non-Junction,None,,,         ,Carlos,Urrutia,Clear,Front to Rear,no,no,no,no,no,False
101076927,METROPOLITAN NASHVILLE POLICE DEPT,20160042254,Davidson,Nashville,1/13/2016 5:11:00 PM,2,0,0,36.046250,-86.676700,STATE HWY 254,,,,719.00,Feet,West,BLUE HOLE RD,,,,0.00,N,Not at Intersection,N,Non-Junction,None,,,         ,Joseph,Progar,Clear,Front to Rear,no,no,no,no,yes,False
101076932,METROPOLITAN NASHVILLE POLICE DEPT,20160041811,Davidson,Nashville,1/13/2016 2:35:00 PM,2,0,0,36.182610,-86.797800,I65 N EXT RAMP,,,,0.00,,,I 65,,,,0.00,Y,OTHER, ,Entrance/Exit Ramp Related,None,,,         ,Michael,Brooks,Clear,Front to Rear,no,no,no,no,no,False
101076933,METROPOLITAN NASHVILLE POLICE DEPT,20160041947,Davidson,Nashville,1/13/2016 3:44:00 PM,2,0,0,36.158930,-86.800810,DR D B TODD JR BLVD,,,,0.00,,,PEARL ST,,,,0.00,Y,T-Intersection, ,Intersection,None,,,         ,Michael,Brooks,Clear,"Sideswipe, Opposite Direction",no,no,no,no,no,False
101076934,METROPOLITAN NASHVILLE POLICE DEPT,20160042115,Davidson,Not in City Limit,1/13/2016 4:36:00 PM,1,1,0,36.321660,-86.904910,CLARKSVILLE PKE,,,,472.00,Feet,East,DOUGLAS RD,,,,0.00,N,Not at Intersection,N,Non-Junction,None,,,         ,Michael,Brooks,Clear,Not Collision with Motor Vehicle in Transport,no,no,no,no,no,False
101076958,METROPOLITAN NASHVILLE POLICE DEPT,20160042945,Davidson,Not in City Limit,1/13/2016 8:00:00 PM,2,0,0,36.074010,-86.935180,HIGHWAY 70S,,,,40.00,Feet,East,CROSS TIMBERS DR,,,,0.00,N,Not at Intersection, ,,None,,,         ,Adam,Reese,,,no,no,no,no,no,False
101076962,VANDERBILT UNIVERSITY POLICE,16-0042736,Davidson,Nashville,1/13/2016 12:00:00 AM,2,0,0,36.141970,-86.812970,VANDERBILT PL,,,,976.00,Feet,West,NATCHEZ TRC,,,,0.00,N,Not at Intersection,N,Non-Junction,None,,,         ,Cedric,Edwards,Unknown,Unknown,no,no,no,yes,yes,Campus
101076965,METROPOLITAN NASHVILLE POLICE DEPT,20160042320,Davidson,Nashville,1/13/2016 5:30:00 PM,2,0,0,36.151500,-86.830930,38TH AVN,,,,0.00,Feet,,PARK AV,,,,0.00,Y,OTHER,N,Intersection,None,,,         ,Torian,Cox,Clear,"Sideswipe, Opposite Direction",no,no,no,no,no,False
101076966,METROPOLITAN NASHVILLE POLICE DEPT,20160042862,Davidson,Nashville,1/13/2016 7:38:00 PM,2,1,0,36.106820,-86.922290,STATE HWY 251,,,,134.00,Feet,North,TOLBERT RD,,,,0.00,N,Not at Intersection,N,Non-Junction,None,,,         ,Brandon,Pedigo,Clear,Front to Rear,no,no,no,no,no,False
101076973,METROPOLITAN NASHVILLE POLICE DEPT,20160043011,Davidson,Nashville,1/13/2016 9:52:00 PM,2,0,0,36.153000,-86.857610,BRILEY PKWY,,,,0.00,,,I40 W EXT RAMP,,,,0.00,Y,Four-Way, ,Entrance/Exit Ramp Related,None,,,         ,John,Thomas,Clear,Front to Rear,no,no,no,no,no,False
101076977,METROPOLITAN NASHVILLE POLICE DEPT,20160042758,Davidson,Nashville,1/13/2016 8:09:00 PM,2,0,0,36.209130,-86.775940,I65 N ENT RAMP,,,,0.00,,,I 65,,,,0.00,Y,OTHER,N,Entrance/Exit Ramp Related,Construction Zone,Laneclosure,Activity Area,         ,Akira,McSwain,Clear,Angle,no,no,no,no,no,False
101076985,METROPOLITAN NASHVILLE POLICE DEPT,20160037567,Davidson,Nashville,1/12/2016 3:22:00 PM,2,2,0,36.253220,-86.716800,EMMITT AV,,,,0.00,,,GALLATIN PKES,,,,0.00,Y,Four-Way,Y,Intersection,None,,,         ,Samuel,Miller,Clear,Angle,no,no,no,no,no,False
101076986,METROPOLITAN NASHVILLE POLICE DEPT,20160041698,Davidson,Nashville,1/13/2016 2:25:00 PM,2,0,0,36.244500,-86.722390,LAKEWOOD DR,,,,0.00,,,GALLATIN PKES,,,,0.00,Y,T-Intersection,Y,Intersection-Related,None,,,         ,Samuel,Miller,Clear,Angle,no,no,no,no,no,False
101076989,METROPOLITAN NASHVILLE POLICE DEPT,20160042417,Davidson,Nashville,1/13/2016 7:24:00 PM,3,0,0,36.117580,-86.725950,I 24,,,,0.00,,,,,,,53.10,N,Not at Intersection, ,Non-Junction,None,,,         ,Michael,Russell,Clear,Front to Rear,no,no,no,no,no,False
101076996,METROPOLITAN NASHVILLE POLICE DEPT,2016-0042271,Davidson,Nashville,1/13/2016 5:20:00 PM,2,0,0,36.207790,-86.611570,HIGHLAND VIEW DR,,,,0.00,,,LEBANON PKE,,,,0.00,Y,T-Intersection, ,,None,,,         ,Sandra,Talavera,,,no,no,no,no,no,False
101077019,METROPOLITAN NASHVILLE POLICE DEPT,20160043385,Davidson,Not in City Limit,1/14/2016 12:12:00 AM,1,0,0,36.020240,-86.626890,I 24,,,,0.00,,,,,,,62.00,N,Not at Intersection, ,Non-Junction,None,,,         ,Megan,Arnett,Clear,Not Collision with Motor Vehicle in Transport,no,no,no,no,no,False
101077022,METROPOLITAN NASHVILLE POLICE DEPT,20160043038,Davidson,Not in City Limit,1/13/2016 12:00:00 AM,1,0,0,36.270150,-86.893940,EATONS CREEK RD,,,,1328.00,Feet,South,GLEN ECHO LAKE RD,,,,0.00,N,Not at Intersection,N,Non-Junction,None,,,         ,Matthew,Lachance,Clear,Not Collision with Motor Vehicle in Transport,no,no,no,no,yes,False
101077023,METROPOLITAN NASHVILLE POLICE DEPT,20160040041,Davidson,Nashville,1/13/2016 4:50:00 AM,1,1,0,36.221140,-86.804900,REVELS DR,,,,0.00,,,WHITES CREEK PKE,,,,0.00,Y,Four-Way,N,Intersection,None,,,         ,Geoffrey,Daugherty,Clear,Not Collision with Motor Vehicle in Transport,yes,no,no,no,yes,False
101077036,METROPOLITAN NASHVILLE POLICE DEPT,20160043063,Davidson,Not in City Limit,1/13/2016 10:15:00 PM,2,3,0,36.020540,-86.627620,I 24,,,,0.00,,,,,,,62.00,N,Not at Intersection,N,Non-Junction,None,,,         ,Blaze,Williams,Clear,Front to Rear,no,no,no,no,no,False
101077053,METROPOLITAN NASHVILLE POLICE DEPT,20160031832,Davidson,Nashville,1/10/2016 12:00:00 AM,2,0,0,36.160470,-86.778440,BROADWAY,,,,0.00,,,5TH AVS,,,,0.00,Y,Four-Way,N,Intersection,None,,,         ,Carlos,angulo,Clear,Front to Rear,no,no,no,no,no,False