master_record_number,agency,agency_tracking_number,county,city,collision_date,vehicles_involved,number_injured,number_dead,latitude,longitude,roadway_name,roadway_suffix,roadway_number,roadway_local_id,distance_from_reference,miles-feet_indicator,direction_from_reference,intersection_road_name,intersection_road_name_suffix,intersection_road_number,intersection_local_id,mile_marker,intersection_indicator,intersect_type,interchange_related_indicator,relation_to_junction,work_zone_type,construction_maintenance_zone,construction_maintenance_zone_location,fatal_case_number,officer_first_name,officer_last_name,weather_condition(s),manner_of_crash,pedestrian,bicycle,scooter,parking,hitrun,mou
101077059,METROPOLITAN NASHVILLE POLICE DEPT,2016-0043664,Davidson,Nashville,1/14/2016 1:56:00 AM,3,3,0,36.156070,-86.782750,10TH AVS,,,,0.00,Feet,,DEMONBREUN ST,,,,0.00,Y,Four-Way,N,Intersection-Related,None,,,         ,Michael,Willis Jr.,Clear,Front to Rear,no,no,no,no,no,False
101077084,METROPOLITAN NASHVILLE POLICE DEPT,20160044154,Davidson,Nashville,1/14/2016 5:15:00 AM,1,0,0,36.161950,-86.786850,10TH AVE N,,,,433.00,Feet,West,MCLEMORE ST,,,,0.00,N,Not at Intersection, ,,None,,,         ,Kelcey,Bell,,,no,no,no,no,no,False
101077087,METROPOLITAN NASHVILLE POLICE DEPT,20160024029,Davidson,Not in City Limit,1/8/2016 5:13:00 AM,4,0,0,36.301010,-86.811980,I 24,,,,0.00,,,,,,,38.70,N,Not at Intersection,N,Non-Junction,None,,,         ,Craig,Amabile,Rain,"Sideswipe, Same Direction",no,no,no,no,no,False
101077101,METROPOLITAN NASHVILLE POLICE DEPT,20160037392,Davidson,Madison,1/12/2016 2:10:00 PM,1,1,0,36.269290,-86.710580,US HWY 31E,,,,10.00,Feet,South,WILEY ST,,,,0.00,N,Not at Intersection,N,Non-Junction,None,,,         ,Brian,Otto,Clear,Not Collision with Motor Vehicle in Transport,yes,no,no,yes,no,False
101077102,METROPOLITAN NASHVILLE POLICE DEPT,20160040531,Davidson,Madison,1/13/2016 8:35:00 AM,2,1,0,36.264200,-86.735670,-- UNKNOWN RAMP/ROAD --,,,,0.00,,,STATE HWY 45,,,,0.00,Y,T-Intersection,N,Entrance/Exit Ramp Related,None,,,         ,Brian,Otto,Clear,Front to Rear,no,no,no,no,yes,False
101077105,METROPOLITAN NASHVILLE POLICE DEPT,20160040549,Davidson,Nashville,1/13/2016 8:49:00 AM,2,0,0,36.091840,-86.828160,HARDING PL,,,,107.00,Feet,South,HILLSBORO PKE,,,,0.00,N,Not at Intersection, ,Non-Junction,None,,,         ,Phillip,Murphy,Clear,Front to Rear,no,no,no,no,no,False
101077121,METROPOLITAN NASHVILLE POLICE DEPT,20160041265,Davidson,Nashville,1/13/2016 12:20:00 PM,2,0,0,36.108680,-86.812130,GLEN ECHO RD,,,,0.00,,,HILLSBORO PKE,,,,0.00,Y,T-Intersection, ,Intersection-Related,None,,,         ,Justin,Pinkelton,Clear,Front to Rear,no,no,no,no,no,False
101077122,METROPOLITAN NASHVILLE POLICE DEPT,20160041672,Davidson,Nashville,1/13/2016 2:16:00 PM,2,0,0,36.030470,-86.743980,EDMONDSON PKE,,,,0.00,Feet,,CLOVERLAND DR,,,,0.00,Y,T-Intersection,N,Intersection,None,,,         ,Andrew,Mullen,Clear,Angle,no,no,no,no,no,False
101077123,METROPOLITAN NASHVILLE POLICE DEPT,20160044353,Davidson,Nashville,1/14/2016 6:30:00 AM,2,0,0,36.124080,-86.751680,I440 W EXT RAMP,,,,0.00,,,NOLENSVILLE PKE,,,,0.00,Y,T-Intersection, ,,None,,,         ,Todd,Watson,,,no,no,no,no,no,False
101077129,METROPOLITAN NASHVILLE POLICE DEPT,2016-0044470,Davidson,Nashville,1/14/2016 7:38:00 AM,2,0,0,36.122410,-86.626560,BRACKEN TRL,,,,213.00,Feet,East,CATAMOUNT PASS,,,,0.00,N,Not at Intersection, ,Non-Junction,None,,,         ,Jeb,Johnston,Clear,Rear to Side,no,no,no,no,no,False
101077134,METROPOLITAN NASHVILLE POLICE DEPT,20160044349,Davidson,Nashville,1/14/2016 6:55:00 AM,2,0,0,36.155050,-86.799490,19TH AVN,,,,96.00,Feet,South,STATE ST,,,,0.00,N,Not at Intersection, ,Non-Junction,None,,,         ,Nathan,Kemp,Clear,Front to Rear,no,no,no,no,no,False
101077135,METROPOLITAN NASHVILLE POLICE DEPT,20160044515,Davidson,Nashville,1/14/2016 7:56:00 AM,3,1,0,36.117930,-86.800400,I 440,,,,0.00,,,,,,,3.20,N,Not at Intersection,N,Non-Junction,None,,,         ,Nathan,Kemp,Clear,Front to Rear,no,no,no,no,no,False
101077138,METROPOLITAN NASHVILLE POLICE DEPT,2016-0041674,Davidson,Nashville,1/13/2016 2:15:00 PM,2,0,0,36.180620,-86.819580,26TH AVN,,,,78.00,Feet,North,BUCHANAN ST,,,,0.00,N,Not at Intersection, ,,None,,,         ,Darryl,Morton,,,no,no,no,no,no,False
101077139,METROPOLITAN NASHVILLE POLICE DEPT,20160041694,Davidson,Nashville,1/13/2016 2:24:00 PM,2,0,0,36.183170,-86.677460,MCGAVOCK PKE,,,,0.00,,,TWO RIVERS PKWY,,,,0.00,Y,T-Intersection,N,Intersection,None,,,         ,Wesley,Young,Clear,Front to Rear,no,no,no,no,no,False
101077141,METROPOLITAN NASHVILLE POLICE DEPT,20160044355,Davidson,Nashville,1/14/2016 6:39:00 AM,2,0,0,36.051580,-86.714020,OCALA DR,,,,100.00,Feet,East,NOLENSVILLE PKE,,,,0.00,N,Not at Intersection, ,Non-Junction,None,,,         ,Randall,Combs,Clear,Angle,no,no,no,no,no,False
101077147,METROPOLITAN NASHVILLE POLICE DEPT,20160041163,Davidson,Nashville,1/13/2016 11:49:00 AM,2,0,0,36.068190,-86.719110,US HWY 31 ALT,,,,0.00,,,HAYWOOD LN,,,,0.00,Y,Four-Way, ,Non-Junction,None,,,         ,Michael,Wilson,Clear,Front to Rear,no,no,no,no,no,False
101077150,METROPOLITAN NASHVILLE POLICE DEPT,20160044445,Davidson,Nashville,1/14/2016 12:00:00 AM,2,0,0,36.144620,-86.749840,MURFREESBORO PKE,,,,0.00,,,ELM HILL PKE,,,,0.00,Y,T-Intersection, ,Intersection,None,,,         ,Michael,Dance,Clear,Front to Rear,no,no,no,no,no,False
101077157,METROPOLITAN NASHVILLE POLICE DEPT,2016-0044664,Davidson,Nashville,1/14/2016 8:50:00 AM,2,0,0,36.140050,-86.826520,MURPHY RD,,,,100.00,Feet,East,BOWLING AVE,,,,0.00,N,Not at Intersection, ,Non-Junction,None,,,         ,Curtis,Rich,Clear,Front to Rear,no,no,no,no,no,False
101077161,METROPOLITAN NASHVILLE POLICE DEPT,20160044625,Davidson,Nashville,1/14/2016 7:45:00 AM,2,0,0,36.085320,-86.647870,MURFREESBORO PKE,,,,558.00,Feet,East,UNA ANTIOCH PKE,,,,0.00,N,Not at Intersection, ,Non-Junction,None,,,         ,Gordon,Stovall,Clear,"Sideswipe, Same Direction",no,no,no,no,yes,False
101077162,METROPOLITAN NASHVILLE POLICE DEPT,20160044556,Davidson,Nashville,1/13/2016 1:50:00 PM,2,2,0,36.221700,-86.761670,HART LN,,,,0.00,,,DICKERSON PKE,,,,0.00,Y,T-Intersection,Y,Intersection,None,,,         ,Martin,Gonzalez,Clear,Front to Rear,no,no,no,no,no,False
101077171,METROPOLITAN NASHVILLE POLICE DEPT,20160044351,Davidson,Old Hickory,1/14/2016 6:47:00 AM,2,0,0,0.000000,0.000000,ORCHARD DR,DR,,,75.00,Feet,South,WILIMINGTON ST,,,,0.00,N,Not at Intersection, ,Non-Junction,None,,,         ,James,Curtis,Clear,HeadOn,no,no,no,no,no,False
101077172,METROPOLITAN NASHVILLE POLICE DEPT,20160044414,Davidson,Lakewood,1/14/2016 7:28:00 AM,2,1,0,36.238780,-86.630010,PITTS AV,,,,0.00,,,OLD HICKORY BLVD,,,,0.00,Y,Four-Way,N,Intersection-Related,None,,,         ,James,Curtis,Clear,Front to Rear,no,no,no,no,no,False
101077177,METROPOLITAN NASHVILLE POLICE DEPT,2016-0044417,Davidson,Nashville,1/13/2016 7:30:00 AM,2,0,0,36.175970,-86.780530,JEFFERSON ST,,,,522.00,Feet,East,OLDHAM ST PVTDR,,,,0.00,N,Not at Intersection,N,Non-Junction,None,,,         ,Darryl,Morton,Clear,Front to Rear,no,no,no,no,yes,False
101077180,GOODLETTSVILLE POLICE DEPT,16-01737,Davidson,Goodlettsville,1/14/2016 8:00:00 AM,2,1,0,36.310980,-86.696650,CONFERENCE DR,,,,0.00,,,MISSION RDG,,,,0.00,Y,T-Intersection,N,Intersection,None,,,         ,Brian,Hajdu,Clear,HeadOn,no,no,no,no,no,False
101077186,THP District 3 - Nashville,316001636,Davidson,Nashville,1/8/2016 10:09:00 AM,2,0,0,36.195610,-86.776310,FERN AV,,,,49.00,Feet,West,BRICK CHURCH PKE,,,,0.00,N,Not at Intersection, ,Non-Junction,None,,,         ,Terrell,Johnson,Cloudy,"Sideswipe, Same Direction",no,no,no,no,no,False
101077205,METROPOLITAN NASHVILLE POLICE DEPT,2016-0044797,Davidson,Not in City Limit,1/14/2016 9:30:00 AM,2,0,0,36.062620,-86.993600,MCCRORY LN,,,,1196.00,Feet,South,AVONDALE PARK DR,,,,0.00,N,Not at Intersection,N,Non-Junction,None,,,         ,Curtis,Rich,Clear,"Sideswipe, Opposite Direction",no,no,no,no,no,False
101077212,METROPOLITAN NASHVILLE POLICE DEPT,20160044816,Davidson,Nashville,1/14/2016 12:00:00 AM,2,0,0,36.161200,-86.792680,CHARLOTTE AV,,,,0.00,,,GEORGE L DAVIS BLVD,,,,0.00,Y,Four-Way, ,Intersection-Related,None,,,         ,Isaac,Wood,Clear,"Sideswipe, Same Direction",no,no,no,no,no,False
101077215,THP District 9 - Administrative,316002866,Davidson,Not in City Limit,1/14/2016 8:55:00 AM,2,0,0,36.030640,-86.638460,I 24,,,,0.00,,,,,,,61.00,N,Not at Intersection,N,Non-Junction,None,,,         ,Michael,Morgan,Clear,"Sideswipe, Same Direction",no,no,no,no,no,False
101077216,METROPOLITAN NASHVILLE POLICE DEPT,20160044897,Davidson,Nashville,1/14/2016 9:49:00 AM,2,0,0,36.067520,-86.631370,MURFREESBORO PKE,,,,50.00,Feet,North,FOREST VIEW DR,,,,0.00,N,Not at Intersection, ,Non-Junction,None,,,         ,Randall,Combs,Clear,"Sideswipe, Same Direction",no,no,no,no,no,False
101077218,METROPOLITAN NASHVILLE POLICE DEPT,20160042050,Davidson,Nashville,1/13/2016 4:34:00 PM,2,0,0,36.078200,-86.695090,I 24,,,,0.00,,,,,,,56.35,N,Not at Intersection,N,Non-Junction,None,,,         ,Jessie,Meadows,Clear,"Sideswipe, Same Direction",no,no,no,no,no,False
101077219,METROPOLITAN NASHVILLE POLICE DEPT,20160042276,Davidson,Nashville,1/13/2016 5:59:00 PM,2,0,0,36.114890,-86.724760,I 24,,,,0.00,,,,,,,53.30,N,Not at Intersection,N,Non-Junction,None,,,         ,Jessie,Meadows,Clear,Front to Rear,no,no,no,no,no,False
101077221,METROPOLITAN NASHVILLE POLICE DEPT,20160044753,Davidson,Nashville,1/14/2016 9:03:00 AM,2,1,0,36.091360,-86.828510,HARDING PL,,,,0.00,,,HILLSBORO PKE,,,,0.00,Y,Four-Way,N,Intersection,None,,,         ,Nathan,Kemp,Clear,Front to Rear,no,no,no,no,no,False
101077222,METROPOLITAN NASHVILLE POLICE DEPT,20160044831,Davidson,Nashville,1/14/2016 9:29:00 AM,2,0,0,36.150490,-86.801230,21ST AVS,,,,0.00,,,WEST END AV,,,,0.00,Y,Four-Way, ,Intersection,None,,,         ,Nathan,Kemp,Clear,"Sideswipe, Same Direction",no,no,no,no,no,Campus
101077233,METROPOLITAN NASHVILLE POLICE DEPT,20160041801,Davidson,Nashville,1/13/2016 4:55:00 PM,2,0,0,36.086540,-86.698110,I24 W EXT RAMP,,,,0.00,Feet,East,I 24,,,,0.00,N,Not at Intersection, ,Non-Junction,None,,,         ,Jessie,Meadows,Clear,Front to Rear,no,no,no,no,yes,False
101077234,METROPOLITAN NASHVILLE POLICE DEPT,20160041961,Davidson,Nashville,1/13/2016 5:08:00 PM,3,0,0,36.044890,-86.663860,BELL RD,,,,643.00,Feet,North,CANE RIDGE RD,,,,0.00,N,Not at Intersection, ,Non-Junction,None,,,         ,Jessie,Meadows,Clear,Front to Rear,no,no,no,no,no,False
101077235,METROPOLITAN NASHVILLE POLICE DEPT,20160044700,Davidson,Nashville,1/14/2016 8:46:00 AM,2,0,0,36.086820,-86.693980,STATE HWY 255,,,,586.00,Feet,East,S PERIMETER PARK DR,,,,0.00,N,Not at Intersection,N,Non-Junction,None,,,         ,Kenneth,Alexandrow,Clear,"Sideswipe, Same Direction",no,no,no,no,yes,False
101077241,METROPOLITAN NASHVILLE POLICE DEPT,20160044509,Davidson,Nashville,1/14/2016 7:48:00 AM,2,0,0,36.080330,-86.685710,ANTIOCH PIKE,,,,0.00,,,FRANKLIN LIMESTONE RD,,,,0.00,Y,Four-Way, ,Intersection,None,,,         ,Brian,Lamb,Clear,Front to Rear,no,no,no,no,no,False
101077259,METROPOLITAN NASHVILLE POLICE DEPT,20160045357,Davidson,Nashville,1/14/2016 12:24:00 PM,2,0,0,36.148220,-86.805860,WEST END AV,,,,210.00,Feet,East,24TH AVN,,,,0.00,N,Not at Intersection, ,Non-Junction,None,,,         ,Nathan,Kemp,Clear,Angle,no,no,no,no,no,Campus
101077263,METROPOLITAN NASHVILLE POLICE DEPT,2016-0045145,Davidson,Nashville,1/14/2016 11:15:00 AM,2,2,0,36.210920,-86.733050,GREENFIELD AVE,,,,0.00,,,GALLATIN PIKE,,,,0.00,Y,Four-Way,N,Intersection,None,,,         ,Eric,Knight,Clear,Angle,no,no,no,no,no,False
101077264,METROPOLITAN NASHVILLE POLICE DEPT,2016-0045213,Davidson,Nashville,1/14/2016 11:55:00 AM,4,1,0,36.154100,-86.822920,EXIT 206,,,,14.00,Feet,South,I 440,,,,0.00,N,Not at Intersection,Y,Non-Junction,None,,,         ,Curtis,Rich,Clear,Angle,no,no,no,no,yes,False
101077265,METROPOLITAN NASHVILLE POLICE DEPT,20160044571,Davidson,Nashville,1/14/2016 8:10:00 AM,3,1,0,36.070310,-86.690090,I 24,,,,0.00,,,,,,,56.95,N,Not at Intersection,N,Non-Junction,None,,,         ,Brian,Penny,Clear,Front to Rear,no,no,no,no,no,False
101077282,METROPOLITAN NASHVILLE POLICE DEPT,20160044932,Davidson,Nashville,1/14/2016 11:28:00 AM,2,0,0,36.169470,-86.806620,DR D B TODD JR BLVD,,,,0.00,,,JEFFERSON ST,,,,0.00,Y,Four-Way,N,Intersection-Related,None,,,         ,Nathan,Mayo,Clear,Angle,no,no,no,no,no,False
101077284,METROPOLITAN NASHVILLE POLICE DEPT,20160044966,Davidson,Nashville,1/14/2016 10:00:00 AM,2,0,0,36.242310,-86.757110,US HWY 31W,,,,60.00,Feet,West,RAMP,,,,0.00,N,Not at Intersection,N,Entrance/Exit Ramp Related,None,,,         ,Joshua,Borum,Clear,"Sideswipe, Opposite Direction",no,no,no,no,no,False
101077292,METROPOLITAN NASHVILLE POLICE DEPT,20160045518,Davidson,Nashville,1/14/2016 1:20:00 PM,1,0,0,36.168910,-86.656940,MUNN RD,,,,199.00,Feet,North,US HWY 70,,,,0.00,N,Not at Intersection, ,Non-Junction,None,,,         ,Robert,Magner,Clear,Not Collision with Motor Vehicle in Transport,no,no,no,no,no,False
101077295,METROPOLITAN NASHVILLE POLICE DEPT,20160045464,Davidson,Nashville,1/14/2016 1:57:00 PM,2,0,0,36.151810,-86.771240,US HWY 41,,,,0.00,,,4TH AVE S,,,,0.00,Y,Four-Way, ,Intersection,None,,,         ,Julie,Nabors,Clear,Front to Rear,no,no,no,no,no,False
101077298,METROPOLITAN NASHVILLE POLICE DEPT,20160045439,Davidson,Nashville,1/14/2016 12:52:00 PM,2,0,0,36.227500,-86.773370,I 65,,,,0.00,,,,,,,88.80,N,Not at Intersection, ,Non-Junction,Construction Zone,,,         ,Michael,McCord,Clear,"Sideswipe, Same Direction",no,no,no,no,no,False
101077308,METROPOLITAN NASHVILLE POLICE DEPT,20160045618,Davidson,Nashville,1/14/2016 1:50:00 PM,2,0,0,36.161160,-86.784840,CHURCH ST,,,,0.00,,,MCLEMORE ST,,,,0.00,Y,Four-Way, ,Intersection,None,,,         ,Clint,Gilleland,Clear,Front to Rear,no,no,no,no,no,False
101077333,METROPOLITAN NASHVILLE POLICE DEPT,20160041978,Davidson,Nashville,1/13/2016 3:32:00 PM,2,0,0,36.202500,-86.820480,BUENA VISTA PKE,,,,0.00,,,W TRINITY LN,,,,0.00,Y,T-Intersection,N,Intersection,None,,,         ,Caesar,Harris,Clear,Angle,no,no,no,no,no,False
101077336,METROPOLITAN NASHVILLE POLICE DEPT,20160045747,Davidson,Nashville,1/14/2016 1:32:00 PM,2,0,0,36.183430,-86.809030,CLAY ST,,,,0.00,,,14TH AVE N,,,,0.00,Y,T-Intersection, ,,None,,,         ,Brandon,Rardin,,,no,no,no,no,no,False
101077338,METROPOLITAN NASHVILLE POLICE DEPT,20160045706,Davidson,Nashville,1/14/2016 2:40:00 PM,2,0,0,36.187950,-86.607770,OLD LEBANON DIRT RD,,,,0.00,,,ANDREW JACKSON PKWY,,,,0.00,Y,Four-Way, ,Intersection,None,,,         ,Wesley,Young,Clear,Angle,no,no,no,no,no,False
101077344,METROPOLITAN NASHVILLE POLICE DEPT,20160042779,Davidson,Nashville,1/13/2016 7:40:00 PM,2,0,0,36.177020,-86.739620,WOODLAND ST,,,,0.00,,,N 17TH ST,,,,0.00,Y,T-Intersection,N,Non-Junction,None,,,         ,Nicholas,MacDougall,Clear,"Sideswipe, Same Direction",no,no,no,no,yes,False
101077348,METROPOLITAN NASHVILLE POLICE DEPT,20160045489,Davidson,Nashville,1/14/2016 1:48:00 PM,2,0,0,36.123880,-86.748000,I440 W EXT RAMP,,,,0.00,Feet,East,I 440,,,,0.00,N,Not at Intersection,N,Non-Junction,None,,,         ,Jessie,Meadows,Clear,Front to Rear,no,no,no,no,no,False
101077350,METROPOLITAN NASHVILLE POLICE DEPT,20160045719,Davidson,Nashville,1/14/2016 2:45:00 PM,2,1,0,36.044650,-86.659470,I24 E ENT RAMP,,,,0.00,Feet,East,I 24,,,,0.00,N,Not at Intersection,N,Entrance/Exit Ramp Related,None,,,         ,Jessie,Meadows,Clear,Angle,no,no,no,no,no,False
101077353,METROPOLITAN NASHVILLE POLICE DEPT,20160045911,Davidson,Nashville,1/14/2016 3:25:00 PM,2,0,0,36.146580,-86.666400,STATE HWY 255,,,,231.00,Feet,North,ROYAL PKWY,,,,0.00,N,Not at Intersection, ,Non-Junction,None,,,         ,Bryan,Byrnes,Clear,Angle,no,no,no,no,no,False
101077359,METROPOLITAN NASHVILLE POLICE DEPT,20160045702,Davidson,Nashville,1/14/2016 2:35:00 PM,1,0,0,36.202850,-86.776660,I 65,,,,0.00,,,,,,,87.05,N,Not at Intersection,N,Non-Junction,None,,,         ,Cressie,Prill,Clear,Not Collision with Motor Vehicle in Transport,no,no,no,no,no,False
101077361,METROPOLITAN NASHVILLE POLICE DEPT,20160045925,Davidson,Nashville,1/14/2016 3:19:00 PM,2,2,0,36.037400,-86.786570,FRANKLIN PKE,,,,0.00,,,OLD HICKORY BLVD,,,,0.00,Y,Four-Way,N,Intersection-Related,None,,,         ,Tien,Nguyen,Clear,Angle,no,no,no,no,no,False
101077364,METROPOLITAN NASHVILLE POLICE DEPT,20160045742,Davidson,Nashville,1/14/2016 2:43:00 PM,3,0,0,36.040280,-86.768370,OLD HICKORY BLVD,,,,0.00,,,SEVEN SPRINGS WAY,,,,0.00,Y,Four-Way, ,Intersection-Related,None,,,         ,Tien,Nguyen,Clear,Front to Rear,no,no,no,no,no,False
101077367,METROPOLITAN NASHVILLE POLICE DEPT,20160046008,Davidson,Nashville,1/14/2016 4:12:00 PM,1,0,0,36.060820,-86.915660,HIGHWAY 100,,,,147.00,Feet,East,OLD HICKORY BLVD,,,,0.00,N,Not at Intersection,N,Non-Junction,None,,,         ,Brandon,Pedigo,Clear,Not Collision with Motor Vehicle in Transport,no,no,no,no,no,False
101077370,METROPOLITAN NASHVILLE POLICE DEPT,20160046048,Davidson,Nashville,1/14/2016 4:12:00 PM,2,0,0,36.183050,-86.607820,ANDREW JACKSON WAY,,,,300.00,Feet,North,FRIST BLVD,,,,0.00,N,Not at Intersection, ,Non-Junction,None,,,         ,Tyler,Conrads,Clear,Angle,no,no,no,no,no,False
101077371,METROPOLITAN NASHVILLE POLICE DEPT,20160046041,Davidson,Nashville,1/14/2016 4:00:00 PM,2,0,0,36.038780,-86.743460,EDMONDSON PIKE,,,,336.00,Feet,North,BONNIE BRIDGE RD,,,,0.00,N,Not at Intersection, ,Non-Junction,None,,,         ,Jacob,Masteller,Clear,"Sideswipe, Same Direction",no,no,no,no,no,False
101077375,METROPOLITAN NASHVILLE POLICE DEPT,20160045997,Davidson,Nashville,1/14/2016 4:04:00 PM,2,0,0,36.136510,-86.790650,14TH AVS,,,,192.00,Feet,North,WEDGEWOOD AV,,,,0.00,N,Not at Intersection, ,Non-Junction,None,,,         ,Nicholas,Smith,Clear,"Sideswipe, Opposite Direction",no,no,no,no,no,False
101077384,METROPOLITAN NASHVILLE POLICE DEPT,20160046096,Davidson,Nashville,1/14/2016 4:22:00 PM,2,0,0,36.150260,-86.857520,CHARLOTTE PKE,,,,132.00,Feet,East,WHITE BRIDGE PKE,,,,0.00,N,Not at Intersection, ,Non-Junction,None,,,         ,Ryan,Allen,Clear,Angle,no,no,no,no,no,False
101077386,METROPOLITAN NASHVILLE POLICE DEPT,20160046154,Davidson,Nashville,1/14/2016 4:46:00 PM,2,0,0,36.038990,-86.782580,OLD HICKORY BLVD,,,,0.00,,,I65 N EXT RAMP,,,,0.00,Y,T-Intersection, ,Intersection-Related,None,,,         ,Tien,Nguyen,Clear,"Sideswipe, Same Direction",no,no,no,no,no,False
101077392,METROPOLITAN NASHVILLE POLICE DEPT,20160046177,Davidson,Nashville,1/14/2016 4:50:00 PM,2,0,0,36.120080,-86.802570,I 440,,,,0.00,,,,,,,3.00,N,Not at Intersection, ,,None,,,         ,Jonathan,Frith,,,no,no,no,no,no,False
101077395,METROPOLITAN NASHVILLE POLICE DEPT,20160046025,Davidson,Nashville,1/14/2016 3:28:00 PM,2,0,0,36.110260,-86.782080,STATE HWY 155,,,,0.00,,,MCNAIRY LN,,,,0.00,Y,T-Intersection, ,Intersection,None,,,         ,Megan,Lamon,Clear,Front to Rear,no,no,no,no,no,False
101077409,METROPOLITAN NASHVILLE POLICE DEPT,20160046272,Davidson,Nashville,1/14/2016 5:15:00 PM,2,0,0,36.185000,-86.636320,RAMP,,,,0.00,Feet,East,JACKSON DOWNS BLVD,,,,0.00,N,Not at Intersection, ,,None,,,         ,Craig,Gentry,,,no,no,no,no,no,False
101077410,METROPOLITAN NASHVILLE POLICE DEPT,20160046315,Davidson,Nashville,1/14/2016 4:56:00 PM,2,0,0,36.113050,-86.800030,WOODMONT BLVD,,,,0.00,,,BELMONT BLVD,,,,0.00,Y,Four-Way, ,Intersection-Related,None,,,         ,Tien,Nguyen,Clear,Front to Rear,no,no,no,no,no,False
101077413,METROPOLITAN NASHVILLE POLICE DEPT,20160046114,Davidson,Nashville,1/14/2016 4:09:00 PM,2,0,0,36.192710,-86.744370,DOUGLAS AV,,,,0.00,,,GALLATIN AV,,,,0.00,Y,Four-Way,N,Non-Junction,None,,,         ,Lee,Bond,Clear,"Sideswipe, Same Direction",no,no,no,no,no,False
101077414,METROPOLITAN NASHVILLE POLICE DEPT,20160046319,Davidson,Nashville,1/14/2016 5:37:00 PM,2,1,0,36.148810,-86.666280,ELM HILL PKE,,,,0.00,,,DONELSON PKE,,,,0.00,Y,Four-Way,N,Intersection,None,,,         ,Michael,Apsey,Clear,Front to Rear,no,no,no,no,no,False
101077429,METROPOLITAN NASHVILLE POLICE DEPT,20160046208,Davidson,Nashville,1/14/2016 5:00:00 PM,2,0,0,36.141420,-86.664110,I40 W EXT RAMP,,,,0.00,,,I 40,,,,0.00,Y,OTHER, ,Non-Junction,None,,,         ,Jaby,Djabbarov,Clear,Front to Rear,no,no,no,no,no,False
101077430,METROPOLITAN NASHVILLE POLICE DEPT,20160046447,Davidson,Nashville,1/14/2016 6:16:00 PM,2,0,0,36.077090,-86.725560,EDMONDSON PKE,,,,0.00,,,WALLACE RD,,,,0.00,Y,Four-Way,N,Intersection-Related,None,,,         ,Tien,Nguyen,Clear,"Sideswipe, Opposite Direction",no,no,no,no,yes,False
101077431,METROPOLITAN NASHVILLE POLICE DEPT,20160046444,Davidson,Not in City Limit,1/14/2016 5:51:00 PM,2,0,0,36.044740,-86.954590,STATE HWY 100,,,,486.00,Feet,East,OLD HARDING PIKE,,,,0.00,N,Not at Intersection, ,Non-Junction,None,,,         ,Benjamin,Spees,Clear,Front to Rear,no,no,no,no,no,False
101077432,METROPOLITAN NASHVILLE POLICE DEPT,20160046434,Davidson,Nashville,1/14/2016 6:12:00 PM,2,0,0,36.124230,-86.739720,I 440,,,,0.00,,,,,,,6.85,N,Not at Intersection, ,,None,,,         ,Jarret,Sonnenberg,,,no,no,no,no,no,False
101077433,METROPOLITAN NASHVILLE POLICE DEPT,20160046429,Davidson,Nashville,1/14/2016 6:03:00 PM,2,0,0,36.159670,-86.788060,CHURCH ST,,,,119.00,Feet,East,11TH AVE N,,,,0.00,N,Not at Intersection,N,Non-Junction,None,,,         ,Joshua,Hollins,Clear,Front to Rear,no,no,no,no,no,False
101077435,METROPOLITAN NASHVILLE POLICE DEPT,20160045701,Davidson,Nashville,1/14/2016 2:32:00 PM,1,1,0,36.089180,-86.650050,MURFREESBORO PKE,,,,41.00,Feet,North,RANSOM PL,,,,0.00,N,Not at Intersection,N,OtherLocation,None,,,         ,Jessie,Meadows,Clear,Not Collision with Motor Vehicle in Transport,yes,no,no,no,yes,False
101077437,METROPOLITAN NASHVILLE POLICE DEPT,20160046363,Davidson,Nashville,1/14/2016 5:35:00 PM,2,0,0,36.190500,-86.626080,US HWY 70,,,,581.00,Feet,South,BONNABROOK DR,,,,0.00,N,Not at Intersection,N,OtherLocation,None,,,         ,Christopher,Mackey,Clear,Other,no,no,no,no,no,False
101077445,METROPOLITAN NASHVILLE POLICE DEPT,20160046431,Davidson,Nashville,1/14/2016 6:02:00 PM,2,0,0,36.100480,-86.871050,HARDING PKE,,,,53.00,Feet,North,PAGE RD,,,,0.00,N,Not at Intersection, ,,None,,,         ,Brandon,Pedigo,,,no,no,no,no,no,False
101077447,METROPOLITAN NASHVILLE POLICE DEPT,20160045766,Davidson,Nashville,1/14/2016 1:00:00 AM,2,0,0,36.030670,-86.680230,DEER VALLEY TRL,,,,183.00,Feet,West,SKYSHORE WAY,,,,0.00,N,Not at Intersection,N,Non-Junction,None,,,         ,William,Durham,Clear,Unknown,no,no,no,no,yes,False
101077448,METROPOLITAN NASHVILLE POLICE DEPT,20160045940,Davidson,Nashville,1/14/2016 3:42:00 PM,2,0,0,36.045980,-86.674230,BLUE HOLE RD,,,,95.00,Feet,North,BELL RD,,,,0.00,N,Not at Intersection,N,Non-Junction,None,,,         ,William,Durham,Clear,Front to Rear,no,no,no,no,no,False
101077449,METROPOLITAN NASHVILLE POLICE DEPT,20160046274,Davidson,Nashville,1/14/2016 5:26:00 PM,2,0,0,36.081480,-86.726920,NOLENSVILLE PKE,,,,425.00,Feet,South,WELSHWOOD DR,,,,0.00,N,Not at Intersection,N,Non-Junction,None,,,         ,William,Durham,Clear,Angle,no,no,no,no,no,False