master_record_number,agency,agency_tracking_number,county,city,collision_date,vehicles_involved,number_injured,number_dead,latitude,longitude,roadway_name,roadway_suffix,roadway_number,roadway_local_id,distance_from_reference,miles-feet_indicator,direction_from_reference,intersection_road_name,intersection_road_name_suffix,intersection_road_number,intersection_local_id,mile_marker,intersection_indicator,intersect_type,interchange_related_indicator,relation_to_junction,work_zone_type,construction_maintenance_zone,construction_maintenance_zone_location,fatal_case_number,officer_first_name,officer_last_name,weather_condition(s),manner_of_crash,pedestrian,bicycle,scooter,parking,hitrun,mou
101077450,METROPOLITAN NASHVILLE POLICE DEPT,20160046406,Davidson,Not in City Limit,1/14/2016 5:39:00 PM,2,0,0,36.012220,-86.703500,NOLENSVILLE PKE,,,,65.00,Feet,South,HOLT RD,,,,0.00,N,Not at Intersection, ,Non-Junction,None,,,         ,William,Durham,Clear,Front to Rear,no,no,no,no,no,False
101077453,METROPOLITAN NASHVILLE POLICE DEPT,20160046395,Davidson,Nashville,1/14/2016 5:58:00 PM,2,1,0,36.192250,-86.744620,GALLATIN AV,,,,134.00,Feet,North,MCKENNIE AV,,,,0.00,N,Not at Intersection,N,Non-Junction,None,,,         ,Akira,McSwain,Clear,Front to Rear,no,no,no,no,no,False
101077456,METROPOLITAN NASHVILLE POLICE DEPT,20160046380,Davidson,Nashville,1/14/2016 5:35:00 PM,3,0,0,36.134010,-86.758950,NOLENSVILLE PKE,,,,0.00,,,CRAIGHEAD ST,,,,0.00,Y,T-Intersection, ,Intersection-Related,None,,,         ,Conner,Harris,Clear,Front to Rear,no,no,no,no,no,False
101077466,METROPOLITAN NASHVILLE POLICE DEPT,20160044328,Davidson,Not in City Limit,1/14/2016 6:25:00 AM,2,0,0,36.325570,-86.868850,US HWY 431,,,,0.00,,,RAMP,,,,0.00,Y,OTHER, ,Entrance/Exit Ramp Related,None,,,         ,Matthew,Lachance,Clear,Not Collision with Motor Vehicle in Transport,no,no,no,no,no,False
101077470,METROPOLITAN NASHVILLE POLICE DEPT,20160046556,Davidson,Nashville,1/14/2016 6:56:00 PM,1,1,0,36.156800,-86.839810,INDIANA AVE,,,,0.00,,,44TH AVE N,,,,0.00,Y,T-Intersection,N,Intersection,None,,,         ,Shaun,Heath,Cloudy,Not Collision with Motor Vehicle in Transport,yes,no,no,no,yes,False
101077478,METROPOLITAN NASHVILLE POLICE DEPT,20160046188,Davidson,Nashville,1/14/2016 4:55:00 PM,2,0,0,36.154140,-86.801370,20TH AVN,,,,97.00,Feet,South,STATE ST,,,,0.00,N,Not at Intersection, ,Non-Junction,None,,,         ,Maria,Cortez,Clear,Angle,no,no,no,no,no,False
101077482,METROPOLITAN NASHVILLE POLICE DEPT,20160045796,Davidson,Nashville,1/14/2016 3:11:00 PM,2,0,0,36.213110,-86.775640,I 65,,,,0.00,,,,,,,87.80,N,Not at Intersection,N,Non-Junction,Construction Zone,Other,Activity Area,         ,Michael,Brooks,Cloudy,"Sideswipe, Same Direction",no,no,no,no,no,False
101077490,METROPOLITAN NASHVILLE POLICE DEPT,20160046260,Davidson,Nashville,1/14/2016 5:22:00 PM,2,0,0,36.141270,-86.731740,I 40,,,,0.00,,,,,,,213.00,N,Not at Intersection,N,Non-Junction,None,,,         ,Thomas,Barnes,Clear,Angle,no,no,no,no,no,False
101077510,METROPOLITAN NASHVILLE POLICE DEPT,20160046834,Davidson,Nashville,1/14/2016 8:53:00 PM,1,0,0,36.142590,-86.815500,WEST END AV,,,,0.00,,,31ST AVN,,,,0.00,Y,Four-Way, ,Intersection-Related,None,,,         ,Tien,Nguyen,Clear,Not Collision with Motor Vehicle in Transport,no,no,no,no,no,Campus
101077516,METROPOLITAN NASHVILLE POLICE DEPT,2016-0046250,Davidson,Nashville,1/14/2016 5:00:00 PM,2,0,0,36.039730,-86.756530,OLD HICKORY BLVD,,,,544.00,Feet,South,BARRINGTON PLACE DR,,,,0.00,N,Not at Intersection, ,Non-Junction,None,,,         ,William,King,Clear,Front to Rear,no,no,no,no,no,False
101077520,METROPOLITAN NASHVILLE POLICE DEPT,20160034283,Davidson,Nashville,1/11/2016 4:13:00 PM,2,0,0,36.085130,-86.755510,ELYSIAN FIELDS RD,,,,0.00,,,TROUSDALE DR,,,,0.00,Y,T-Intersection, ,Intersection,None,,,         ,Miguel,Garcia,Clear,Angle,no,no,no,no,no,False
101077521,METROPOLITAN NASHVILLE POLICE DEPT,20160042608,Davidson,Nashville,1/13/2016 7:23:00 PM,2,0,0,36.068620,-86.719620,NOLENSVILLE PKE,,,,213.00,Feet,North,HAYWOOD LN,,,,0.00,N,Not at Intersection, ,Non-Junction,None,,,         ,Miguel,Garcia,Clear,Angle,no,no,no,no,no,False
101077522,METROPOLITAN NASHVILLE POLICE DEPT,20160045961,Davidson,Nashville,1/14/2016 4:00:00 PM,2,1,0,36.078890,-86.728410,HARDING PL,,,,634.00,Feet,East,COVENTRY DR,,,,0.00,N,Not at Intersection,N,Non-Junction,None,,,         ,Miguel,Garcia,Clear,Angle,no,no,no,no,no,False
101077523,METROPOLITAN NASHVILLE POLICE DEPT,20160046262,Davidson,Nashville,1/14/2016 5:32:00 PM,2,0,0,36.040040,-86.743910,OLD HICKORY BLVD,,,,128.00,Feet,West,EDMONDSON PKE,,,,0.00,N,Not at Intersection, ,Non-Junction,None,,,         ,Miguel,Garcia,Clear,"Sideswipe, Same Direction",no,no,no,no,yes,False
101077524,METROPOLITAN NASHVILLE POLICE DEPT,20160046397,Davidson,Nashville,1/14/2016 5:29:00 PM,2,0,0,36.093670,-86.749810,TROUSDALE DR,,,,1080.00,Feet,South,ALLIED DR,,,,0.00,N,Not at Intersection, ,Non-Junction,None,,,         ,Miguel,Garcia,Clear,Front to Rear,no,no,no,no,no,False
101077526,METROPOLITAN NASHVILLE POLICE DEPT,20160046117,Davidson,Nashville,1/14/2016 4:40:00 PM,2,0,0,36.169460,-86.679030,US HWY 70,,,,251.00,Feet,East,MCGAVOCK PIKE,,,,0.00,N,Not at Intersection,N,Non-Junction,None,,,         ,Bryan,Byrnes,Clear,Angle,no,no,no,no,no,False
101077531,METROPOLITAN NASHVILLE POLICE DEPT,20160046843,Davidson,Nashville,1/14/2016 8:54:00 PM,1,0,0,36.084490,-86.704850,HARDING PL,,,,329.00,Feet,East,LINBAR DR,,,,0.00,N,Not at Intersection,N,Non-Junction,None,,,         ,William,Durham,Clear,Not Collision with Motor Vehicle in Transport,no,no,no,yes,yes,False
101077533,METROPOLITAN NASHVILLE POLICE DEPT,20160046167,Davidson,Nashville,1/14/2016 5:22:00 PM,2,0,0,36.147590,-86.758760,LAFAYETTE ST,,,,37.00,Feet,West,LEWIS ST,,,,0.00,N,Not at Intersection, ,Non-Junction,None,,,         ,Jessie,Meadows,Clear,Angle,no,no,no,no,no,False
101077534,METROPOLITAN NASHVILLE POLICE DEPT,20160046389,Davidson,Nashville,1/14/2016 6:23:00 PM,2,0,0,36.087320,-86.692450,HARDING PL,,,,79.00,Feet,West,ANTIOCH PKE,,,,0.00,N,Not at Intersection,N,Non-Junction,None,,,         ,Jessie,Meadows,Clear,Front to Rear,no,no,no,no,no,False
101077538,METROPOLITAN NASHVILLE POLICE DEPT,20160046244,Davidson,Nashville,1/14/2016 5:19:00 PM,2,1,0,36.176880,-86.776180,SPRING ST,,,,0.00,,,COWAN ST,,,,0.00,Y,Four-Way,N,Intersection,None,,,         ,Caleb,Rogan,Clear,HeadOn,no,no,no,no,no,False
101077541,METROPOLITAN NASHVILLE POLICE DEPT,20160046679,Davidson,Goodlettsville,1/14/2016 6:50:00 PM,2,0,0,36.302450,-86.690440,RIVERGATE MARKETPLACE PVTDR,,,,428.00,Feet,East,GALLATIN PKEN,,,,0.00,N,Not at Intersection,N,Non-Junction,None,,,         ,Carlos,Urrutia,Clear,"Sideswipe, Same Direction",no,no,no,yes,yes,False
101077547,METROPOLITAN NASHVILLE POLICE DEPT,20160046718,Davidson,Nashville,1/14/2016 8:03:00 PM,2,2,1,36.142970,-86.626890,BELL RD,,,,744.00,Feet,North,ELM HILL PKE,,,,0.00,N,Not at Intersection,N,Non-Junction,None,,,16-0101  ,Erika,Bowden,Clear,HeadOn,no,no,no,no,no,False
101077556,METROPOLITAN NASHVILLE POLICE DEPT,20160046985,Davidson,Nashville,1/14/2016 9:27:00 PM,1,2,0,36.085990,-86.628070,BELL RD,,,,1163.00,Feet,South,NASHBORO BLVD,,,,0.00,N,Not at Intersection,N,Non-Junction,None,,,         ,Michael,Apsey,Clear,Not Collision with Motor Vehicle in Transport,no,no,no,no,no,False
101077561,METROPOLITAN NASHVILLE POLICE DEPT,20160046667,Davidson,Nashville,1/14/2016 7:20:00 PM,3,0,0,36.152830,-86.765360,I 40,,,,0.00,,,,,,,210.65,N,Not at Intersection, ,Non-Junction,None,,,         ,Brian,Smith,Clear,Front to Rear,no,no,no,no,no,False
101077573,METROPOLITAN NASHVILLE POLICE DEPT,20160047273,Davidson,Nashville,1/14/2016 10:25:00 PM,2,2,0,36.096460,-86.861940,HARDING PL,,,,189.00,Feet,West,WESTOVER AV,,,,0.00,N,Not at Intersection,N,Non-Junction,None,,,         ,Steven,Popp,Clear,HeadOn,no,no,no,no,no,False
101077575,METROPOLITAN NASHVILLE POLICE DEPT,20160047336,Davidson,Antioch,1/14/2016 11:15:00 PM,1,0,0,36.081380,-86.593500,SMITH SPRINGS RD,,,,604.00,Feet,East,ESTURBRIDGE CT,,,,0.00,N,Not at Intersection, ,Non-Junction,None,,,         ,Megan,Arnett,Clear,Not Collision with Motor Vehicle in Transport,no,no,no,no,no,False
101077580,METROPOLITAN NASHVILLE POLICE DEPT,20160047604,Davidson,Nashville,1/15/2016 1:30:00 AM,2,0,0,0.000000,0.000000,WOODLAND,ST,,1012,100.00,Feet,East,,,,,10.00,N,Not at Intersection, ,Non-Junction,None,,,         ,William,Hamblen,Clear,Front to Rear,no,no,no,no,yes,False
101077589,METROPOLITAN NASHVILLE POLICE DEPT,2016-0023217,Davidson,Nashville,1/14/2016 10:00:00 PM,2,0,0,36.124290,-86.696340,VULTEE BLVD,,,,0.00,,,BRILEY PKWY,,,,0.00,Y,Four-Way,N,Non-Junction,None,,,         ,Cecilia,Gomez,Clear,Front to Rear,no,no,no,no,no,False
101077595,METROPOLITAN NASHVILLE POLICE DEPT,20160048046,Davidson,Nashville,1/15/2016 5:14:00 AM,2,1,0,36.053900,-86.618190,MURFREESBORO,PIKE,,,0.00,,,MT VIEW,RD,,,0.00,Y,Four-Way,N,Intersection,None,,,         ,Blaze,Williams,Clear,Angle,no,no,no,no,no,False
101077596,VANDERBILT UNIVERSITY POLICE,16-0047667,Davidson,Nashville,1/15/2016 12:00:00 AM,1,0,0,36.142310,-86.800090,21ST AVS,,,,60.00,Feet,South,MEDICAL CENTER DR,,,,0.00,N,Not at Intersection,N,Non-Junction,None,,,         ,Michael,Knupp,Clear,Not Collision with Motor Vehicle in Transport,no,no,no,no,no,Campus
101077601,METROPOLITAN NASHVILLE POLICE DEPT,2016-0045600,Davidson,Nashville,1/14/2016 2:00:00 PM,2,1,0,36.082000,-86.919450,STATE HWY 251,,,,751.00,Feet,East,AMBERWOOD CIR,,,,0.00,N,Not at Intersection,N,Non-Junction,None,,,         ,Curtis,Rich,Clear,Angle,no,no,no,no,no,False
101077610,METROPOLITAN NASHVILLE POLICE DEPT,20160016167,Davidson,Nashville,1/6/2016 6:12:00 AM,4,1,0,36.098550,-86.924800,OLD HICKORY BLVD,,,,409.00,Feet,North,RIDGELAKE PKWY,,,,0.00,N,Not at Intersection,N,Non-Junction,None,,,         ,Ryan,McManman,Clear,Angle,no,no,no,no,no,False
101077617,METROPOLITAN NASHVILLE POLICE DEPT,20160043556,Davidson,Not in City Limit,1/14/2016 1:15:00 AM,2,0,0,36.270530,-86.736500,I 65,,,,0.00,,,,,,,92.70,N,Not at Intersection,N,Non-Junction,None,,,         ,Craig,Amabile,Clear,"Sideswipe, Same Direction",no,no,no,no,yes,False
101077618,METROPOLITAN NASHVILLE POLICE DEPT,20160048233,Davidson,Nashville,1/15/2016 7:07:00 AM,3,0,0,36.155040,-86.797520,CHURCH ST,,,,0.00,,,18TH AVN,,,,0.00,Y,Four-Way,N,Intersection,None,,,         ,Nathan,Kemp,Rain,Front to Rear,no,no,no,no,no,False
101077625,METROPOLITAN NASHVILLE POLICE DEPT,2016-0045662,Davidson,Nashville,1/14/2016 2:09:00 PM,2,0,0,36.096210,-86.824820,US HWY 431,,,,79.00,Feet,South,JEFFERSON SQ,,,,0.00,N,Not at Intersection, ,Non-Junction,None,,,         ,Brandon,Helms,Clear,Angle,no,no,no,no,no,False
101077626,METROPOLITAN NASHVILLE POLICE DEPT,20160048208,Davidson,Nashville,1/15/2016 6:52:00 AM,1,0,0,36.040930,-86.782540,I 65,,,,0.00,,,,,,,74.70,N,Not at Intersection,N,Non-Junction,None,,,         ,Earl,Davis,Rain,Not Collision with Motor Vehicle in Transport,no,no,no,no,no,False
101077627,METROPOLITAN NASHVILLE POLICE DEPT,20160045637,Davidson,Nashville,1/14/2016 1:54:00 PM,2,0,0,36.038200,-86.786360,FRANKLIN PKE,,,,295.00,Feet,North,FRANKLIN PIKE CIR,,,,0.00,N,Not at Intersection, ,,None,,,         ,Nathan,Kemp,,,no,no,no,no,no,False
101077631,METROPOLITAN NASHVILLE POLICE DEPT,20160048179,Davidson,Nashville,1/15/2016 6:21:00 AM,2,1,0,36.095380,-86.707390,I 24,,,,0.00,,,,,,,54.95,N,Not at Intersection,N,Non-Junction,None,,,         ,Kurt,Lewton,Rain,Front to Rear,no,no,no,no,no,False
101077634,METROPOLITAN NASHVILLE POLICE DEPT,20160048190,Davidson,Nashville,1/15/2016 12:00:00 AM,4,0,0,36.094740,-86.706870,I 24,,,,0.00,,,,,,,55.00,N,Not at Intersection,N,Non-Junction,None,,,         ,Douglas,Sykes,Rain,Front to Rear,no,no,no,no,no,False
101077635,METROPOLITAN NASHVILLE POLICE DEPT,20160027160,Davidson,Nashville,1/9/2016 12:49:00 AM,2,1,0,36.097420,-86.924870,OLD HICKORY BLVD,,,,0.00,,,RIDGELAKE PKWY,,,,0.00,Y,T-Intersection,N,Non-Junction,None,,,         ,Ryan,McManman,Clear,Front to Rear,no,no,no,no,no,False
101077638,METROPOLITAN NASHVILLE POLICE DEPT,20160048248,Davidson,Nashville,1/15/2016 7:19:00 AM,2,0,0,36.142410,-86.710470,I 40,,,,0.00,,,,,,,214.20,N,Not at Intersection, ,,None,,,         ,Larry,Benz,,,no,no,no,no,no,False
101077639,METROPOLITAN NASHVILLE POLICE DEPT,20160048231,Davidson,Nashville,1/15/2016 7:02:00 AM,2,0,0,36.230890,-86.751060,BROADMOOR DR,,,,0.00,,,WALTON LN,,,,0.00,Y,T-Intersection,N,Intersection-Related,None,,,         ,Casey,Tomes,Rain,Front to Rear,no,no,no,no,no,False
101077671,METROPOLITAN NASHVILLE POLICE DEPT,20160045594,Davidson,Nashville,1/14/2016 1:43:00 PM,1,0,0,36.256270,-86.674850,CHEYENNE BLVD,,,,0.00,,,RIVER RETREAT PVTDR,,,,0.00,Y,T-Intersection,N,Non-Junction,None,,,         ,Eric,Richardson,Clear,Not Collision with Motor Vehicle in Transport,no,no,no,no,no,False
101077674,METROPOLITAN NASHVILLE POLICE DEPT,20160048359,Davidson,Nashville,1/15/2016 8:06:00 AM,2,0,0,36.060090,-86.741060,ELLINGTON CIR,,,,0.00,,,EDMONDSON PIKE,,,,0.00,Y,T-Intersection,N,Non-Junction,None,,,         ,Earl,Davis,Rain,Front to Rear,no,no,no,no,no,False
101077683,METROPOLITAN NASHVILLE POLICE DEPT,20160041239,Davidson,Nashville,1/13/2016 11:47:00 AM,2,1,0,36.205020,-86.737620,MCGAVOCK PKE,,,,0.00,,,GALLATIN PKE,,,,0.00,Y,Four-Way,N,Non-Junction,None,,,         ,Alex,Moore,Clear,Front to Rear,no,no,no,no,no,False
101077684,METROPOLITAN NASHVILLE POLICE DEPT,2016-0048487,Davidson,Nashville,1/15/2016 8:55:00 AM,2,0,0,36.108920,-86.922470,STATE HWY 251,,,,339.00,Feet,South,SONYA DR,,,,0.00,N,Not at Intersection, ,Non-Junction,None,,,         ,Curtis,Rich,Rain,Front to Rear,no,no,no,no,no,False
101077687,METROPOLITAN NASHVILLE POLICE DEPT,20160048365,Davidson,Nashville,1/15/2016 8:07:00 AM,2,0,0,36.188180,-86.726590,GREENWOOD AVE,,,,0.00,,,RIVERSIDE DR,,,,0.00,Y,T-Intersection, ,Non-Junction,None,,,         ,Tony,Folad,Rain,Angle,no,no,no,no,yes,False
101077688,METROPOLITAN NASHVILLE POLICE DEPT,20160048217,Davidson,Nashville,1/15/2016 6:25:00 AM,2,0,0,36.228480,-86.780150,I 24,,,,0.00,,,,,,,44.30,N,Not at Intersection,Y,Entrance/Exit Ramp Related,Construction Zone,Laneclosure,Advanced Warning Area,         ,Nicholas,Diamond,Rain,"Sideswipe, Same Direction",no,no,no,no,yes,False
101077690,METROPOLITAN NASHVILLE POLICE DEPT,20160048531,Davidson,Nashville,1/15/2016 9:12:00 AM,2,0,0,36.116060,-86.790760,I 440,,,,0.00,,,,,,,3.95,N,Not at Intersection, ,Non-Junction,None,,,         ,Nathan,Kemp,Rain,Front to Rear,no,no,no,no,no,False
101077691,METROPOLITAN NASHVILLE POLICE DEPT,20160036887,Davidson,Nashville,1/12/2016 10:25:00 AM,2,0,0,36.171400,-86.794110,PHILLIPS ST,,,,0.00,,,10TH AVE N,,,,0.00,Y,Four-Way, ,Non-Junction,None,,,         ,Rodney,Clark,Clear,"Sideswipe, Same Direction",no,no,no,no,yes,False
101077695,METROPOLITAN NASHVILLE POLICE DEPT,20160048186,Davidson,Nashville,1/15/2016 6:36:00 AM,2,1,0,36.147460,-86.743990,I 40,,,,0.00,,,,,,,212.00,N,Not at Intersection,N,Non-Junction,None,,,         ,James,Curtis,Rain,Front to Rear,no,no,no,no,no,False
101077696,METROPOLITAN NASHVILLE POLICE DEPT,20160048270,Davidson,Nashville,1/15/2016 7:30:00 AM,2,0,0,36.073780,-86.769180,I 65,,,,0.00,,,,,,,77.20,N,Not at Intersection,N,Non-Junction,None,,,         ,Michael,Richardson,Rain,Angle,no,no,no,no,no,False
101077707,METROPOLITAN NASHVILLE POLICE DEPT,20160048302,Davidson,Nashville,1/15/2016 7:38:00 AM,2,1,0,36.151400,-86.768660,I 40,,,,0.00,,,,,,,210.50,N,Not at Intersection,N,Non-Junction,None,,,         ,Robert,Magner,Rain,"Sideswipe, Same Direction",no,no,no,no,no,False
101077709,METROPOLITAN NASHVILLE POLICE DEPT,20160045432,Davidson,Nashville,1/14/2016 12:50:00 PM,2,0,0,36.241270,-86.757270,BRILEY PKWYE,,,,0.00,,,DICKERSON PKE,,,,0.00,Y,OTHER, ,Non-Junction,None,,,         ,Alex,Moore,Clear,Other,no,no,no,no,no,False
101077711,METROPOLITAN NASHVILLE POLICE DEPT,20160048223,Davidson,Nashville,1/15/2016 6:40:00 AM,2,1,0,36.051560,-86.741590,HUNTINGTON PKWY,,,,0.00,,,,,,,0.00,,,N,Non-Junction,None,,,         ,George,Ward,Rain,Front to Rear,no,no,no,no,no,False
101077714,METROPOLITAN NASHVILLE POLICE DEPT,20160048354,Davidson,Nashville,1/15/2016 7:52:00 AM,2,0,0,36.064560,-86.601390,CONEFLOWER TRL,,,,0.00,,,REBECCA TRENA WAY,,,,0.00,Y,T-Intersection,N,Intersection-Related,None,,,         ,Jason,Dudley,Rain,Front to Rear,no,no,no,no,no,False
101077724,METROPOLITAN NASHVILLE POLICE DEPT,20160048447,Davidson,Nashville,1/15/2016 12:00:00 AM,1,0,0,36.142770,-86.765890,HOUSTON ST,,,,0.00,,,,,,,0.00,,,N,Non-Junction,None,,,         ,Roy,Sain Jr.,Unknown,Not Collision with Motor Vehicle in Transport,no,no,no,no,yes,False
101077725,METROPOLITAN NASHVILLE POLICE DEPT,20160048398,Davidson,Nashville,1/15/2016 8:15:00 AM,2,0,0,36.146690,-86.742830,I 40,,,,0.00,,,,,,,212.10,N,Not at Intersection, ,Non-Junction,None,,,         ,Richard,Hyatt,Rain,Front to Rear,no,no,no,no,no,False
101077728,METROPOLITAN NASHVILLE POLICE DEPT,2016048249,Davidson,Nashville,1/15/2016 7:05:00 AM,2,1,0,36.053220,-86.620220,MOUNT VIEW RD,,,,598.00,Feet,West,MOUNT VIEW CIR,,,,0.00,N,Not at Intersection,N,Non-Junction,None,,,         ,James,Grady,Rain,Front to Rear,no,no,no,no,no,False
101077731,METROPOLITAN NASHVILLE POLICE DEPT,20160033762,Davidson,Nashville,1/11/2016 1:40:00 PM,2,2,0,36.154630,-86.779160,8TH AVS,,,,0.00,,,LAFAYETTE ST,,,,0.00,Y,Roundabout,N,Intersection,None,,,         ,Byron,Carter,Clear,Angle,no,no,no,no,no,False
101077742,METROPOLITAN NASHVILLE POLICE DEPT,20160048308,Davidson,Nashville,1/15/2016 7:21:00 AM,2,0,0,36.096580,-86.673740,STATE HWY 255,,,,606.00,Feet,South,OLD EZELL RD,,,,0.00,N,Not at Intersection, ,Non-Junction,None,,,         ,Roy,McElwee,Rain,Front to Rear,no,no,no,no,no,False
101077755,METROPOLITAN NASHVILLE POLICE DEPT,20160048665,Davidson,Nashville,1/15/2016 10:35:00 AM,2,0,0,36.044450,-86.780330,I 65,,,,0.00,,,,,,,75.00,N,Not at Intersection, ,,None,,,         ,Michael,Richardson,,,no,no,no,no,no,False
101077760,METROPOLITAN NASHVILLE POLICE DEPT,20160048345,Davidson,Antioch,1/15/2016 7:49:00 AM,2,0,0,36.010530,-86.616050,I 24,,,,0.00,,,,,,,62.90,N,Not at Intersection, ,Non-Junction,None,,,         ,Brian,Lamb,Rain,Front to Rear,no,no,no,no,no,False
101077764,METROPOLITAN NASHVILLE POLICE DEPT,20160048654,Davidson,Nashville,1/15/2016 9:59:00 AM,2,0,0,36.096390,-86.649150,SMITH SPRINGS RD,,,,1238.00,Feet,East,REYNOLDS RD,,,,0.00,N,Not at Intersection, ,Non-Junction,Work Zone,,,         ,James,Curtis,Rain,Front to Rear,no,no,no,no,no,False
101077785,VANDERBILT UNIVERSITY POLICE,16-0048727,Davidson,Nashville,1/15/2016 10:05:00 AM,1,0,0,36.146270,-86.804430,WEST SIDE ROW,,,,77.00,Feet,North,VANDERBILT PL PVTDR,,,,0.00,N,Not at Intersection, ,,None,,,         ,Allan,Sullivan,,,no,no,no,yes,no,Campus
101077788,METROPOLITAN NASHVILLE POLICE DEPT,20160048484,Davidson,Not in City Limit,1/15/2016 9:31:00 AM,2,0,0,36.020360,-86.627020,I 24,,,,0.00,,,,,,,62.00,N,Not at Intersection, ,,None,,,         ,Timothy,Mead,,,no,no,no,no,no,False
101077791,METROPOLITAN NASHVILLE POLICE DEPT,2016048535,Davidson,Nashville,1/15/2016 8:47:00 AM,2,1,0,36.042480,-86.712840,US HWY 31 ALT,,,,0.00,,,SWISS AVE,,,,0.00,Y,Four-Way,N,Intersection,None,,,         ,James,Grady,Rain,Front to Rear,no,no,no,no,yes,False
101077792,METROPOLITAN NASHVILLE POLICE DEPT,20160048823,Davidson,Nashville,1/15/2016 11:33:00 AM,1,1,0,36.058830,-86.670400,MT VIEW RD,,,,13.00,Feet,East,HICKORY HOLLOW PKWY,,,,0.00,N,Not at Intersection,N,Non-Junction,None,,,         ,Jessie,Meadows,Rain,Not Collision with Motor Vehicle in Transport,no,no,no,no,no,False
101077798,METROPOLITAN NASHVILLE POLICE DEPT,20160048585,Davidson,Nashville,1/15/2016 9:25:00 AM,2,0,0,36.142570,-86.735500,I 40,,,,0.00,,,,,,,212.80,N,Not at Intersection,N,Non-Junction,None,,,         ,Robert,Magner,Rain,"Sideswipe, Same Direction",no,no,no,no,no,False
101077800,METROPOLITAN NASHVILLE POLICE DEPT,20160048600,Davidson,Nashville,1/15/2016 9:40:00 AM,2,2,0,36.050600,-86.667880,I 24,,,,0.00,,,,,,,58.80,N,Not at Intersection,N,Non-Junction,None,,,         ,Jason,Dudley,Rain,Front to Rear,no,no,no,no,no,False
101077808,METROPOLITAN NASHVILLE POLICE DEPT,20160048361,Davidson,Nashville,1/15/2016 7:55:00 AM,2,0,0,36.239080,-86.779760,EXIT 17,,,,0.00,Feet,East,-- UNKNOWN RAMP/ROAD --,,,,0.00,N,Not at Intersection,N,Entrance/Exit Ramp Related,None,,,         ,Joshua,Borum,Rain,Front to Rear,no,no,no,no,yes,False
101077809,METROPOLITAN NASHVILLE POLICE DEPT,20160048631,Davidson,Nashville,1/15/2016 7:50:00 AM,1,0,0,36.045810,-86.662770,CANE RIDGE RD,,,,0.00,,,,,,,0.00,,,N,Non-Junction,None,,,         ,David,Smith,Rain,Not Collision with Motor Vehicle in Transport,no,no,no,yes,yes,False
101077810,METROPOLITAN NASHVILLE POLICE DEPT,20160048280,Davidson,Nashville,1/15/2016 6:30:00 AM,1,1,0,36.101780,-86.740560,US HWY 31 ALT,,,,0.00,,,ANTIOCH PIKE,,,,0.00,Y,T-Intersection,Y,Intersection,None,,,         ,Michael,Burgess,Rain,Not Collision with Motor Vehicle in Transport,yes,no,no,no,yes,False
101077814,METROPOLITAN NASHVILLE POLICE DEPT,2016-0048207,Davidson,Nashville,1/15/2016 6:35:00 AM,2,0,0,36.071070,-86.769650,I 65,,,,0.00,,,,,,,77.00,N,Not at Intersection, ,Non-Junction,None,,,         ,Allen,Bates,Rain,"Sideswipe, Same Direction",no,no,no,no,no,False
101077818,METROPOLITAN NASHVILLE POLICE DEPT,20160048572,Davidson,Nashville,1/15/2016 9:29:00 AM,2,0,0,36.048670,-86.776000,I 65,,,,0.00,,,,,,,75.40,N,Not at Intersection, ,Non-Junction,None,,,         ,Earl,Davis,Rain,"Sideswipe, Same Direction",no,no,no,no,no,False
101077849,METROPOLITAN NASHVILLE POLICE DEPT,20160048870,Davidson,Nashville,1/15/2016 11:26:00 AM,2,0,0,36.127310,-86.702040,THOMPSON PL,,,,0.00,,,CONNELLY DR,,,,0.00,Y,T-Intersection, ,,None,,,         ,Terry,Denton,,,no,no,no,no,no,False
101077854,METROPOLITAN NASHVILLE POLICE DEPT,20160048540,Davidson,Nashville,1/15/2016 9:17:00 AM,2,0,0,36.161640,-86.819240,28TH AVN,,,,0.00,,,HERMAN ST,,,,0.00,Y,T-Intersection, ,Intersection-Related,None,,,         ,Nathan,Mayo,Rain,"Sideswipe, Same Direction",no,no,no,no,no,False
101077858,METROPOLITAN NASHVILLE POLICE DEPT,20160049147,Davidson,Not in City Limit,1/15/2016 12:40:00 PM,2,0,0,36.308400,-86.682260,US HWY 31E,,,,229.00,Feet,West,RIVERCHASE BLVD,,,,0.00,N,Not at Intersection, ,,None,,,         ,Joshua,Borum,,,no,no,no,no,no,False
101077868,METROPOLITAN NASHVILLE POLICE DEPT,2016-0049126,Davidson,Nashville,1/15/2016 12:40:00 PM,1,0,0,36.079940,-86.720230,RECOVERY RD,,,,314.00,Feet,North,WALLACE RD,,,,0.00,N,Not at Intersection,N,Non-Junction,None,,,         ,Brandon,O'Guin,Rain,Not Collision with Motor Vehicle in Transport,no,no,no,no,no,False
101077871,METROPOLITAN NASHVILLE POLICE DEPT,20160048636,Davidson,Nashville,1/15/2016 9:55:00 AM,2,0,0,36.137570,-86.800760,21ST AVS,,,,0.00,,,BLAKEMORE AV,,,,0.00,Y,Four-Way, ,,None,,,         ,Nathan,Kemp,,,no,no,no,no,no,Campus