master_record_number,agency,agency_tracking_number,county,city,collision_date,vehicles_involved,number_injured,number_dead,latitude,longitude,roadway_name,roadway_suffix,roadway_number,roadway_local_id,distance_from_reference,miles-feet_indicator,direction_from_reference,intersection_road_name,intersection_road_name_suffix,intersection_road_number,intersection_local_id,mile_marker,intersection_indicator,intersect_type,interchange_related_indicator,relation_to_junction,work_zone_type,construction_maintenance_zone,construction_maintenance_zone_location,fatal_case_number,officer_first_name,officer_last_name,weather_condition(s),manner_of_crash,pedestrian,bicycle,scooter,parking,hitrun,mou
101080569,METROPOLITAN NASHVILLE POLICE DEPT,2016-0065076,Davidson,Nashville,1/20/2016 9:30:00 AM,1,1,0,36.170210,-86.595930,I 40,,,,0.00,,,,,,,221.10,N,Not at Intersection,N,Non-Junction,None,,,         ,Michael,Baker,Snow,Not Collision with Motor Vehicle in Transport,no,no,no,no,no,False
101080570,METROPOLITAN NASHVILLE POLICE DEPT,20160064974,Davidson,Nashville,1/20/2016 8:56:00 AM,1,1,0,36.197150,-86.866970,BRILEY PKWYS,,,,1703.00,Feet,North,BRILEY PKWYN,,,,0.00,N,Not at Intersection,N,Non-Junction,None,,,         ,Earnest,Fields,Snow,Not Collision with Motor Vehicle in Transport,no,no,no,no,no,False
101080581,METROPOLITAN NASHVILLE POLICE DEPT,20160065032,Davidson,Nashville,1/20/2016 9:10:00 AM,2,0,0,36.079590,-86.716640,WALLACE RD,,,,0.00,,,FOLEY DR,,,,0.00,Y,Four-Way,N,Intersection,None,,,         ,Brian,Lamb,Snow,Front to Rear,no,no,no,no,no,False
101080582,METROPOLITAN NASHVILLE POLICE DEPT,20160064956,Davidson,Nashville,1/20/2016 8:57:00 AM,2,0,0,36.030890,-86.638760,I 24,,,,0.00,,,,,,,60.95,N,Not at Intersection, ,Non-Junction,None,,,         ,Kenneth,Alexandrow,Snow,Angle,no,no,no,no,no,False
101080586,METROPOLITAN NASHVILLE POLICE DEPT,20160065069,Davidson,Nashville,1/20/2016 7:10:00 AM,2,0,0,36.228130,-86.846270,STATE HWY 155,,,,1090.00,Feet,East,DRAKES BRANCH RD,,,,0.00,N,Not at Intersection,N,Non-Junction,None,,,         ,Michael,McCord,Snow,Front to Rear,no,no,no,no,yes,False
101080595,METROPOLITAN NASHVILLE POLICE DEPT,20160065179,Davidson,Nashville,1/20/2016 10:20:00 AM,1,0,0,36.193120,-86.687150,BRILEY PKWYN,,,,255.00,Feet,North,BRILEY PKWYS,,,,0.00,N,Not at Intersection, ,,None,,,         ,James,Curtis,,,no,no,no,no,no,False
101080598,METROPOLITAN NASHVILLE POLICE DEPT,20160064981,Davidson,Nashville,1/20/2016 8:55:00 AM,2,0,0,36.187170,-86.798360,US HWY 41 ALT,,,,143.00,Feet,South,RAMP,,,,0.00,N,Not at Intersection, ,Non-Junction,None,,,         ,James,Jarvis,Snow,Front to Rear,no,no,no,no,no,False
101080600,METROPOLITAN NASHVILLE POLICE DEPT,20160065033,Davidson,Nashville,1/20/2016 9:10:00 AM,1,0,0,36.154320,-86.741680,US HWY 70,,,,52.00,Feet,West,RUCKER AVE,,,,0.00,N,Not at Intersection,N,Non-Junction,None,,,         ,Ralph,Harvey,Snow,Not Collision with Motor Vehicle in Transport,no,no,no,no,no,False
101080601,METROPOLITAN NASHVILLE POLICE DEPT,20160064868,Davidson,Nashville,1/20/2016 8:07:00 AM,2,0,0,36.244020,-86.746980,I65 N ENT RAMP,,,,0.00,,,I 65,,,,0.00,Y,OTHER, ,Non-Junction,None,,,         ,Martin,Gonzalez,Snow,"Sideswipe, Same Direction",no,no,no,no,no,False
101080603,METROPOLITAN NASHVILLE POLICE DEPT,20160065061,Davidson,Nashville,1/20/2016 8:55:00 AM,1,1,0,36.146450,-86.694230,I40 W EXT RAMP,,,,0.00,,,BRILEY PKWYN,,,,0.00,Y,OTHER,Y,Entrance/Exit Ramp Related,None,,,         ,Tyler,Maupin,Snow,Not Collision with Motor Vehicle in Transport,no,no,no,no,yes,False
101080613,METROPOLITAN NASHVILLE POLICE DEPT,20160065206,Davidson,Nashville,1/20/2016 10:31:00 AM,1,0,0,36.194250,-86.791920,GREAT CIRCLE RD,,,,78.00,Feet,North,CONNECTING ROAD,,,,0.00,N,Not at Intersection, ,Non-Junction,None,,,         ,Michael,Parman,Sleet/Hail,Not Collision with Motor Vehicle in Transport,no,no,no,no,no,False
101080621,VANDERBILT UNIVERSITY POLICE,116-0065026,Davidson,Nashville,1/20/2016 9:00:00 AM,1,0,0,36.143040,-86.810030,NATCHEZ TRACE,TRCE,US0000,,0.00,,,28TH AND NATCHEZ,AVE,SR,,0.00,Y,Four-Way, ,Intersection-Related,None,,,         ,Yasemine,Lomax,Snow,Not Collision with Motor Vehicle in Transport,no,no,no,no,no,Campus
101080624,METROPOLITAN NASHVILLE POLICE DEPT,2016-0065100,Davidson,Nashville,1/20/2016 9:43:00 AM,1,0,0,36.240510,-86.770440,STATE HWY 155,,,,0.00,,,STOCKDALE LN,,,,0.00,Y,OTHER, ,Non-Junction,None,,,         ,Michael,Agee,Snow,Not Collision with Motor Vehicle in Transport,no,no,no,no,no,False
101080626,METROPOLITAN NASHVILLE POLICE DEPT,20160065123,Davidson,Nashville,1/20/2016 9:45:00 AM,2,1,0,36.139000,-86.665800,DONELSON PKE,,,,0.00,,,I40 E ENT RAMP,,,,0.00,Y,OTHER,N,Non-Junction,None,,,         ,Gordon,Stovall,Snow,Front to Rear,no,no,no,no,no,False
101080629,METROPOLITAN NASHVILLE POLICE DEPT,20160065060,Davidson,Nashville,1/20/2016 9:20:00 AM,2,0,0,36.164440,-86.614980,I 40,,,,0.00,,,,,,,220.00,N,Not at Intersection,N,Non-Junction,None,,,         ,Craig,Carlson,Snow,Angle,no,no,no,no,no,False
101080635,METROPOLITAN NASHVILLE POLICE DEPT,20160065103,Davidson,Nashville,1/20/2016 9:41:00 AM,3,1,0,36.143750,-86.648830,I 40,,,,0.00,,,,,,,217.35,N,Not at Intersection,N,Non-Junction,None,,,         ,Jiyayi,Suleyman,Snow,Angle,no,no,no,no,no,False
101080639,METROPOLITAN NASHVILLE POLICE DEPT,2016-0065072,Davidson,Nashville,1/20/2016 9:02:00 AM,1,1,0,36.224200,-86.694460,STATE HWY 155,,,,92.00,Feet,East,MUSIC VALLEY DR,,,,0.00,N,Not at Intersection,N,Non-Junction,None,,,         ,Angelo,Lezzi,Snow,Not Collision with Motor Vehicle in Transport,no,no,no,no,no,False
101080640,METROPOLITAN NASHVILLE POLICE DEPT,096592094,Davidson,Nashville,1/20/2016 9:30:00 AM,2,0,0,36.231680,-86.782370,EWING DR,,,,254.00,Feet,West,BRICK CHURCH PKE,,,,0.00,N,Not at Intersection, ,Non-Junction,None,,,         ,Peter,Lynch,Snow,Front to Rear,no,no,no,no,no,False
101080642,METROPOLITAN NASHVILLE POLICE DEPT,2016-0041703,Davidson,Nashville,1/13/2016 2:28:00 PM,1,0,0,36.143960,-86.722420,ELM HILL PKE,,,,44.00,Feet,East,SPENCE LN,,,,0.00,N,Not at Intersection,N,Non-Junction,None,,,         ,Jeb,Johnston,Cloudy,Not Collision with Motor Vehicle in Transport,no,no,no,no,no,False
101080646,METROPOLITAN NASHVILLE POLICE DEPT,20160065255,Davidson,Nashville,1/20/2016 10:55:00 AM,1,0,0,36.046780,-86.778120,FRANKLIN PKE,,,,493.00,Feet,North,FRANKLIN PIKE CIR,,,,0.00,N,Not at Intersection,N,Non-Junction,None,,,         ,Nathan,Kemp,Sleet/Hail,Not Collision with Motor Vehicle in Transport,no,no,no,no,no,False
101080647,METROPOLITAN NASHVILLE POLICE DEPT,20160065274,Davidson,Nashville,1/20/2016 10:30:00 AM,1,0,0,36.037200,-86.776930,FOX RIDGE DR,,,,0.00,,,PLUM NELLY CIR,,,,0.00,Y,T-Intersection,N,Intersection,None,,,         ,Earl,Davis,Sleet/Hail,Not Collision with Motor Vehicle in Transport,no,no,no,no,no,False
101080656,METROPOLITAN NASHVILLE POLICE DEPT,20160064990,Davidson,Whites Creek,1/20/2016 8:55:00 AM,1,0,0,36.273350,-86.795850,I 24,,,,0.00,,,,,,,40.85,N,Not at Intersection, ,Non-Junction,None,,,         ,William,Estes,Snow,Not Collision with Motor Vehicle in Transport,no,no,no,no,no,False
101080661,METROPOLITAN NASHVILLE POLICE DEPT,2016-0065209,Davidson,Not in City Limit,1/20/2016 10:50:00 AM,1,1,0,36.003830,-87.028900,OLD HARDING PIKE,,,,584.00,Feet,North,STATE HWY 96,,,,0.00,N,Not at Intersection,N,Non-Junction,None,,,         ,Curtis,Rich,Cloudy,Not Collision with Motor Vehicle in Transport,no,no,no,no,no,False
101080664,METROPOLITAN NASHVILLE POLICE DEPT,20160061940,Davidson,Nashville,1/19/2016 1:33:00 PM,2,0,0,36.171370,-86.873700,CENTENNIAL BOULEVARD RAMP,,,,0.00,,,CENTENNIAL BLVD,,,,0.00,Y,Four-Way, ,Non-Junction,None,,,         ,Christopher,Taylor,Cloudy,Front to Rear,no,no,no,no,no,False
101080672,METROPOLITAN NASHVILLE POLICE DEPT,2016-0064691,Davidson,Nashville,1/20/2016 6:22:00 AM,2,1,0,36.110520,-86.722110,I 24,,,,0.00,,,,,,,53.65,N,Not at Intersection,N,Non-Junction,None,,,         ,William,Whitworth,Sleet/Hail,Angle,no,no,no,no,no,False
101080673,METROPOLITAN NASHVILLE POLICE DEPT,2016-0064811,Davidson,Not in City Limit,1/20/2016 7:14:00 AM,1,0,0,36.109780,-86.541850,HOBSON PKE,,,,2140.00,Feet,East,GRANNY WRIGHT LN,,,,0.00,N,Not at Intersection,N,Non-Junction,None,,,         ,William,Whitworth,Sleet/Hail,Not Collision with Motor Vehicle in Transport,no,no,no,no,no,False
101080683,METROPOLITAN NASHVILLE POLICE DEPT,20160065182,Davidson,Nashville,1/20/2016 10:46:00 AM,1,0,0,36.217660,-86.747400,ELLINGTON PKWYN,,,,209.00,Feet,South,HART LN,,,,0.00,N,Not at Intersection, ,Non-Junction,None,,,         ,Jared,Eaves,Snow,Not Collision with Motor Vehicle in Transport,no,no,no,no,no,False
101080684,METROPOLITAN NASHVILLE POLICE DEPT,20160065175,Davidson,Nashville,1/20/2016 10:56:00 AM,2,0,0,36.076270,-86.671080,QUIET CREEK CT,,,,105.00,Feet,East,TERRAGON TRL,,,,0.00,N,Not at Intersection, ,Non-Junction,None,,,         ,Jessie,Meadows,Snow,HeadOn,no,no,no,no,no,False
101080685,METROPOLITAN NASHVILLE POLICE DEPT,20160065418,Davidson,Nashville,1/20/2016 12:26:00 PM,1,0,0,36.058420,-86.621540,MURFREESBORO PKE,,,,1712.00,Feet,North,MT VIEW RD,,,,0.00,N,Not at Intersection,N,Non-Junction,None,,,         ,Jessie,Meadows,Snow,Not Collision with Motor Vehicle in Transport,no,no,no,no,no,False
101080703,METROPOLITAN NASHVILLE POLICE DEPT,20160065325,Davidson,Goodlettsville,1/20/2016 11:15:00 AM,2,0,0,36.288140,-86.725500,I 65,,,,0.00,,,,,,,94.00,N,Not at Intersection, ,Non-Junction,None,,,         ,Darrien,Spann,Snow,"Sideswipe, Same Direction",no,no,no,no,yes,False
101080709,METROPOLITAN NASHVILLE POLICE DEPT,20160065471,Davidson,Nashville,1/20/2016 12:00:00 PM,1,0,0,36.146460,-86.777670,I 65,,,,0.00,,,,,,,82.25,N,Not at Intersection, ,Non-Junction,None,,,         ,Johnny,Crumby Jr.,Sleet/Hail,Not Collision with Motor Vehicle in Transport,no,no,no,no,no,False
101080718,METROPOLITAN NASHVILLE POLICE DEPT,2016-0064782,Davidson,Nashville,1/20/2016 7:10:00 AM,1,0,0,36.177520,-86.772750,EXIT 47,,,,0.00,,,I 24,,,,0.00,Y,OTHER,Y,Entrance/Exit Ramp Related,None,,,         ,Coleman,Womack,Sleet/Hail,Not Collision with Motor Vehicle in Transport,no,no,no,no,no,False
101080725,METROPOLITAN NASHVILLE POLICE DEPT,20160065415,Davidson,Nashville,1/20/2016 11:59:00 AM,1,0,0,36.083790,-86.733350,CORNING DR,,,,16.00,Feet,East,LYNN DR,,,,0.00,N,Not at Intersection,N,Non-Junction,None,,,         ,Michael,Richardson,Cloudy,Not Collision with Motor Vehicle in Transport,no,no,no,no,no,False
101080729,METROPOLITAN NASHVILLE POLICE DEPT,20160065116,Davidson,Nashville,1/20/2016 12:41:00 PM,2,0,0,36.129720,-86.727120,I 24,,,,0.00,,,,,,,51.20,N,Not at Intersection, ,Non-Junction,None,,,         ,Jessie,Meadows,Snow,Angle,no,no,no,no,no,False
101080734,METROPOLITAN NASHVILLE POLICE DEPT,2016-0065409,Davidson,Nashville,1/20/2016 12:00:00 PM,2,0,0,36.117440,-86.725680,I 24,,,,0.00,,,,,,,53.10,N,Not at Intersection, ,Non-Junction,None,,,         ,Brandon,O'Guin,Cloudy,Front to Rear,no,no,no,no,no,False
101080743,METROPOLITAN NASHVILLE POLICE DEPT,20160065315,Davidson,Nashville,1/20/2016 11:18:00 AM,1,0,0,36.077600,-87.015120,NEWSOM STATION RD,,,,915.00,Feet,West,SETTLERS WAY,,,,0.00,N,Not at Intersection,N,Non-Junction,None,,,         ,Christopher,Taylor,Snow,Not Collision with Motor Vehicle in Transport,no,no,no,no,no,False
101080745,METROPOLITAN NASHVILLE POLICE DEPT,2016-0065465,Davidson,Nashville,1/20/2016 12:20:00 PM,1,0,0,36.112090,-86.886790,BROWNLEE DR,,,,483.00,Feet,East,BROOK HOLLOW RD,,,,0.00,N,Not at Intersection,N,Non-Junction,None,,,         ,Benjamin,Cantrell,Snow,Not Collision with Motor Vehicle in Transport,no,no,no,no,no,False
101080761,METROPOLITAN NASHVILLE POLICE DEPT,20160065420,Davidson,Nashville,1/20/2016 11:50:00 AM,1,0,0,36.241640,-86.762740,BRILEY PKWYW,,,,0.00,,,BRILEY PKWY W ENT RAMP,,,,0.00,Y,OTHER,N,Non-Junction,None,,,         ,Jonathan,Hadley,Snow,Not Collision with Motor Vehicle in Transport,no,no,no,no,no,False
101080776,METROPOLITAN NASHVILLE POLICE DEPT,2016-0064989,Davidson,Nashville,1/20/2016 8:56:00 AM,1,0,0,36.121950,-86.753880,I 440,,,,0.00,,,,,,,6.10,N,Not at Intersection, ,Non-Junction,None,,,         ,Allen,Bates,Snow,Not Collision with Motor Vehicle in Transport,no,no,no,no,no,False
101080782,METROPOLITAN NASHVILLE POLICE DEPT,20160064983,Davidson,Not in City Limit,1/20/2016 7:20:00 AM,1,0,0,35.991390,-86.648750,BURKITT RD,,,,1793.00,Feet,East,WHITTEMORE LN,,,,0.00,N,Not at Intersection,N,Non-Junction,None,,,         ,James,Grady,Snow,Not Collision with Motor Vehicle in Transport,no,no,no,no,no,False
101080783,METROPOLITAN NASHVILLE POLICE DEPT,20160065489,Davidson,Not in City Limit,1/20/2016 12:25:00 PM,1,0,0,36.272080,-86.775400,BRICK CHURCH PKE,,,,626.00,Feet,North,BELL GRIMES LN,,,,0.00,N,Not at Intersection,N,Non-Junction,None,,,         ,Peter,Lynch,Snow,Not Collision with Motor Vehicle in Transport,no,no,no,no,no,False
101080793,METROPOLITAN NASHVILLE POLICE DEPT,2016-065460,Davidson,Nashville,1/20/2016 12:00:00 AM,2,0,0,36.165280,-86.781550,DEADERICK ST,,,,0.00,,,5TH AVE N,,,,0.00,Y,Four-Way, ,Non-Junction,None,,,         ,Charles,Coe,Snow,Front to Rear,no,no,no,no,no,False
101080794,METROPOLITAN NASHVILLE POLICE DEPT,20160065423,Davidson,Nashville,1/20/2016 12:00:00 AM,1,0,0,36.131780,-86.875870,SUMMERLY DR,,,,603.00,Feet,South,DARDEN PL,,,,0.00,N,Not at Intersection, ,Non-Junction,None,,,         ,Gregory,McDaniel,Snow,Not Collision with Motor Vehicle in Transport,no,no,no,no,no,False
101080795,METROPOLITAN NASHVILLE POLICE DEPT,2016-0064961,Davidson,Nashville,1/20/2016 8:50:00 AM,3,1,0,36.179020,-86.763140,US HWY 31E,,,,363.00,Feet,North,-- UNKNOWN RAMP/ROAD --,,,,0.00,N,Not at Intersection,N,Non-Junction,None,,,         ,Coleman,Womack,Snow,Front to Rear,no,no,no,no,no,False
101080812,METROPOLITAN NASHVILLE POLICE DEPT,20160052602,Davidson,Nashville,1/16/2016 2:42:00 PM,1,0,0,36.202150,-86.761760,LISCHEY AV,,,,0.00,,,EDITH AV,,,,0.00,Y,T-Intersection,N,Non-Junction,None,,,         ,Audrean,Manquero,Clear,Not Collision with Motor Vehicle in Transport,no,no,no,no,yes,False
101080835,METROPOLITAN NASHVILLE POLICE DEPT,20160065641,Davidson,Nashville,1/20/2016 1:28:00 PM,2,0,0,36.160690,-86.778020,US HWY 70,,,,143.00,Feet,East,5TH AVE N,,,,0.00,N,Not at Intersection,N,Non-Junction,None,,,         ,Shawn,Taylor,Cloudy,Front to Rear,no,no,no,no,yes,False
101080836,METROPOLITAN NASHVILLE POLICE DEPT,20160065617,Davidson,Nashville,1/20/2016 1:25:00 PM,2,1,0,36.040020,-86.727550,OLD HICKORY BLVD,,,,119.00,Feet,West,E WOODLANDS TRL,,,,0.00,N,Not at Intersection,N,Non-Junction,None,,,         ,Nathan,Kemp,Rain,Angle,no,no,no,no,no,False
101080839,METROPOLITAN NASHVILLE POLICE DEPT,20160065016,Davidson,Nashville,1/20/2016 8:55:00 AM,1,0,0,36.150330,-86.801110,WEST END AVE,,,,0.00,Feet,,21ST AVE SOUTH,,,,0.00,Y,Four-Way,N,Intersection-Related,None,,,         ,Phillip,Murphy,Snow,Not Collision with Motor Vehicle in Transport,no,no,no,no,no,Campus
101080840,METROPOLITAN NASHVILLE POLICE DEPT,20160064992,Davidson,Nashville,1/20/2016 8:59:00 AM,2,1,0,36.150330,-86.801110,WEST END AVE,,,,0.00,,,21ST AVE S,,,,0.00,Y,Four-Way,N,Intersection-Related,None,,,         ,Phillip,Murphy,Snow,Angle,no,no,no,no,no,Campus
101080848,METROPOLITAN NASHVILLE POLICE DEPT,20160065334,Davidson,Nashville,1/20/2016 11:25:00 AM,2,0,0,36.154440,-86.854700,URBANDALE AVE,,,,0.00,,,CONWAY ST,,,,0.00,Y,Four-Way,Y,Intersection,None,,,         ,Michael,Hunnicutt,Blowing Snow,Angle,no,no,no,no,no,False
101080849,METROPOLITAN NASHVILLE POLICE DEPT,20160064910,Davidson,Nashville,1/20/2016 8:26:00 AM,2,0,0,36.157110,-86.803610,CHARLOTTE AV,,,,0.00,Feet,,20TH AVN,,,,0.00,Y,T-Intersection, ,Intersection,None,,,         ,Paul,Joyner,Snow,Front to Rear,no,no,no,no,no,False
101080855,METROPOLITAN NASHVILLE POLICE DEPT,20160061986,Davidson,Nashville,1/19/2016 1:49:00 PM,2,1,0,36.213130,-86.735600,HART LN,,,,0.00,,,HOME RD,,,,0.00,Y,OTHER,N,Non-Junction,None,,,         ,Alex,Moore,Clear,Front to Rear,no,no,no,no,no,False
101080877,METROPOLITAN NASHVILLE POLICE DEPT,20160065622,Davidson,Nashville,1/20/2016 1:20:00 PM,1,1,0,36.228160,-86.847800,BRILEY PKWYW,,,,631.00,Feet,East,BRILEY PKWYE,,,,0.00,N,Not at Intersection,N,Non-Junction,None,,,         ,Isaac,Wood,Snow,Not Collision with Motor Vehicle in Transport,no,no,no,no,no,False
101080889,METROPOLITAN NASHVILLE POLICE DEPT,2016-0065663,Davidson,Nashville,1/20/2016 1:45:00 PM,2,0,0,36.152350,-86.769010,2ND AVS,,,,0.00,,,LINDSLEY AV,,,,0.00,Y,Four-Way, ,Intersection,None,,,         ,Daniel,Massey,Snow,Front to Rear,no,no,no,no,no,False
101080891,METROPOLITAN NASHVILLE POLICE DEPT,20160065087,Davidson,Nashville,1/20/2016 10:30:00 AM,1,0,0,36.218340,-86.747530,ELLINGTON PKWYS,,,,0.00,,,HART LN,,,,0.00,Y,OTHER,Y,Non-Junction,None,,,         ,Martin,Gonzalez,Sleet/Hail,Not Collision with Motor Vehicle in Transport,no,no,no,no,no,False
101080892,METROPOLITAN NASHVILLE POLICE DEPT,20160065689,Davidson,Nashville,1/20/2016 2:00:00 PM,1,0,0,36.116280,-86.771790,I 440,,,,0.00,,,,,,,5.00,N,Not at Intersection,N,Entrance/Exit Ramp Related,None,,,         ,Charles,Griffin,Snow,Not Collision with Motor Vehicle in Transport,no,no,no,no,no,False
101080894,GOODLETTSVILLE POLICE DEPT,16-02543,Davidson,Goodlettsville,1/20/2016 5:48:00 AM,1,0,0,36.299680,-86.712120,I 65,,,,0.00,,,,,,,95.10,N,Not at Intersection, ,Non-Junction,Work Zone,,,         ,Joseph,Waldron,Snow,Not Collision with Motor Vehicle in Transport,no,no,no,no,no,False
101080902,METROPOLITAN NASHVILLE POLICE DEPT,20160065567,Davidson,Nashville,1/20/2016 12:00:00 AM,1,0,0,36.238660,-86.638480,RINER DR,,,,0.00,,,KINGS WAY DR,,,,0.00,Y,T-Intersection,N,Non-Junction,None,,,         ,Wesley,Young,Sleet/Hail,Not Collision with Motor Vehicle in Transport,no,no,no,no,yes,False
101080923,METROPOLITAN NASHVILLE POLICE DEPT,20160065616,Davidson,Nashville,1/20/2016 1:25:00 PM,1,1,0,36.123940,-86.811330,I 440,,,,0.00,,,,,,,2.50,N,Not at Intersection,N,Non-Junction,None,,,         ,Jerre,Fly,Cloudy,Not Collision with Motor Vehicle in Transport,no,no,no,no,no,False
101080934,METROPOLITAN NASHVILLE POLICE DEPT,20160065801,Davidson,Nashville,1/20/2016 12:00:00 AM,2,0,0,36.195000,-86.730870,PENNINGTON AVE,,,,119.00,Feet,South,CAHAL AVE,,,,0.00,N,Not at Intersection, ,Non-Junction,None,,,         ,Ryan,Howard,Snow,Unknown,no,no,no,no,yes,False
101080937,METROPOLITAN NASHVILLE POLICE DEPT,20160065758,Davidson,Nashville,1/20/2016 2:35:00 PM,1,0,0,36.199720,-86.586370,CHANDLER RD,,,,1033.00,Feet,West,CHANDLER GROVE DR,,,,0.00,N,Not at Intersection,N,Non-Junction,None,,,         ,Codey,Mullins,Snow,Not Collision with Motor Vehicle in Transport,no,no,no,no,no,False
101080944,METROPOLITAN NASHVILLE POLICE DEPT,20160065776,Davidson,Nashville,1/20/2016 2:50:00 PM,2,2,0,36.118690,-86.767340,I 440,,,,0.00,,,,,,,5.30,N,Not at Intersection,N,Non-Junction,None,,,         ,Tien,Nguyen,Snow,HeadOn,no,no,no,no,no,False
101080948,METROPOLITAN NASHVILLE POLICE DEPT,20160052915,Davidson,Goodlettsville,1/16/2016 5:07:00 PM,2,0,0,36.294920,-86.700940,GALLATIN PKEN,,,,0.00,Feet,,MCHENRY CENTER PVTDR,,,,0.00,Y,Four-Way, ,Intersection-Related,None,,,         ,Carlos,Urrutia,Cloudy,Front to Rear,no,no,no,no,no,False
101080949,METROPOLITAN NASHVILLE POLICE DEPT,20160052591,Davidson,Madison,1/16/2016 12:32:00 PM,3,0,0,36.265710,-86.684530,ARCHWOOD PL,,,,274.00,Feet,East,N DUPONT AV,,,,0.00,N,Not at Intersection,N,Non-Junction,None,,,         ,Carlos,Urrutia,Clear,Rear to Rear,no,no,no,yes,yes,False
101080950,METROPOLITAN NASHVILLE POLICE DEPT,20160053118,Davidson,Nashville,1/16/2016 6:33:00 PM,2,0,0,36.244160,-86.762220,SKYLINE COMMONS PVTDR,,,,0.00,Feet,East,DOVERSIDE DR,,,,0.00,N,Not at Intersection,N,Non-Junction,None,,,         ,Carlos,Urrutia,Cloudy,Front to Rear,no,no,no,yes,yes,False
101080956,METROPOLITAN NASHVILLE POLICE DEPT,20160065823,Davidson,Nashville,1/20/2016 3:25:00 PM,2,0,0,36.044840,-86.662950,BELL RD,,,,422.00,Feet,West,CANE RIDGE RD,,,,0.00,N,Not at Intersection, ,Non-Junction,None,,,         ,Jessie,Meadows,Snow,"Sideswipe, Same Direction",no,no,no,no,no,False
101080961,METROPOLITAN NASHVILLE POLICE DEPT,20160065848,Davidson,Nashville,1/20/2016 2:24:00 PM,2,0,0,36.034080,-86.713070,NOLENSVILLE PKE,,,,204.00,Feet,North,BARNES RD,,,,0.00,N,Not at Intersection, ,Non-Junction,None,,,         ,Jacob,Masteller,Cloudy,Front to Rear,no,no,no,no,no,False
101080964,GOODLETTSVILLE POLICE DEPT,16-02612,Davidson,Goodlettsville,1/20/2016 2:40:00 PM,1,0,0,36.326847,-86.711891,DEPOT,ST,,,0.00,,,CHURCH,ST,,,0.00,Y,Four-Way, ,Intersection,None,,,         ,Jason,Ayers,Cloudy,Not Collision with Motor Vehicle in Transport,no,no,no,no,no,False
101080976,METROPOLITAN NASHVILLE POLICE DEPT,20160065759,Davidson,Not in City Limit,1/20/2016 2:35:00 PM,2,0,0,36.262700,-86.705700,E OLD HICKORY BLVD,,,,109.00,Feet,West,4TH AV,,,,0.00,N,Not at Intersection, ,Non-Junction,None,,,         ,Peter,Lynch,Cloudy,Front to Rear,no,no,no,no,no,False
101080985,METROPOLITAN NASHVILLE POLICE DEPT,20160065803,Davidson,Nashville,1/20/2016 2:17:00 PM,2,1,0,36.157740,-86.791440,14TH AVN,,,,85.00,Feet,South,CHURCH ST,,,,0.00,N,Not at Intersection,N,Non-Junction,None,,,         ,Charles,Griffin,Snow,Front to Rear,no,no,no,no,no,False
101081000,METROPOLITAN NASHVILLE POLICE DEPT,2016-0062744,Davidson,Nashville,1/19/2016 5:43:00 PM,2,0,0,36.062320,-86.904630,HIGHWAY 100,,,,0.00,,,OLD HICKORY BLVD,,,,0.00,Y,T-Intersection, ,Intersection,None,,,         ,Brian,Theriac,Cloudy,"Sideswipe, Opposite Direction",no,no,no,no,no,False
101081015,METROPOLITAN NASHVILLE POLICE DEPT,20160065897,Davidson,Nashville,1/20/2016 3:22:00 PM,3,1,0,36.134520,-86.800050,MAGNOLIA BLVD,,,,75.00,Feet,West,20TH AVS,,,,0.00,N,Not at Intersection,N,Non-Junction,None,,,         ,Charles,Griffin,Snow,Front to Rear,no,no,no,no,no,False
101081024,METROPOLITAN NASHVILLE POLICE DEPT,20160065930,Davidson,Nashville,1/20/2016 3:49:00 PM,2,0,0,36.207500,-86.776160,I 65,,,,0.00,,,,,,,87.40,N,Not at Intersection,N,Non-Junction,Construction Zone,Work On Shoulder Or Median,Unknown,         ,Audrean,Manquero,Cloudy,"Sideswipe, Same Direction",no,no,no,no,yes,False
101081026,METROPOLITAN NASHVILLE POLICE DEPT,20160065772,Davidson,Nashville,1/20/2016 2:40:00 PM,1,0,0,36.081350,-86.898650,HARDING PKE,,,,590.00,Feet,East,BROOKMONT TER,,,,0.00,N,Not at Intersection, ,Non-Junction,None,,,         ,Jeremy,Huffine,Snow,Not Collision with Motor Vehicle in Transport,no,no,no,no,no,False
101081028,METROPOLITAN NASHVILLE POLICE DEPT,20160066079,Davidson,Nashville,1/20/2016 5:08:00 PM,1,1,0,36.048680,-86.660830,HICKORY HOLLOW PKWY,,,,496.00,Feet,West,HICKORY HOLLOW MALL PVTDR PL,,,,0.00,N,Not at Intersection,N,Non-Junction,None,,,         ,Jessie,Meadows,Snow,Not Collision with Motor Vehicle in Transport,no,no,no,no,no,False
101081037,METROPOLITAN NASHVILLE POLICE DEPT,20160064394,Davidson,Nashville,1/20/2016 3:30:00 AM,2,0,0,36.077820,-86.658310,PICCADILLY ROW,,,,191.00,Feet,North,UNA ANTIOCH PKE,,,,0.00,N,Not at Intersection,N,Non-Junction,None,,,         ,William,Durham,Rain,Unknown,no,no,no,yes,yes,False