master_record_number,agency,agency_tracking_number,county,city,collision_date,vehicles_involved,number_injured,number_dead,latitude,longitude,roadway_name,roadway_suffix,roadway_number,roadway_local_id,distance_from_reference,miles-feet_indicator,direction_from_reference,intersection_road_name,intersection_road_name_suffix,intersection_road_number,intersection_local_id,mile_marker,intersection_indicator,intersect_type,interchange_related_indicator,relation_to_junction,work_zone_type,construction_maintenance_zone,construction_maintenance_zone_location,fatal_case_number,officer_first_name,officer_last_name,weather_condition(s),manner_of_crash,pedestrian,bicycle,scooter,parking,hitrun,mou
101091662,THP District 3 - Nashville,316004393,Davidson,Nashville,1/21/2016 5:54:00 PM,2,0,0,36.168410,-86.665940,LEBANON PKE,,,,301.00,Feet,East,J B ESTILLE DR,,,,0.00,N,Not at Intersection, ,Non-Junction,None,,,         ,Randall retired,Cole retired,Cloudy,Front to Rear,no,no,no,no,no,False
101091664,METROPOLITAN NASHVILLE POLICE DEPT,20160070083,Davidson,Nashville,1/21/2016 3:53:00 PM,1,0,1,36.014340,-87.040430,HIGHWAY 100,,,,0.57,Miles,West,FAIRVIEW BLVD,,,,0.00,N,Not at Intersection,N,Non-Junction,None,,,16-0108  ,Erika,Bowden,Cloudy,Not Collision with Motor Vehicle in Transport,no,no,no,no,no,False
101091674,METROPOLITAN NASHVILLE POLICE DEPT,20160069643,Davidson,Nashville,1/21/2016 12:00:00 PM,2,0,0,36.179420,-86.793940,HUME ST,,,,0.00,,,7TH AVE N,,,,0.00,Y,T-Intersection,N,Non-Junction,None,,,         ,Matthew,Dixon,Clear,"Sideswipe, Same Direction",no,no,no,no,yes,False
101091676,METROPOLITAN NASHVILLE POLICE DEPT,20160070234,Davidson,Nashville,1/21/2016 4:44:00 PM,3,1,0,36.167440,-86.662590,LEBANON PKE,,,,128.00,Feet,West,EDDINGS LN,,,,0.00,N,Not at Intersection,N,Non-Junction,None,,,         ,Bryan,Byrnes,Clear,Angle,no,no,no,no,no,False
101091677,METROPOLITAN NASHVILLE POLICE DEPT,20160070280,Davidson,Nashville,1/21/2016 5:15:00 PM,3,1,0,36.097660,-86.709240,I 24,,,,0.00,,,,,,,54.75,N,Not at Intersection,N,Non-Junction,None,,,         ,Jessie,Meadows,Clear,Front to Rear,no,no,no,no,no,False
101091678,METROPOLITAN NASHVILLE POLICE DEPT,20160070220,Davidson,Nashville,1/21/2016 6:07:00 PM,2,0,0,36.098480,-86.709920,I 24,,,,0.00,,,,,,,54.70,N,Not at Intersection, ,Non-Junction,None,,,         ,Jessie,Meadows,Clear,Front to Rear,no,no,no,no,no,False
101091682,GOODLETTSVILLE POLICE DEPT,16-02710,Davidson,Goodlettsville,1/20/2016 4:45:00 AM,2,0,0,36.310801,-86.686211,CONFERENCE,DR,,,461.00,Feet,North,VIETNAM VETERANS,BLVD,SR386,,0.00,N,Not at Intersection, ,Entrance/Exit Ramp Related,None,,,         ,Donald,Brinton,Clear,Front to Rear,no,no,no,no,no,False
101091684,METROPOLITAN NASHVILLE POLICE DEPT,20160070504,Davidson,Nashville,1/21/2016 6:17:00 PM,2,0,0,36.191730,-86.624830,BONNABROOK DR,,,,8.00,Feet,West,US HWY 70,,,,0.00,N,Not at Intersection, ,Non-Junction,None,,,         ,Christopher,Mackey,Clear,Front to Rear,no,no,no,no,no,False
101091688,METROPOLITAN NASHVILLE POLICE DEPT,20160070443,Davidson,Nashville,1/21/2016 5:56:00 PM,2,0,0,36.089140,-86.627450,BELL RD,,,,0.00,,,NASHBORO BLVD,,,,0.00,Y,T-Intersection, ,Non-Junction,None,,,         ,Michael,Apsey,Cloudy,Front to Rear,no,no,no,no,no,False
101091690,METROPOLITAN NASHVILLE POLICE DEPT,20160070468,Davidson,Nashville,1/21/2016 6:01:00 PM,2,0,0,36.153790,-86.794410,17TH AVS,,,,0.00,,,WEST END AV,,,,0.00,Y,Four-Way, ,Intersection-Related,None,,,         ,Tien,Nguyen,Clear,Front to Rear,no,no,no,no,no,False
101091695,METROPOLITAN NASHVILLE POLICE DEPT,2016-070401,Davidson,Nashville,1/21/2016 5:44:00 PM,2,0,0,36.159900,-86.773860,DEMONBREUN ST,,,,0.00,,,2ND AVS,,,,0.00,Y,Four-Way, ,Intersection,Work Zone,,,         ,Michael,Schlegel,Cloudy,Angle,no,no,no,no,no,False
101091698,BERRY HILL POLICE DEPT,16-0272,Davidson,Berry Hill,1/21/2016 3:40:00 PM,1,0,0,36.124120,-86.772990,I 65,,,,0.00,,,,,,,80.65,N,Not at Intersection, ,Non-Junction,None,,,         ,Greg,Colson,Cloudy,Not Collision with Motor Vehicle in Transport,no,no,no,no,no,False
101091699,METROPOLITAN NASHVILLE POLICE DEPT,20160069921,Davidson,Nashville,1/21/2016 2:34:00 PM,2,0,0,36.172650,-86.765230,S 5TH ST,,,,75.00,Feet,South,SPRING ST,,,,0.00,N,Not at Intersection,N,Non-Junction,None,,,         ,Whitney,Arnold,Clear,Angle,no,no,no,no,yes,False
101091700,METROPOLITAN NASHVILLE POLICE DEPT,20160070377,Davidson,Not in City Limit,1/21/2016 5:30:00 PM,2,0,0,36.006250,-87.027810,STATE HWY 96,,,,0.00,,,OLD HARDING PIKE,,,,0.00,Y,T-Intersection,N,Intersection-Related,None,,,         ,Brandon,Pedigo,Rain,Front to Rear,no,no,no,no,no,False
101091701,METROPOLITAN NASHVILLE POLICE DEPT,20160070488,Davidson,Nashville,1/21/2016 6:07:00 PM,2,0,0,36.151530,-86.786490,I 40,,,,0.00,,,,,,,209.50,N,Not at Intersection, ,,None,,,         ,Clyde,Stambaugh,,,no,no,no,no,no,False
101091705,METROPOLITAN NASHVILLE POLICE DEPT,20160070576,Davidson,Nashville,1/21/2016 6:00:00 PM,2,0,0,36.050730,-86.646910,BELL FORGE LNE,,,,0.00,,,BELL RD,,,,0.00,Y,Four-Way, ,Intersection,None,,,         ,Jarred,Ruhlman,Cloudy,Front to Rear,no,no,no,no,no,False
101091708,METROPOLITAN NASHVILLE POLICE DEPT,20160070438,Davidson,Nashville,1/21/2016 5:48:00 PM,2,1,0,36.061010,-86.914110,HIGHWAY 100,,,,611.00,Feet,East,OLD HICKORY BLVD,,,,0.00,N,Not at Intersection,N,Non-Junction,None,,,         ,Jeremy,Huffine,Clear,Front to Rear,no,no,no,no,no,False
101091710,METROPOLITAN NASHVILLE POLICE DEPT,20160070371,Davidson,Not in City Limit,1/21/2016 5:09:00 PM,2,0,0,36.321050,-86.867470,EATONS CREEK RD,,,,0.00,,,WHITES CREEK PKE,,,,0.00,Y,Four-Way,N,Intersection,None,,,         ,Khalid,Abbady,Cloudy,Angle,no,no,no,no,no,False
101091713,METROPOLITAN NASHVILLE POLICE DEPT,20160070527,Davidson,Nashville,1/21/2016 6:25:00 PM,2,0,0,36.156010,-86.788850,BROADWAY,,,,0.00,,,13TH AVS,,,,0.00,Y,Four-Way, ,Intersection-Related,None,,,         ,Tien,Nguyen,Clear,Angle,no,no,no,no,no,False
101091714,METROPOLITAN NASHVILLE POLICE DEPT,20160070631,Davidson,Nashville,1/21/2016 6:41:00 PM,2,0,0,36.079260,-86.747010,HARDING PL,,,,578.00,Feet,West,BINKLEY DR,,,,0.00,N,Not at Intersection, ,Non-Junction,None,,,         ,Nicholas,Smith,Cloudy,Front to Rear,no,no,no,no,no,False
101091715,METROPOLITAN NASHVILLE POLICE DEPT,20160070374,Davidson,Nashville,1/21/2016 4:44:00 PM,2,0,0,36.155280,-86.829830,I 40,,,,0.00,,,,,,,205.50,N,Not at Intersection, ,,None,,,         ,Benjamin,Spees,,,no,no,no,no,no,False
101091718,METROPOLITAN NASHVILLE POLICE DEPT,20160069987,Davidson,Nashville,1/21/2016 3:15:00 PM,2,0,0,36.075070,-86.722430,FLORA MAXWELL RD,,,,438.00,Feet,North,TAYLOR RD,,,,0.00,N,Not at Intersection, ,Non-Junction,None,,,         ,William,Durham,Cloudy,"Sideswipe, Same Direction",no,no,no,yes,no,False
101091719,METROPOLITAN NASHVILLE POLICE DEPT,20160070213,Davidson,Nashville,1/21/2016 4:35:00 PM,2,0,0,36.035220,-86.676000,W OAK HIGHLAND DR,,,,0.00,,,BLUE HOLE RD,,,,0.00,Y,Four-Way, ,Intersection,None,,,         ,William,Durham,Cloudy,Angle,no,no,no,no,no,False
101091721,METROPOLITAN NASHVILLE POLICE DEPT,20160070341,Davidson,Antioch,1/21/2016 5:21:00 PM,2,4,0,36.025470,-86.587420,MURFREESBORO RD,,,,437.00,Feet,North,WALDRON RD,,,,0.00,N,Not at Intersection,N,Non-Junction,None,,,         ,William,Durham,Cloudy,Front to Rear,no,no,no,no,no,False
101091724,METROPOLITAN NASHVILLE POLICE DEPT,20160070757,Davidson,Nashville,1/21/2016 7:13:00 PM,2,0,0,36.121260,-86.776140,KIRKWOOD AVE,,,,200.00,Feet,West,US HWY 31,,,,0.00,N,Not at Intersection,N,"Driveway, Alley Access, etc",None,,,         ,Clyde,Stambaugh,Clear,Front to Rear,no,no,no,no,yes,False
101091733,METROPOLITAN NASHVILLE POLICE DEPT,20160070557,Davidson,Nashville,1/21/2016 5:58:00 PM,2,0,0,36.118900,-86.726440,I 24,,,,0.00,,,,,,,53.00,N,Not at Intersection, ,Non-Junction,None,,,         ,Joseph,Progar,Cloudy,Front to Rear,no,no,no,no,no,False
101091735,METROPOLITAN NASHVILLE POLICE DEPT,20160070791,Davidson,Nashville,1/21/2016 7:53:00 PM,2,0,0,36.153930,-86.758220,I 40,,,,0.00,,,,,,,211.10,N,Not at Intersection,N,Non-Junction,None,,,         ,Felipe,Pereira,Rain,"Sideswipe, Same Direction",no,no,no,no,yes,False
101091736,METROPOLITAN NASHVILLE POLICE DEPT,20160070519,Davidson,Nashville,1/21/2016 6:19:00 PM,3,2,0,36.088140,-86.785570,BATTERY LN,,,,0.00,,,WATERSWOOD DR,,,,0.00,Y,T-Intersection,N,Intersection,None,,,         ,Megan,Lamon,Rain,Angle,no,no,no,no,no,False
101091751,METROPOLITAN NASHVILLE POLICE DEPT,20160070453,Davidson,Nashville,1/21/2016 5:45:00 PM,1,0,0,36.104550,-86.749010,HARLIN DR,,,,393.00,Feet,West,MORTON AV,,,,0.00,N,Not at Intersection,N,Non-Junction,None,,,         ,Jacob,Masteller,Clear,Not Collision with Motor Vehicle in Transport,no,no,no,no,no,False
101091752,METROPOLITAN NASHVILLE POLICE DEPT,20160070291,Davidson,Nashville,1/21/2016 4:40:00 PM,2,1,0,36.091400,-86.830030,HARDING PL,,,,0.00,,,CLAYBORNE CT,,,,0.00,Y,OTHER,N,Non-Junction,None,,,         ,Mark,Hatt,Cloudy,Front to Rear,no,no,no,no,no,False
101091755,METROPOLITAN NASHVILLE POLICE DEPT,20160070777,Davidson,Nashville,1/21/2016 7:30:00 PM,2,0,0,36.231200,-86.832990,CLARKSVILLE PKE,,,,292.00,Feet,North,CLARKSVILLE PKE SB EXT RAMP,,,,0.00,N,Not at Intersection, ,,None,,,         ,Khalid,Abbady,,,no,no,no,no,no,False
101091756,METROPOLITAN NASHVILLE POLICE DEPT,20160070616,Davidson,Nashville,1/21/2016 8:28:00 PM,2,0,0,36.136090,-86.629810,BELL RD,,,,43.00,Feet,South,REELFOOT DR,,,,0.00,N,Not at Intersection,N,Non-Junction,None,,,         ,Marcus,Mitchell,Rain,Front to Rear,no,no,no,no,no,False
101091759,METROPOLITAN NASHVILLE POLICE DEPT,20160070383,Davidson,Nashville,1/21/2016 5:15:00 PM,2,0,0,36.049650,-86.871280,STATE HWY 254,,,,547.00,Feet,West,CHICKERING MDW,,,,0.00,N,Not at Intersection, ,Non-Junction,None,,,         ,Mark,Hatt,Cloudy,Front to Rear,no,no,no,no,no,False
101091761,METROPOLITAN NASHVILLE POLICE DEPT,20160070645,Davidson,Nashville,1/21/2016 7:03:00 PM,2,1,0,36.152380,-86.836580,US HWY 70,,,,136.00,Feet,East,42ND AVE N,,,,0.00,N,Not at Intersection,N,Non-Junction,None,,,         ,Shaun,Heath,Rain,Front to Rear,no,no,no,no,no,False
101091764,METROPOLITAN NASHVILLE POLICE DEPT,20160070274,Davidson,Nashville,1/21/2016 4:56:00 PM,2,0,0,36.202210,-86.776630,I 65,,,,0.00,,,,,,,87.00,N,Not at Intersection,N,Non-Junction,None,,,         ,Akira,McSwain,Clear,"Sideswipe, Same Direction",no,no,no,no,no,False
101091770,BELLE MEADE POLICE DEPT,15-0018,Davidson,Belle Meade,1/21/2016 6:20:00 PM,2,0,0,36.121360,-86.852590,HARDING PKE,,,,200.00,Feet,East,GARDNER DR,,,,0.00,N,Not at Intersection, ,Non-Junction,None,,,         ,Charles,Williams,Cloudy,"Sideswipe, Same Direction",no,no,no,no,no,False
101091773,METROPOLITAN NASHVILLE POLICE DEPT,20160070598,Davidson,Nashville,1/21/2016 5:25:00 PM,2,0,0,36.196730,-86.836210,CLARKSVILLE PKE,,,,135.00,Feet,West,BELLEFIELD AV,,,,0.00,N,Not at Intersection, ,Non-Junction,None,,,         ,Michael,Brooks,Cloudy,Front to Rear,no,no,no,no,no,False
101091774,METROPOLITAN NASHVILLE POLICE DEPT,20160070675,Davidson,Nashville,1/21/2016 5:28:00 PM,2,0,0,36.169690,-86.797530,I 40,,,,0.00,,,,,,,208.00,N,Not at Intersection, ,,None,,,         ,Michael,Brooks,,,no,no,no,no,no,False
101091775,METROPOLITAN NASHVILLE POLICE DEPT,20160070611,Davidson,Nashville,1/21/2016 4:55:00 PM,2,0,0,36.162810,-86.820040,I 40,,,,0.00,,,,,,,206.30,N,Not at Intersection, ,Non-Junction,None,,,         ,Michael,Brooks,Cloudy,Front to Rear,no,no,no,no,no,False
101091776,METROPOLITAN NASHVILLE POLICE DEPT,20160070227,Davidson,Nashville,1/21/2016 4:42:00 PM,2,1,0,36.208920,-86.864060,ASHLAND CITY HWY,,,,383.00,Feet,East,CATO RD,,,,0.00,N,Not at Intersection,N,Non-Junction,None,,,         ,Michael,Brooks,Cloudy,Front to Rear,no,no,no,no,no,False
101091777,METROPOLITAN NASHVILLE POLICE DEPT,20160069977,Davidson,Nashville,1/21/2016 2:59:00 PM,2,0,0,36.172990,-86.792560,JEFFERSON ST,,,,54.00,Feet,West,9TH AVN,,,,0.00,N,Not at Intersection, ,Non-Junction,None,,,         ,Michael,Brooks,Cloudy,"Sideswipe, Same Direction",no,no,no,no,no,False
101091778,METROPOLITAN NASHVILLE POLICE DEPT,20160070051,Davidson,Nashville,1/21/2016 3:34:00 PM,6,0,0,36.169640,-86.800780,14TH AVN,,,,0.00,,,,,,,0.00,,,N,Non-Junction,None,,,         ,Michael,Brooks,Cloudy,Angle,no,no,no,yes,yes,False
101091779,METROPOLITAN NASHVILLE POLICE DEPT,20160070714,Davidson,Nashville,1/21/2016 7:56:00 PM,2,0,0,36.086850,-86.691760,ANTIOCH PIKE,,,,243.00,Feet,South,STATE HWY 255,,,,0.00,N,Not at Intersection, ,Non-Junction,None,,,         ,Richard,Olive,Cloudy,Angle,no,no,no,no,no,False
101091782,METROPOLITAN NASHVILLE POLICE DEPT,20160070720,Davidson,Nashville,1/21/2016 5:15:00 PM,2,0,0,36.118880,-86.726210,I 24,,,,0.00,,,,,,,53.00,N,Not at Intersection, ,Non-Junction,None,,,         ,Darryl,Williams,Rain,"Sideswipe, Same Direction",no,no,no,no,yes,False
101091816,METROPOLITAN NASHVILLE POLICE DEPT,20160068318,Davidson,Nashville,1/21/2016 5:30:00 AM,2,0,0,36.172860,-86.765260,US HWY 31,,,,0.00,,,MAIN ST,,,,0.00,Y,Four-Way,N,Intersection,None,,,         ,Kendra,Cowper,Cloudy,Angle,no,no,no,no,no,False
101091821,METROPOLITAN NASHVILLE POLICE DEPT,20160064589,Davidson,Nashville,1/20/2016 5:30:00 AM,2,0,0,36.238290,-86.782900,BRILEY PKWYW,,,,71.00,Feet,North,I24 W ENT RAMP,,,,0.00,N,Not at Intersection, ,Non-Junction,None,,,         ,Devon,Morgan,Sleet/Hail,Front to Rear,no,no,no,no,no,False
101091826,METROPOLITAN NASHVILLE POLICE DEPT,19062,Davidson,Nashville,1/21/2016 11:10:00 PM,1,0,0,36.079580,-86.726330,US HWY 31 ALT,,,,0.00,,,STATE HWY 255,,,,0.00,Y,Four-Way,N,Intersection-Related,None,,,         ,Douglas,Fowler,Rain,Not Collision with Motor Vehicle in Transport,no,no,no,no,yes,False
101091827,METROPOLITAN NASHVILLE POLICE DEPT,20160071411,Davidson,Nashville,1/21/2016 9:21:00 PM,2,0,0,36.152730,-86.827800,CHARLOTTE AV,,,,0.00,,,36TH AVN,,,,0.00,Y,OTHER, ,Non-Junction,None,,,         ,Kenneth,Bray,Rain,Rear to Side,no,no,no,no,no,False
101091829,GOODLETTSVILLE POLICE DEPT,16-02816,Davidson,Goodlettsville,1/21/2016 10:26:00 PM,2,0,0,36.304020,-86.700600,RIVERGATE MALL ACCESS RD,,,,0.00,,,BANK OF NASHVILLE,,,,0.00,Y,Four-Way,N,Intersection,None,,,         ,Shane,Farrell,Rain,Angle,no,no,no,yes,no,False
101091840,METROPOLITAN NASHVILLE POLICE DEPT,20160071340,Davidson,Nashville,1/21/2016 10:45:00 PM,2,0,0,36.143500,-86.794410,EDGEHILL AV,,,,0.00,,,17TH AVS,,,,0.00,Y,Four-Way,N,Intersection,None,,,         ,Steven,Carrick,Rain,Front to Rear,no,no,no,no,yes,Campus
101091862,METROPOLITAN NASHVILLE POLICE DEPT,20160071491,Davidson,Nashville,1/21/2016 11:10:00 PM,2,0,0,36.040040,-86.743860,STATE HWY 254,,,,108.00,Feet,West,EDMONDSON PIKE,,,,0.00,N,Not at Intersection, ,Non-Junction,None,,,         ,Marc,Haugen,Rain,Angle,no,no,no,no,no,False
101091871,METROPOLITAN NASHVILLE POLICE DEPT,20160072100,Davidson,Nashville,1/22/2016 4:25:00 AM,1,0,0,36.039730,-86.649130,I 24,,,,0.00,,,,,,,60.05,N,Not at Intersection,N,Non-Junction,None,,,         ,Megan,Arnett,Rain,Not Collision with Motor Vehicle in Transport,no,no,no,no,no,False
101091872,METROPOLITAN NASHVILLE POLICE DEPT,2016-0061700,Davidson,Nashville,1/19/2016 11:58:00 AM,2,3,0,36.145100,-86.666740,DONELSON PKE,,,,48.00,Feet,South,SHACKLETT DR,,,,0.00,N,Not at Intersection,N,Non-Junction,None,,,         ,Jeb,Johnston,Cloudy,HeadOn,no,no,no,no,no,False
101091882,METROPOLITAN NASHVILLE POLICE DEPT,20160072248,Davidson,Nashville,1/22/2016 5:30:00 AM,1,0,0,36.133960,-86.895690,I 40,,,,0.00,,,,,,,201.35,N,Not at Intersection,N,Non-Junction,None,,,         ,Jeffrey,Barfield,Snow,Not Collision with Motor Vehicle in Transport,no,no,no,no,no,False
101091884,METROPOLITAN NASHVILLE POLICE DEPT,20160072218,Davidson,Nashville,1/22/2016 5:15:00 AM,1,0,0,36.091170,-86.826060,HARDING PL,,,,216.00,Feet,West,TWINMONT CT,,,,0.00,N,Not at Intersection,N,Non-Junction,None,,,         ,Spencer,Pittman,Sleet/Hail,Not Collision with Motor Vehicle in Transport,no,no,no,no,no,False
101091886,METROPOLITAN NASHVILLE POLICE DEPT,20160072313,Davidson,Nashville,1/22/2016 6:05:00 AM,1,0,0,36.176130,-86.772230,I 24,,,,0.00,,,,,,,48.00,N,Not at Intersection,N,Non-Junction,None,,,         ,Robert,Crow,Snow,Not Collision with Motor Vehicle in Transport,no,no,no,no,no,False
101091888,METROPOLITAN NASHVILLE POLICE DEPT,20160072267,Davidson,Nashville,1/22/2016 5:44:00 AM,1,1,0,36.067640,-86.770460,I 65,,,,0.00,,,,,,,76.75,N,Not at Intersection,N,Non-Junction,None,,,         ,Marc,Haugen,Snow,Not Collision with Motor Vehicle in Transport,no,no,no,no,no,False
101091894,METROPOLITAN NASHVILLE POLICE DEPT,20160052527,Davidson,Nashville,1/16/2016 12:09:00 PM,2,0,0,36.057620,-86.693390,BART DR,,,,0.00,,,KEELEY DR,,,,0.00,Y,Four-Way,Y,Intersection-Related,None,,,         ,Thomas,White,Clear,Angle,no,no,no,no,no,False
101091907,METROPOLITAN NASHVILLE POLICE DEPT,20160072418,Davidson,Nashville,1/22/2016 7:00:00 AM,1,1,0,36.201470,-86.848570,STATE HWY 12,,,,204.00,Feet,South,JORDAN DR,,,,0.00,N,Not at Intersection,N,Non-Junction,None,,,         ,Brandon,Evans,Snow,Not Collision with Motor Vehicle in Transport,no,no,no,no,no,False
101091913,METROPOLITAN NASHVILLE POLICE DEPT,20160072399,Davidson,Nashville,1/22/2016 7:11:00 AM,2,0,0,36.154930,-86.626680,STEWARTS FERRY PIKE,,,,35.00,Feet,West,-- UNKNOWN RAMP/ROAD --,,,,0.00,N,Not at Intersection, ,,None,,,         ,Larry,Benz,,,no,no,no,no,no,False
101091914,METROPOLITAN NASHVILLE POLICE DEPT,2016-0072394,Davidson,Nashville,1/22/2016 7:09:00 AM,1,0,0,36.143830,-86.814310,30TH AVN,,,,59.00,Feet,North,WEST END AV,,,,0.00,N,Not at Intersection, ,Non-Junction,None,,,         ,David,Anderson,Snow,Not Collision with Motor Vehicle in Transport,no,no,no,no,no,Campus
101091915,METROPOLITAN NASHVILLE POLICE DEPT,20160072415,Davidson,Nashville,1/22/2016 7:17:00 AM,2,0,0,36.161010,-86.758430,DAVIDSON ST,,,,0.00,,,S 5TH ST,,,,0.00,Y,T-Intersection, ,Intersection,None,,,         ,Tony,Folad,Snow,Angle,no,no,no,no,no,False
101091917,METROPOLITAN NASHVILLE POLICE DEPT,20160072498,Davidson,Nashville,1/22/2016 7:37:00 AM,2,0,0,36.151490,-86.674110,ELM HILL PKE,,,,855.00,Feet,East,EMERY DR,,,,0.00,N,Not at Intersection, ,OtherLocation,None,,,         ,Wesley,Young,Snow,Angle,no,no,no,yes,no,False
101091918,METROPOLITAN NASHVILLE POLICE DEPT,20160072421,Davidson,Nashville,1/22/2016 7:04:00 AM,2,0,0,36.193740,-86.757820,DOUGLAS AV,,,,0.00,,,N 8TH ST,,,,0.00,Y,Four-Way,N,Intersection,None,,,         ,Jared,Eaves,Snow,"Sideswipe, Same Direction",no,no,no,no,yes,False
101091921,METROPOLITAN NASHVILLE POLICE DEPT,2016-072364,Davidson,Nashville,1/22/2016 6:40:00 AM,2,0,0,36.154870,-86.763350,US HWY 70,,,,0.00,,,ANTHES DR,,,,0.00,Y,Four-Way,N,Intersection,None,,,         ,Charles,Coe,Snow,HeadOn,no,no,no,no,no,False
101091922,METROPOLITAN NASHVILLE POLICE DEPT,20160072308,Davidson,Nashville,1/22/2016 6:01:00 AM,1,1,0,36.215760,-86.775160,I 65,,,,0.00,,,,,,,88.00,N,Not at Intersection,N,Non-Junction,None,,,         ,Michael,Richardson,Rain,Not Collision with Motor Vehicle in Transport,no,no,no,no,no,False
101091931,METROPOLITAN NASHVILLE POLICE DEPT,20160072556,Davidson,Nashville,1/22/2016 7:17:00 AM,2,0,0,36.075640,-86.725100,US HWY 31 ALT,,,,227.00,Feet,North,FLORA MAXWELL RD,,,,0.00,N,Not at Intersection,N,Non-Junction,None,,,         ,Roy,McElwee,Snow,"Sideswipe, Same Direction",no,no,no,no,yes,False
101091935,METROPOLITAN NASHVILLE POLICE DEPT,20160072431,Davidson,Nashville,1/22/2016 12:00:00 AM,3,0,0,36.172560,-86.595910,STATE HWY 265,,,,240.00,Feet,West,TULIP GROVE RD,,,,0.00,N,Not at Intersection, ,Non-Junction,None,,,         ,Evan,Hibschman,Snow,Angle,no,no,no,no,no,False
101091940,METROPOLITAN NASHVILLE POLICE DEPT,20160072387,Davidson,Nashville,1/22/2016 7:00:00 AM,3,2,0,36.089110,-86.614690,SMITH SPRINGS RD,,,,46.00,Feet,East,CASTLEGATE DR,,,,0.00,N,Not at Intersection,N,Non-Junction,None,,,         ,Gordon,Stovall,Snow,Front to Rear,no,no,no,no,no,False
101091944,Nashville Airport Police,16-000167,Davidson,Nashville,1/20/2016 11:00:00 AM,2,0,0,0.000000,0.000000,TERMINAL DRIVE,DR,SR1,TERMINAL DRIVE,4.00,Miles,West,DONELSON PIKE,PIKE,SR1,255,0.00,N,Not at Intersection, ,Non-Junction,None,,,         ,Jerry,Lovell,Rain,Other,no,no,no,no,no,False
101091945,METROPOLITAN NASHVILLE POLICE DEPT,2016-0064895,Davidson,Nashville,1/20/2016 8:10:00 AM,1,0,0,36.082570,-86.698020,I 24,,,,0.00,,,,,,,56.00,N,Not at Intersection,N,Non-Junction,None,,,         ,John,Wheeler,Snow,Not Collision with Motor Vehicle in Transport,no,no,no,no,no,False
101091946,METROPOLITAN NASHVILLE POLICE DEPT,20160072363,Davidson,Nashville,1/22/2016 6:50:00 AM,2,0,0,36.030160,-86.638270,I 24,,,,0.00,,,,,,,61.00,N,Not at Intersection,N,Non-Junction,None,,,         ,John,Wheeler,Snow,Front to Rear,no,no,no,no,no,False
101091947,METROPOLITAN NASHVILLE POLICE DEPT,2016-0072531,Davidson,Not in City Limit,1/22/2016 6:45:00 AM,1,0,0,35.991870,-86.658840,BURKITT RD,,,,1187.00,Feet,West,GLORYLAND LN,,,,0.00,N,Not at Intersection,N,Non-Junction,None,,,         ,William,Whitworth,Snow,Not Collision with Motor Vehicle in Transport,no,no,no,no,yes,False
101091950,METROPOLITAN NASHVILLE POLICE DEPT,20160072596,Davidson,Nashville,1/22/2016 8:19:00 AM,2,0,0,36.174280,-86.787420,JEFFERSON ST,,,,0.00,,,5TH AVN,,,,0.00,Y,Four-Way, ,,None,,,         ,Shawn,Taylor,,,no,no,no,no,no,False
101091951,METROPOLITAN NASHVILLE POLICE DEPT,20160072495,Davidson,Nashville,1/22/2016 7:44:00 AM,2,0,0,36.167820,-86.787870,ROSA L PARKS BLVD,,,,77.00,Feet,North,10TH CIRN,,,,0.00,N,Not at Intersection, ,Non-Junction,None,,,         ,Shawn,Taylor,Snow,Angle,no,no,no,no,no,False
101091953,BELLE MEADE POLICE DEPT,16-0020,Davidson,Belle Meade,1/22/2016 6:45:00 AM,2,0,0,36.095850,-86.856780,HARDING PL,,,,0.00,,,BELLE MEADE BLVD,,,,0.00,Y,Four-Way, ,Intersection,None,,,         ,Keith,Samol,Snow,Angle,no,no,no,no,no,False
101091961,METROPOLITAN NASHVILLE POLICE DEPT,20160072564,Davidson,Nashville,1/22/2016 6:15:00 AM,1,0,0,36.110350,-86.922420,-- UNKNOWN RAMP/ROAD --,,,,0.00,,,I 40,,,,0.00,Y,OTHER, ,Entrance/Exit Ramp Related,None,,,         ,James,Murphy,Snow,Not Collision with Motor Vehicle in Transport,no,no,no,no,no,False
101091967,METROPOLITAN NASHVILLE POLICE DEPT,2016-0072374,Davidson,Nashville,1/22/2016 8:05:00 AM,4,0,0,36.171350,-86.870450,CENTENNIAL BLVD,,,,41.00,Feet,West,-- UNKNOWN RAMP/ROAD --,,,,0.00,N,Not at Intersection, ,Non-Junction,None,,,         ,Paul,Junkmann,Snow,"Sideswipe, Same Direction",no,no,no,no,no,False
101091968,GOODLETTSVILLE POLICE DEPT,16-02872,Davidson,Goodlettsville,1/22/2016 7:32:00 AM,2,0,0,36.306877,-86.694071,VIETNAM VETERANS BLVD,,SR386,,101.00,Feet,West,CONFERENCE DR,,,,0.00,N,Not at Intersection, ,Non-Junction,None,,,         ,John,Spencer,Snow,Angle,no,no,no,no,no,False
101091970,METROPOLITAN NASHVILLE POLICE DEPT,2016-0072335,Davidson,Nashville,1/22/2016 6:42:00 AM,2,0,0,36.041380,-86.782490,I 65,,,,0.00,,,,,,,74.75,N,Not at Intersection,N,Non-Junction,None,,,         ,Allen,Bates,Blowing Snow,Angle,no,no,no,no,no,False