master_record_number,agency,agency_tracking_number,county,city,collision_date,vehicles_involved,number_injured,number_dead,latitude,longitude,roadway_name,roadway_suffix,roadway_number,roadway_local_id,distance_from_reference,miles-feet_indicator,direction_from_reference,intersection_road_name,intersection_road_name_suffix,intersection_road_number,intersection_local_id,mile_marker,intersection_indicator,intersect_type,interchange_related_indicator,relation_to_junction,work_zone_type,construction_maintenance_zone,construction_maintenance_zone_location,fatal_case_number,officer_first_name,officer_last_name,weather_condition(s),manner_of_crash,pedestrian,bicycle,scooter,parking,hitrun,mou
101091971,METROPOLITAN NASHVILLE POLICE DEPT,2016072579,Davidson,Nashville,1/22/2016 6:30:00 AM,2,0,0,36.157440,-86.770530,HERMITAGE AV,,,,0.00,,,PEABODY ST,,,,0.00,Y,Four-Way,N,Intersection-Related,None,,,         ,Kevin,Coleman,Snow,Front to Rear,no,no,no,no,no,False
101091975,METROPOLITAN NASHVILLE POLICE DEPT,2016072393,Davidson,Nashville,1/22/2016 6:35:00 AM,2,0,0,36.064830,-86.637070,STATE HWY 254,,,,634.00,Feet,South,MORRIS GENTRY BLVD,,,,0.00,N,Not at Intersection,N,Non-Junction,None,,,         ,James,Grady,Snow,Angle,no,no,no,no,yes,False
101091978,METROPOLITAN NASHVILLE POLICE DEPT,20160072508,Davidson,Nashville,1/22/2016 7:00:00 AM,1,0,0,36.108620,-86.812160,HILLSBORO PKE,,,,23.00,Feet,South,GLEN ECHO RD,,,,0.00,N,Not at Intersection, ,"Driveway, Alley Access, etc",None,,,         ,Gregory,McDaniel,Snow,Not Collision with Motor Vehicle in Transport,no,no,no,no,no,False
101091981,METROPOLITAN NASHVILLE POLICE DEPT,20160072450,Davidson,Nashville,1/22/2016 7:10:00 AM,1,0,0,36.110170,-86.781380,STATE HWY 155,,,,151.00,Feet,West,MCNAIRY LN,,,,0.00,N,Not at Intersection,N,Non-Junction,None,,,         ,Jason,Picanzo,Snow,Not Collision with Motor Vehicle in Transport,no,no,no,no,no,False
101091983,METROPOLITAN NASHVILLE POLICE DEPT,20160072700,Davidson,Nashville,1/22/2016 8:00:00 AM,2,0,0,36.178720,-86.695630,STATE HWY 155,,,,0.89,Miles,South,TWO RIVERS PKWY,,,,0.00,N,Not at Intersection,N,Non-Junction,None,,,         ,Robert,Magner,Snow,Front to Rear,no,no,no,no,no,False
101091985,GOODLETTSVILLE POLICE DEPT,16-02874,Davidson,Goodlettsville,1/22/2016 7:25:00 AM,1,0,0,0.000000,0.000000,VIETNAM VETERANS BLVD,,SR386,,1200.00,Feet,East,CONFERENCE DR,,,,0.00,N,Not at Intersection, ,Non-Junction,None,,,         ,John,Spencer,Snow,Not Collision with Motor Vehicle in Transport,no,no,no,no,no,False
101091986,METROPOLITAN NASHVILLE POLICE DEPT,20160072692,Davidson,Nashville,1/22/2016 8:00:00 AM,2,0,0,36.224340,-86.838070,CLARKSVILLE PKE,,,,1000.00,Feet,North,FAIRMEADE DR,,,,0.00,N,Not at Intersection,N,Non-Junction,None,,,         ,Garren,Hoskins,Snow,Unknown,no,no,no,no,yes,False
101091987,METROPOLITAN NASHVILLE POLICE DEPT,20160072435,Davidson,Nashville,1/22/2016 6:30:00 AM,3,0,0,36.167770,-86.747210,SEVIER CT,,,,0.00,,,S 14TH ST,,,,0.00,Y,OTHER, ,Non-Junction,None,,,         ,Randal,Owsley,Snow,"Sideswipe, Same Direction",no,no,no,yes,no,False
101091995,METROPOLITAN NASHVILLE POLICE DEPT,2016-0072609,Davidson,Nashville,1/22/2016 8:10:00 AM,2,0,0,36.150680,-86.800810,WEST END AV,,,,141.00,Feet,East,21ST AVS,,,,0.00,N,Not at Intersection,N,Non-Junction,None,,,         ,David,Anderson,Snow,Front to Rear,no,no,no,no,yes,Campus
101092000,METROPOLITAN NASHVILLE POLICE DEPT,2016-0072790,Davidson,Nashville,1/22/2016 9:15:00 AM,2,0,0,36.171350,-86.870450,CENTENNIAL BLVD,,,,41.00,Feet,West,-- UNKNOWN RAMP/ROAD --,,,,0.00,N,Not at Intersection, ,Non-Junction,None,,,         ,Paul,Junkmann,Snow,"Sideswipe, Same Direction",no,no,no,no,yes,False
101092001,METROPOLITAN NASHVILLE POLICE DEPT,20160072413,Davidson,Nashville,1/22/2016 7:12:00 AM,2,0,0,36.125860,-86.752570,GLENROSE AV,,,,6.00,Feet,East,NOLENSVILLE PKE,,,,0.00,N,Not at Intersection, ,OtherLocation,None,,,         ,Michael,Burgess,Snow,Angle,no,no,no,no,no,False
101092007,METROPOLITAN NASHVILLE POLICE DEPT,20160072402,Davidson,Nashville,1/22/2016 8:02:00 AM,2,0,0,36.141800,-86.713590,I 40,,,,0.00,,,,,,,214.00,N,Not at Intersection, ,,None,,,         ,Michael,Dance,,,no,no,no,no,no,False
101092009,METROPOLITAN NASHVILLE POLICE DEPT,2016-072802,Davidson,Nashville,1/22/2016 9:45:00 AM,2,0,0,36.156830,-86.771900,2ND AVE S,,,,0.00,,,PEABODY ST,,,,0.00,Y,Four-Way, ,Non-Junction,None,,,         ,Charles,Coe,Snow,Front to Rear,no,no,no,no,no,False
101092016,BERRY HILL POLICE DEPT,16-0274,Davidson,Berry Hill,1/21/2016 7:00:00 PM,2,0,0,36.121960,-86.775660,FRANKLIN PKE,,,,169.00,Feet,South,HORNER AV,,,,0.00,N,Not at Intersection, ,,None,,,         ,John,Gleixner,,,no,no,no,no,no,False
101092018,METROPOLITAN NASHVILLE POLICE DEPT,20160072898,Davidson,Nashville,1/22/2016 10:55:00 AM,1,0,0,36.096650,-86.708420,I 24,,,,0.00,,,,,,,54.85,N,Not at Intersection,N,Non-Junction,None,,,         ,Jessie,Meadows,Snow,Not Collision with Motor Vehicle in Transport,no,no,no,no,no,False
101092020,METROPOLITAN NASHVILLE POLICE DEPT,20160072437,Davidson,Nashville,1/22/2016 7:10:00 AM,2,0,0,36.133440,-86.770440,WEDGEWOOD AV,,,,0.00,,,MARTIN ST,,,,0.00,Y,T-Intersection, ,Intersection-Related,None,,,         ,Sean,Pulizzano,Snow,"Sideswipe, Opposite Direction",no,no,no,no,no,False
101092021,METROPOLITAN NASHVILLE POLICE DEPT,2016-0072908,Davidson,Nashville,1/22/2016 11:00:00 AM,2,0,0,36.144450,-86.872710,US HWY 70,,,,0.00,,,AMERICAN RD,,,,0.00,Y,T-Intersection, ,,None,,,         ,Curtis,Rich,,,no,no,no,no,no,False
101092023,METROPOLITAN NASHVILLE POLICE DEPT,20150033520,Davidson,Goodlettsville,1/11/2016 12:45:00 PM,2,0,0,36.302750,-86.691850,GALLATIN PKEN,,,,0.00,,,CONFERENCE DR,,,,0.00,Y,Four-Way, ,Intersection,None,,,         ,Jeffery,Burnette,Cloudy,Front to Rear,no,no,no,no,no,False
101092025,METROPOLITAN NASHVILLE POLICE DEPT,20160072506,Davidson,Nashville,1/22/2016 7:49:00 AM,1,0,0,36.137620,-86.770040,MOORE AVE,,,,50.00,Feet,West,MARTIN ST,,,,0.00,N,Not at Intersection, ,,None,,,         ,Charles,Cole,,,no,no,no,no,no,False
101092039,METROPOLITAN NASHVILLE POLICE DEPT,20160072715,Davidson,Nashville,1/22/2016 9:30:00 AM,2,0,0,36.180420,-86.695790,STATE HWY 155,,,,0.79,Miles,South,TWO RIVERS PKWY,,,,0.00,N,Not at Intersection,N,Non-Junction,None,,,         ,Robert,Magner,Snow,Front to Rear,no,no,no,no,no,False
101092041,METROPOLITAN NASHVILLE POLICE DEPT,20160072793,Davidson,Not in City Limit,1/22/2016 9:55:00 AM,1,0,0,36.079990,-86.954400,US HWY 70S,,,,162.00,Feet,South,-- UNKNOWN RAMP/ROAD --,,,,0.00,N,Not at Intersection, ,,None,,,         ,Wesley,Tilley,,,no,no,no,no,no,False
101092046,METROPOLITAN NASHVILLE POLICE DEPT,20160072474,Davidson,Nashville,1/22/2016 7:15:00 AM,3,0,0,36.224130,-86.838110,US HWY 41 ALT,,,,935.00,Feet,North,FAIRMEADE DR,,,,0.00,N,Not at Intersection,N,Non-Junction,None,,,         ,Alan,Jordan,Snow,"Sideswipe, Same Direction",no,no,no,no,no,False
101092050,METROPOLITAN NASHVILLE POLICE DEPT,20160072866,Davidson,Nashville,1/22/2016 9:50:00 AM,2,0,0,36.173920,-86.791800,ROSA L PARKS BLVD,,,,55.00,Feet,North,MADISON ST,,,,0.00,N,Not at Intersection, ,Non-Junction,None,,,         ,Caleb,Foster,Snow,Front to Rear,no,no,no,no,no,False
101092051,METROPOLITAN NASHVILLE POLICE DEPT,20160072333,Davidson,Nashville,1/22/2016 6:42:00 AM,1,1,0,36.135560,-86.761400,WINGROVE AVE,,,,220.00,Feet,West,ALLEY,,,,0.00,N,Not at Intersection,N,Non-Junction,None,,,         ,Justin,Fox,Blowing Snow,Not Collision with Motor Vehicle in Transport,no,no,no,no,no,False
101092052,METROPOLITAN NASHVILLE POLICE DEPT,20160072398,Davidson,Nashville,1/22/2016 7:10:00 AM,1,0,0,36.092180,-86.715290,SCOTWOOD DR,,,,0.00,,,JESSIE DR,,,,0.00,Y,T-Intersection,N,Intersection,None,,,         ,Robert,Erickson,Snow,Not Collision with Motor Vehicle in Transport,no,no,no,no,no,False
101092054,METROPOLITAN NASHVILLE POLICE DEPT,20160072697,Davidson,Not in City Limit,1/22/2016 9:00:00 AM,2,0,0,36.269260,-86.755740,OLD HICKORY BLVDW,,,,0.00,Feet,,DICKERSON PKE,,,,0.00,Y,Four-Way, ,Intersection-Related,None,,,         ,Peter,Lynch,Blowing Snow,HeadOn,no,no,no,no,no,False
101092057,METROPOLITAN NASHVILLE POLICE DEPT,20160079932,Davidson,Nashville,1/22/2016 7:54:00 AM,2,0,0,36.125860,-86.752570,GLENROSE AV,,,,6.00,Feet,East,NOLENSVILLE PKE,,,,0.00,N,Not at Intersection,Y,Unknown,None,,,         ,Michael,Burgess,Snow,Angle,no,no,no,no,no,False
101092071,METROPOLITAN NASHVILLE POLICE DEPT,20160072921,Davidson,Nashville,1/22/2016 10:43:00 AM,1,0,0,36.145270,-86.624240,LINCOYA BAY DR,,,,578.00,Feet,East,LINCOYA CREEK DR,,,,0.00,N,Not at Intersection,N,Non-Junction,None,,,         ,Steven,Rowlett,Snow,Not Collision with Motor Vehicle in Transport,no,no,no,no,yes,False
101092074,METROPOLITAN NASHVILLE POLICE DEPT,20160073048,Davidson,Not in City Limit,1/22/2016 11:40:00 AM,1,0,0,36.082420,-86.954480,EXIT 196,,,,0.00,Feet,East,I 40,,,,0.00,N,Not at Intersection,N,Non-Junction,None,,,         ,Wesley,Tilley,Snow,Not Collision with Motor Vehicle in Transport,no,no,no,no,yes,False
101092093,METROPOLITAN NASHVILLE POLICE DEPT,20160072677,Davidson,Nashville,1/22/2016 8:55:00 AM,2,1,0,36.232260,-86.624690,STATE HWY 45,,,,0.00,,,SHUTE LN,,,,0.00,Y,T-Intersection,Y,Intersection-Related,None,,,         ,Angelo,Lezzi,Snow,Front to Rear,no,no,no,no,no,False
101092094,METROPOLITAN NASHVILLE POLICE DEPT,2016-0072576,Davidson,Nashville,1/22/2016 7:30:00 AM,2,0,0,36.191270,-86.799130,ROSA L PARKS BLVD,,,,107.00,Feet,North,VANTAGE WAY,,,,0.00,N,Not at Intersection,N,Non-Junction,None,,,         ,Darryl,Morton,Snow,Front to Rear,no,no,no,no,no,False
101092095,METROPOLITAN NASHVILLE POLICE DEPT,2016-0065068,Davidson,Nashville,1/20/2016 9:15:00 AM,2,1,0,36.224200,-86.694460,STATE HWY 155,,,,92.00,Feet,East,MUSIC VALLEY DR,,,,0.00,N,Not at Intersection,N,Non-Junction,None,,,         ,Angelo,Lezzi,Snow,Rear to Rear,no,no,no,no,no,False
101092099,METROPOLITAN NASHVILLE POLICE DEPT,20160068614,Davidson,Nashville,1/21/2016 7:42:00 AM,3,0,0,36.173590,-86.602150,CENTRAL PKE,,,,0.00,Feet,,OLD HICKORY BLVD,,,,0.00,Y,Four-Way, ,Intersection-Related,None,,,         ,James,Curtis,Cloudy,Front to Rear,no,no,no,no,no,False
101092100,METROPOLITAN NASHVILLE POLICE DEPT,20160069636,Davidson,Nashville,1/21/2016 12:51:00 PM,2,0,0,36.151180,-86.636830,I 40,,,,0.00,,,,,,,218.50,N,Not at Intersection,N,Non-Junction,None,,,         ,James,Curtis,Cloudy,"Sideswipe, Same Direction",no,no,no,no,yes,False
101092101,METROPOLITAN NASHVILLE POLICE DEPT,20160069726,Davidson,Nashville,1/21/2016 12:52:00 PM,2,0,0,36.150500,-86.637920,I 40,,,,0.00,,,,,,,218.40,N,Not at Intersection,N,Non-Junction,None,,,         ,James,Curtis,Cloudy,"Sideswipe, Same Direction",no,no,no,no,yes,False
101092102,METROPOLITAN NASHVILLE POLICE DEPT,20160072340,Davidson,Nashville,1/22/2016 6:22:00 AM,2,0,0,36.215120,-86.597670,ANDREW JACKSON PKWY,,,,0.00,,,LEBANON PKE,,,,0.00,Y,Four-Way, ,,None,,,         ,James,Curtis,,,no,no,no,no,no,False
101092103,METROPOLITAN NASHVILLE POLICE DEPT,20160072457,Davidson,Nashville,1/22/2016 7:19:00 AM,2,0,0,36.214910,-86.603880,LEBANON PKE,,,,254.00,Feet,East,SHUTE LN,,,,0.00,N,Not at Intersection, ,,None,,,         ,James,Curtis,,,no,no,no,no,no,False
101092106,METROPOLITAN NASHVILLE POLICE DEPT,20160072391,Davidson,Nashville,1/22/2016 7:00:00 AM,2,0,0,36.166190,-86.765770,EXIT 49,,,,0.00,,,I 24,,,,0.00,Y,Four-Way, ,Intersection,None,,,         ,Daniel,Russett,Snow,"Sideswipe, Opposite Direction",no,no,no,no,no,False
101092107,METROPOLITAN NASHVILLE POLICE DEPT,20160073095,Davidson,Nashville,1/22/2016 12:13:00 PM,1,1,0,36.056010,-86.774820,I 65,,,,0.00,,,,,,,74.95,N,Not at Intersection,N,Non-Junction,None,,,         ,Michael,Richardson,Snow,Not Collision with Motor Vehicle in Transport,no,no,no,no,no,False
101092108,METROPOLITAN NASHVILLE POLICE DEPT,2016-0073135,Davidson,Nashville,1/22/2016 12:00:00 AM,2,0,0,36.189970,-86.824980,US HWY 41 ALT,,,,1234.00,Feet,West,CLIFF DR,,,,0.00,N,Not at Intersection, ,Non-Junction,None,,,         ,James,Jarvis,Snow,"Sideswipe, Same Direction",no,no,no,no,no,False
101092110,METROPOLITAN NASHVILLE POLICE DEPT,2016-0072372,Davidson,Nashville,1/22/2016 6:23:00 AM,1,0,0,36.134230,-86.779160,US HWY 31,,,,0.00,,,WEDGEWOOD AVE,,,,0.00,Y,OTHER, ,Non-Junction,None,,,         ,Po,Cheng,Blowing Snow,Not Collision with Motor Vehicle in Transport,no,no,no,no,no,False
101092123,METROPOLITAN NASHVILLE POLICE DEPT,20160072427,Davidson,Nashville,1/22/2016 7:15:00 AM,2,0,0,36.111030,-86.746730,STATE HWY 155,,,,0.00,,,GRANDVIEW AVE,,,,0.00,Y,T-Intersection,N,Intersection,None,,,         ,Roy,Sain Jr.,Snow,Angle,no,no,no,no,no,False
101092124,METROPOLITAN NASHVILLE POLICE DEPT,20150072519,Davidson,Nashville,1/22/2016 7:22:00 AM,2,0,0,36.172610,-86.595820,CENTRAL PKE,,,,0.00,,,,,,,0.00,,, ,Non-Junction,None,,,         ,Cassandra,Del Bosco,Snow,"Sideswipe, Same Direction",no,no,no,no,no,False
101092130,METROPOLITAN NASHVILLE POLICE DEPT,20160072943,Davidson,Nashville,1/22/2016 12:00:00 AM,1,1,0,36.177770,-86.772720,I24 W EXT RAMP,,,,0.00,,,I 24,,,,0.00,Y,OTHER,Y,Entrance/Exit Ramp Related,None,,,         ,Kevin,Ott,Unknown,Not Collision with Motor Vehicle in Transport,no,no,no,no,no,False
101092139,METROPOLITAN NASHVILLE POLICE DEPT,2016-0073068,Davidson,Nashville,1/22/2016 11:45:00 AM,2,1,0,36.182230,-86.694790,STATE HWY 155,,,,351.00,Feet,West,RIVERS CT,,,,0.00,N,Not at Intersection,N,Non-Junction,None,,,         ,Daniel,Herndon,Snow,"Sideswipe, Same Direction",no,no,no,no,no,False
101092140,METROPOLITAN NASHVILLE POLICE DEPT,20160072901,Davidson,Not in City Limit,1/22/2016 11:00:00 AM,2,0,0,0.000000,0.000000,1859 SPRINGFIELD HWY.,RD,SR41,,2.00,Miles,North,,,,,2.00,N,Not at Intersection, ,Non-Junction,None,,,         ,Jeffery,Burnette,Blowing Snow,HeadOn,no,no,no,no,no,False
101092143,METROPOLITAN NASHVILLE POLICE DEPT,20160073190,Davidson,Nashville,1/22/2016 1:19:00 PM,2,1,0,36.203410,-86.840600,US HWY 41 ALT,,,,85.00,Feet,North,ABERNATHY RD,,,,0.00,N,Not at Intersection,N,Non-Junction,None,,,         ,Brandon,Evans,Snow,Front to Rear,no,no,no,no,no,False
101092185,METROPOLITAN NASHVILLE POLICE DEPT,20160071270,Davidson,Nashville,1/21/2016 10:17:00 PM,2,0,0,36.083200,-86.727410,US HWY 31 ALT,,,,65.00,Feet,South,WELCH RD,,,,0.00,N,Not at Intersection,N,Non-Junction,None,,,         ,Alyson,Cook,Sleet/Hail,Angle,no,no,no,no,no,False
101092198,METROPOLITAN NASHVILLE POLICE DEPT,20160073052,Davidson,Nashville,1/22/2016 11:33:00 AM,2,0,0,36.170820,-86.803950,I 40,,,,0.00,,,,,,,207.65,N,Not at Intersection,Y,Non-Junction,None,,,         ,Charles,Taylor,Blowing Snow,Front to Rear,no,no,no,no,yes,False
101092210,METROPOLITAN NASHVILLE POLICE DEPT,2016-0069381,Davidson,Nashville,1/21/2016 11:20:00 AM,2,0,0,36.167040,-86.765060,I 24,,,,0.00,,,,,,,48.90,N,Not at Intersection,N,Non-Junction,Construction Zone,,,         ,Coleman,Womack,Cloudy,"Sideswipe, Same Direction",no,no,no,no,yes,False
101092236,METROPOLITAN NASHVILLE POLICE DEPT,20160073463,Davidson,Nashville,1/22/2016 3:30:00 PM,2,0,0,36.135980,-86.790730,14TH AVS,,,,0.00,,,WEDGEWOOD AV,,,,0.00,Y,Four-Way, ,Intersection-Related,None,,,         ,Tien,Nguyen,Snow,"Sideswipe, Opposite Direction",no,no,no,no,no,False
101092237,METROPOLITAN NASHVILLE POLICE DEPT,20160072434,Davidson,Nashville,1/22/2016 7:20:00 AM,1,0,0,36.098920,-86.717380,MCCALL ST,,,,0.00,,,ANTIOCH PIKE,,,,0.00,Y,T-Intersection, ,Non-Junction,None,,,         ,Jason,Dudley,Blowing Snow,Not Collision with Motor Vehicle in Transport,no,no,no,no,no,False
101092240,METROPOLITAN NASHVILLE POLICE DEPT,20160073437,Davidson,Nashville,1/22/2016 3:13:00 PM,3,0,0,36.043330,-86.781410,I 65,,,,0.00,,,,,,,74.90,N,Not at Intersection, ,Non-Junction,None,,,         ,Clyde,Stambaugh,Snow,"Sideswipe, Same Direction",no,no,no,no,no,False
101092246,METROPOLITAN NASHVILLE POLICE DEPT,20160071253,Davidson,Nashville,1/21/2016 10:11:00 PM,3,6,0,36.045330,-86.702100,OLD HICKORY BLVD,,,,125.00,Feet,West,BENZING RD,,,,0.00,N,Not at Intersection,N,Non-Junction,None,,,         ,William,Durham,Rain,"Sideswipe, Same Direction",no,no,no,no,no,False
101092315,METROPOLITAN NASHVILLE POLICE DEPT,20160070351,Davidson,Nashville,1/21/2016 5:18:00 PM,2,0,0,36.142430,-86.666520,RAMP,,,,0.00,,,I 40,,,,0.00,Y,T-Intersection, ,,None,,,         ,John,Daugherty,,,no,no,no,no,no,False
101092338,METROPOLITAN NASHVILLE POLICE DEPT,20160073880,Davidson,Nashville,1/22/2016 6:35:00 PM,1,2,0,36.058870,-86.678430,I 24,,,,0.00,,,,,,,58.00,N,Not at Intersection,N,Non-Junction,None,,,         ,William,Durham,Snow,Not Collision with Motor Vehicle in Transport,no,no,no,no,no,False
101092400,METROPOLITAN NASHVILLE POLICE DEPT,20160072315,Davidson,Nashville,1/22/2016 6:07:00 AM,1,0,0,36.088790,-86.891950,HARDING PKE,,,,291.00,Feet,South,BROOKMONT TER,,,,0.00,N,Not at Intersection,N,Non-Junction,None,,,         ,Steven,Popp,Snow,Not Collision with Motor Vehicle in Transport,no,no,no,no,no,False
101092418,METROPOLITAN NASHVILLE POLICE DEPT,20160072331,Davidson,Nashville,1/22/2016 6:34:00 AM,1,0,0,36.088790,-86.891950,HARDING PKE,,,,291.00,Feet,South,BROOKMONT TER,,,,0.00,N,Not at Intersection,N,Non-Junction,None,,,         ,Steven,Popp,Snow,Not Collision with Motor Vehicle in Transport,no,no,no,no,no,False
101092419,METROPOLITAN NASHVILLE POLICE DEPT,20160072367,Davidson,Nashville,1/22/2016 6:10:00 AM,1,0,0,36.089610,-86.891060,US HWY 70S,,,,0.00,,,CARNAVON PKWY,,,,0.00,Y,T-Intersection,N,Non-Junction,None,,,         ,Robert,Buckman,Snow,Not Collision with Motor Vehicle in Transport,no,no,no,no,no,False
101092427,METROPOLITAN NASHVILLE POLICE DEPT,20160071334,Davidson,Not in City Limit,1/21/2016 12:00:00 AM,2,2,0,36.263160,-86.712940,STATE HWY 45,,,,250.00,Feet,West,US HWY 31E,,,,0.00,N,Not at Intersection,Y,Non-Junction,None,,,         ,Chad,Brown,Rain,Angle,no,no,no,no,no,False
101092433,METROPOLITAN NASHVILLE POLICE DEPT,20160066927,Davidson,Madison,1/20/2016 8:30:00 PM,2,0,0,36.257020,-86.673830,CIRCLE DR,,,,0.00,,,,,,,0.00,,,N,Non-Junction,None,,,         ,Samuel,Miller,Cloudy,Rear to Rear,no,no,no,yes,no,False
101092438,METROPOLITAN NASHVILLE POLICE DEPT,20160072318,Davidson,Goodlettsville,1/22/2016 6:18:00 AM,2,0,0,36.291790,-86.694370,MYATT DR,,,,318.00,Feet,North,EDENWOLD RD,,,,0.00,N,Not at Intersection,N,Non-Junction,None,,,         ,Eric,Mumaw,Snow,HeadOn,no,no,no,no,no,False
101092465,METROPOLITAN NASHVILLE POLICE DEPT,20160072272,Davidson,Nashville,1/22/2016 6:10:00 AM,2,0,0,36.164700,-86.794160,I 40,,,,0.00,,,,,,,208.45,N,Not at Intersection,N,Non-Junction,None,,,         ,Nicholas,Carter,Snow,Angle,no,no,no,no,no,False
101092474,METROPOLITAN NASHVILLE POLICE DEPT,2016-0074382,Davidson,Nashville,1/23/2016 1:10:00 AM,2,0,0,36.029830,-86.637960,I 24,,,,0.00,,,,,,,61.00,N,Not at Intersection,N,Non-Junction,None,,,         ,Autumn,Manning,Snow,Front to Rear,no,no,no,no,no,False
101092481,METROPOLITAN NASHVILLE POLICE DEPT,20160074523,Davidson,Nashville,1/23/2016 3:15:00 AM,1,0,0,36.136180,-86.725460,MURFREESBORO PKE EXT RAMP,,,,0.00,,,MURFREESBORO PKE,,,,0.00,Y,OTHER, ,Entrance/Exit Ramp Related,None,,,         ,Charles,Shaw,Clear,Not Collision with Motor Vehicle in Transport,no,no,no,no,no,False
101092482,METROPOLITAN NASHVILLE POLICE DEPT,20160072038,Davidson,Nashville,1/22/2016 3:45:00 AM,2,0,0,36.224820,-86.774530,I 65,,,,0.00,,,,,,,88.60,N,Not at Intersection, ,Non-Junction,Construction Zone,,,         ,Chad,Brown,Clear,"Sideswipe, Same Direction",no,no,no,no,no,False
101092485,METROPOLITAN NASHVILLE POLICE DEPT,20160074557,Davidson,Nashville,1/23/2016 3:30:00 AM,1,0,0,36.142580,-86.708210,I 40,,,,0.00,,,,,,,214.30,N,Not at Intersection,N,Non-Junction,None,,,         ,Bridget,Griepentrog,Other,Not Collision with Motor Vehicle in Transport,no,no,no,no,no,False
101092487,Nashville Airport Police,16-000183,Davidson,Nashville,1/22/2016 9:50:00 AM,1,0,0,0.000000,0.000000,TERMINAL DRIVE,,,,3.00,Miles,West,DONELSON PIKE,PIKE,SR255,1,0.00,N,Not at Intersection, ,Non-Junction,None,,,         ,Jerry,Lovell,Snow,Not Collision with Motor Vehicle in Transport,no,no,no,no,no,False
101092489,METROPOLITAN NASHVILLE POLICE DEPT,20160072433,Davidson,Nashville,1/22/2016 6:27:00 AM,4,0,0,36.038980,-86.730100,OLD HICKORY BLVD,,,,277.00,Feet,East,WOODLAND HILLS DR,,,,0.00,N,Not at Intersection, ,Non-Junction,None,,,         ,Earl,Davis,Snow,Front to Rear,no,no,no,no,no,False
101092504,METROPOLITAN NASHVILLE POLICE DEPT,20160074748,Davidson,Nashville,1/23/2016 6:45:00 AM,1,0,0,36.159720,-86.662790,KENT RD,,,,16.00,Feet,South,MCCAMPBELL AVE,,,,0.00,N,Not at Intersection, ,Non-Junction,None,,,         ,Ralph,Harvey,Snow,Not Collision with Motor Vehicle in Transport,no,no,no,no,no,False
101092509,METROPOLITAN NASHVILLE POLICE DEPT,20160074636,Davidson,Nashville,1/23/2016 5:10:00 AM,2,1,0,36.044680,-86.658070,I 24,,,,0.00,,,,,,,59.50,N,Not at Intersection,N,Non-Junction,None,,,         ,David,Moser,Clear,Not Collision with Motor Vehicle in Transport,no,no,no,no,no,False
101092511,METROPOLITAN NASHVILLE POLICE DEPT,20160074774,Davidson,Nashville,1/23/2016 7:30:00 AM,1,0,0,36.160600,-86.621210,I 40,,,,0.00,,,,,,,219.55,N,Not at Intersection, ,Non-Junction,None,,,         ,MIchael,Mihajlov,Snow,Not Collision with Motor Vehicle in Transport,no,no,no,no,no,False
101092520,METROPOLITAN NASHVILLE POLICE DEPT,20160074773,Davidson,Nashville,1/23/2016 7:50:00 AM,1,0,0,36.163960,-86.615770,I 40,,,,0.00,,,,,,,219.95,N,Not at Intersection, ,Non-Junction,None,,,         ,Tyler,Maupin,Snow,Not Collision with Motor Vehicle in Transport,no,no,no,no,no,False
101092535,METROPOLITAN NASHVILLE POLICE DEPT,20160074814,Davidson,Nashville,1/23/2016 8:20:00 AM,1,0,0,36.163960,-86.615770,I 40,,,,0.00,,,,,,,219.95,N,Not at Intersection, ,Non-Junction,None,,,         ,Tyler,Maupin,Snow,Not Collision with Motor Vehicle in Transport,no,no,no,no,no,False
101092538,METROPOLITAN NASHVILLE POLICE DEPT,2016-0074761,Davidson,Nashville,1/22/2016 12:00:00 AM,2,0,0,36.154140,-86.788750,14TH AVS,,,,183.00,Feet,South,I40 E ENT RAMP,,,,0.00,N,Not at Intersection,N,Non-Junction,None,,,         ,David,Anderson,Snow,Angle,no,no,no,no,yes,False
101092544,METROPOLITAN NASHVILLE POLICE DEPT,2016-0072378,Davidson,Nashville,1/22/2016 6:50:00 AM,2,0,0,36.045300,-86.779510,I 65,,,,0.00,,,,,,,75.10,N,Not at Intersection,N,Non-Junction,None,,,         ,Jonathan,Seidl,Snow,"Sideswipe, Same Direction",no,no,no,no,yes,False
101092548,METROPOLITAN NASHVILLE POLICE DEPT,20160074840,Davidson,Nashville,1/23/2016 8:45:00 AM,1,0,0,36.163960,-86.615770,I 40,,,,0.00,,,,,,,219.95,N,Not at Intersection, ,Non-Junction,None,,,         ,Tyler,Maupin,Snow,Not Collision with Motor Vehicle in Transport,no,no,no,no,no,False
101092553,METROPOLITAN NASHVILLE POLICE DEPT,20160074771,Davidson,Not in City Limit,1/23/2016 6:30:00 AM,2,0,0,36.291620,-86.810340,I 24,,,,0.00,,,,,,,39.40,N,Not at Intersection,N,Non-Junction,None,,,         ,Alan,Jordan,Snow,Front to Rear,no,no,no,no,no,False