master_record_number,agency,agency_tracking_number,county,city,collision_date,vehicles_involved,number_injured,number_dead,latitude,longitude,roadway_name,roadway_suffix,roadway_number,roadway_local_id,distance_from_reference,miles-feet_indicator,direction_from_reference,intersection_road_name,intersection_road_name_suffix,intersection_road_number,intersection_local_id,mile_marker,intersection_indicator,intersect_type,interchange_related_indicator,relation_to_junction,work_zone_type,construction_maintenance_zone,construction_maintenance_zone_location,fatal_case_number,officer_first_name,officer_last_name,weather_condition(s),manner_of_crash,pedestrian,bicycle,scooter,parking,hitrun,mou
101092557,METROPOLITAN NASHVILLE POLICE DEPT,20160074847,Davidson,Nashville,1/23/2016 8:31:00 AM,1,0,0,36.142530,-86.682160,I 40,,,,0.00,,,,,,,215.75,N,Not at Intersection, ,Non-Junction,None,,,         ,MIchael,Mihajlov,Clear,Not Collision with Motor Vehicle in Transport,no,no,no,no,no,False
101092559,METROPOLITAN NASHVILLE POLICE DEPT,20160074877,Davidson,Nashville,1/23/2016 9:14:00 AM,2,0,0,36.063050,-86.626580,US HWY 41,,,,830.00,Feet,South,HAMILTON CHURCH RD,,,,0.00,N,Not at Intersection, ,Non-Junction,None,,,         ,Steven,Williams,Snow,Front to Rear,no,no,no,no,no,False
101092562,METROPOLITAN NASHVILLE POLICE DEPT,20160074860,Davidson,Nashville,1/23/2016 9:00:00 AM,1,0,0,36.163960,-86.615770,I 40,,,,0.00,,,,,,,219.95,N,Not at Intersection, ,Non-Junction,None,,,         ,Tyler,Maupin,Snow,Not Collision with Motor Vehicle in Transport,no,no,no,no,no,False
101092564,METROPOLITAN NASHVILLE POLICE DEPT,2016-0064979,Davidson,Nashville,1/20/2016 8:55:00 AM,1,0,0,36.178820,-86.695420,BRILEY PKWYN,,,,838.00,Feet,West,BRILEY PKWYS,,,,0.00,N,Not at Intersection, ,Non-Junction,None,,,         ,Jeb,Johnston,Snow,Not Collision with Motor Vehicle in Transport,no,no,no,no,no,False
101092566,GOODLETTSVILLE POLICE DEPT,16-02915,Davidson,Goodlettsville,1/22/2016 5:00:00 PM,2,0,0,36.295750,-86.716010,I 65,,,,0.00,,,,,,,94.80,N,Not at Intersection,N,Non-Junction,None,,,         ,John,Spencer,Snow,"Sideswipe, Same Direction",no,no,no,no,yes,False
101092568,METROPOLITAN NASHVILLE POLICE DEPT,20160074935,Davidson,Nashville,1/23/2016 10:00:00 AM,1,0,0,36.159090,-86.624070,I 40,,,,0.00,,,,,,,219.35,N,Not at Intersection, ,Non-Junction,None,,,         ,Tyler,Maupin,Snow,Not Collision with Motor Vehicle in Transport,no,no,no,no,no,False
101092571,METROPOLITAN NASHVILLE POLICE DEPT,2016-0065618,Davidson,Nashville,1/20/2016 1:24:00 PM,1,0,0,36.143060,-86.699420,I40 E ENT RAMP,,,,0.00,Feet,East,I 40,,,,0.00,N,Not at Intersection,N,Non-Junction,None,,,         ,Jeb,Johnston,Cloudy,Not Collision with Motor Vehicle in Transport,no,no,no,no,no,False
101092572,METROPOLITAN NASHVILLE POLICE DEPT,20160074932,Davidson,Nashville,1/23/2016 9:49:00 AM,1,0,0,36.082570,-86.698020,I 24,,,,0.00,,,,,,,56.00,N,Not at Intersection, ,Non-Junction,None,,,         ,Roy,McElwee,Clear,Not Collision with Motor Vehicle in Transport,no,no,no,no,no,False
101092576,METROPOLITAN NASHVILLE POLICE DEPT,20160074895,Davidson,Nashville,1/23/2016 12:00:00 AM,3,0,0,36.227440,-86.591580,CASCADE DR,,,,181.00,Feet,South,RAINER DR,,,,0.00,N,Not at Intersection,N,Non-Junction,None,,,         ,Evan,Hibschman,Snow,Not Collision with Motor Vehicle in Transport,no,no,no,no,yes,False
101092581,METROPOLITAN NASHVILLE POLICE DEPT,2016-0069188,Davidson,Nashville,1/21/2016 10:31:00 AM,2,0,0,36.239000,-86.702050,PENN MEADE DR,,,,139.00,Feet,West,PENN MEADE WAY,,,,0.00,N,Not at Intersection, ,Non-Junction,None,,,         ,Jeb,Johnston,Cloudy,Unknown,no,no,no,no,yes,False
101092583,METROPOLITAN NASHVILLE POLICE DEPT,20160074901,Davidson,Nashville,1/23/2016 12:00:00 AM,1,0,0,36.225880,-86.591820,CASCADE DR,,,,112.00,Feet,North,KALAMATH DR,,,,0.00,N,Not at Intersection,N,Non-Junction,None,,,         ,Evan,Hibschman,Snow,Not Collision with Motor Vehicle in Transport,no,no,no,no,yes,False
101092595,METROPOLITAN NASHVILLE POLICE DEPT,20160065096,Davidson,Nashville,1/20/2016 9:44:00 AM,2,1,0,36.141650,-86.713740,I 40,,,,0.00,,,,,,,214.00,N,Not at Intersection,N,Non-Junction,None,,,         ,Terry,Denton,Snow,Angle,no,no,no,no,no,False
101092603,BERRY HILL POLICE DEPT,16-0285,Davidson,Berry Hill,1/23/2016 9:20:00 AM,2,0,0,36.126190,-86.777070,FRANKLIN PKE,,,,0.00,,,CRAIGHEAD ST,,,,0.00,Y,T-Intersection, ,Intersection,None,,,         ,Larry,Carter,Cloudy,Front to Rear,no,no,no,no,no,False
101092611,METROPOLITAN NASHVILLE POLICE DEPT,20160074991,Davidson,Nashville,1/23/2016 10:50:00 AM,1,0,0,36.115850,-86.725240,I 24,,,,0.00,,,,,,,53.20,N,Not at Intersection, ,Non-Junction,None,,,         ,David,Smith,Clear,Not Collision with Motor Vehicle in Transport,no,no,no,no,no,False
101092614,METROPOLITAN NASHVILLE POLICE DEPT,20160074890,Davidson,Nashville,1/23/2016 9:20:00 AM,2,0,0,36.245540,-86.751260,SKYLINE MEMORIAL CT,,,,908.00,Feet,North,I65 S EXT RAMP,,,,0.00,N,Not at Intersection, ,Non-Junction,None,,,         ,Peter,Lynch,Clear,Rear to Rear,no,no,no,yes,no,False
101092625,METROPOLITAN NASHVILLE POLICE DEPT,20160075006,Davidson,Nashville,1/23/2016 11:04:00 AM,2,0,0,36.215070,-86.594620,LEBANON PKE,,,,899.00,Feet,East,ANDREW JACKSON PKWY,,,,0.00,N,Not at Intersection, ,,None,,,         ,Evan,Hibschman,,,no,no,no,no,no,False
101092629,METROPOLITAN NASHVILLE POLICE DEPT,20160075022,Davidson,Nashville,1/23/2016 12:00:00 AM,2,0,0,36.069460,-86.692610,HAYWOOD LN,,,,0.00,,,HAYWOOD SQUARE PVTDR,,,,0.00,,Not at Intersection, ,Non-Junction,None,,,         ,Paul,Ellis,Snow,"Sideswipe, Same Direction",no,no,no,no,yes,False
101092633,METROPOLITAN NASHVILLE POLICE DEPT,2016-007255,Davidson,Nashville,1/22/2016 8:00:00 AM,2,0,0,36.161160,-86.773670,SHELBY STREET BRIDGE,,,,0.00,,,US HWY 70,,,,0.00,Y,Four-Way, ,Intersection,None,,,         ,Daniel,Russett,Sleet/Hail,HeadOn,no,no,no,no,no,False
101092634,METROPOLITAN NASHVILLE POLICE DEPT,20160074889,Davidson,Nashville,1/23/2016 9:21:00 AM,2,0,0,36.142900,-86.697510,I40 E EXT RAMP,,,,0.00,,,I40 E ENT RAMP,,,,0.00,Y,OTHER, ,,None,,,         ,Terry,Denton,,,no,no,no,no,no,False
101092650,METROPOLITAN NASHVILLE POLICE DEPT,20160075121,Davidson,Nashville,1/23/2016 11:53:00 AM,2,0,0,36.226310,-86.603190,SAUNDERSVILLE RD,,,,0.00,,,SHUTE LN,,,,0.00,Y,T-Intersection, ,Intersection,None,,,         ,Evan,Hibschman,Snow,Front to Rear,no,no,no,no,no,False
101092667,METROPOLITAN NASHVILLE POLICE DEPT,20160070597,Davidson,Nashville,1/21/2016 12:00:00 AM,2,0,0,36.080190,-86.726510,NOLENSVILLE PKE,,,,221.00,Feet,North,HARDING PL,,,,0.00,N,Not at Intersection, ,Non-Junction,None,,,         ,Benjamin,Froehlich,Clear,HeadOn,no,no,no,no,no,False
101092669,METROPOLITAN NASHVILLE POLICE DEPT,2016-0065140,Davidson,Nashville,1/20/2016 10:07:00 AM,2,1,0,36.166280,-86.695690,LEBANON PKE,,,,466.00,Feet,East,CRAIGMEADE CIR,,,,0.00,N,Not at Intersection,N,Non-Junction,None,,,         ,Jeb,Johnston,Cloudy,Not Collision with Motor Vehicle in Transport,no,no,no,no,no,False
101092682,METROPOLITAN NASHVILLE POLICE DEPT,2016-0072604,Davidson,Nashville,1/23/2016 8:50:00 AM,2,0,0,36.161160,-86.773670,SHELBY STREET BRIDGE,,,,0.00,,,US HWY 70,,,,0.00,Y,Four-Way, ,Intersection,None,,,         ,Daniel,Russett,Sleet/Hail,Front to Rear,no,no,no,no,no,False
101092691,METROPOLITAN NASHVILLE POLICE DEPT,20160074999,Davidson,Nashville,1/23/2016 10:50:00 AM,2,0,0,36.089160,-86.891580,US HWY 70S,,,,150.00,Feet,South,BROOKMONT TER,,,,0.00,N,Not at Intersection,N,Non-Junction,None,,,         ,Brandon,Helms,Snow,Angle,no,no,no,no,no,False
101092693,METROPOLITAN NASHVILLE POLICE DEPT,20160074064,Davidson,Nashville,1/22/2016 9:30:00 PM,1,1,0,36.070610,-86.730340,WHISPERING HILLS DR,,,,100.00,Feet,South,ADAMWOOD DR,,,,0.00,N,Not at Intersection,N,Non-Junction,None,,,         ,Clyde,Stambaugh,Snow,Not Collision with Motor Vehicle in Transport,no,no,no,no,no,False
101092700,METROPOLITAN NASHVILLE POLICE DEPT,20160075148,Davidson,Nashville,1/23/2016 12:54:00 PM,1,0,0,36.110280,-86.924480,I40 W ENT RAMP,,,,0.00,,,,,,,0.00,,, ,Non-Junction,None,,,         ,Christopher,Taylor,Snow,Not Collision with Motor Vehicle in Transport,no,no,no,no,no,False
101092715,GOODLETTSVILLE POLICE DEPT,16-02969,Davidson,Goodlettsville,1/23/2016 1:05:00 PM,2,0,0,36.302739,-86.708726,VIETNAM VETERANS BLVD.,,SR386,,1000.00,Feet,West,,,I65,,95.00,N,Not at Intersection,Y,Non-Junction,None,,,         ,John,Spencer,Clear,Front to Rear,no,no,no,no,no,False
101092733,METROPOLITAN NASHVILLE POLICE DEPT,20160075309,Davidson,Nashville,1/23/2016 3:04:00 PM,1,0,0,36.110240,-86.682470,US HWY 41,,,,56.00,Feet,East,AIR FREIGHT BLVD,,,,0.00,N,Not at Intersection, ,,None,,,         ,Mikala,Moore,,,no,no,no,no,no,False
101092742,METROPOLITAN NASHVILLE POLICE DEPT,20160075335,Davidson,Nashville,1/23/2016 3:28:00 PM,2,1,0,36.113020,-86.688990,US HWY 41,,,,11.00,Feet,West,MCGAVOCK PIKE,,,,0.00,N,Not at Intersection,N,Non-Junction,None,,,         ,Mikala,Moore,Clear,Front to Rear,no,no,no,no,no,False
101092743,METROPOLITAN NASHVILLE POLICE DEPT,20160075366,Davidson,Nashville,1/23/2016 12:00:00 AM,2,0,0,36.079330,-86.620430,LERA JONES DR,,,,143.00,Feet,East,COLD SPRING DR,,,,0.00,N,Not at Intersection,N,Non-Junction,None,,,         ,Colby,Mathis,Unknown,Front to Rear,no,no,no,no,yes,False
101092744,METROPOLITAN NASHVILLE POLICE DEPT,20160075320,Davidson,Nashville,1/23/2016 3:50:00 PM,2,0,0,36.055970,-86.715660,NOLENSVILLE PKE,,,,0.00,,,APRIL LN,,,,0.00,Y,OTHER, ,Intersection,None,,,         ,Jacob,Masteller,Snow,"Sideswipe, Same Direction",no,no,no,no,no,False
101092745,METROPOLITAN NASHVILLE POLICE DEPT,20160074190,Davidson,Nashville,1/22/2016 10:47:00 PM,1,0,0,36.135880,-86.727480,I24 E EXT RAMP,,,,0.00,,,I 24,,,,0.00,Y,OTHER,Y,Entrance/Exit Ramp Related,None,,,         ,Alfredo,Arevalo,Sleet/Hail,Not Collision with Motor Vehicle in Transport,no,no,no,no,no,False
101092750,METROPOLITAN NASHVILLE POLICE DEPT,20160075381,Davidson,Nashville,1/23/2016 3:53:00 PM,1,0,0,36.238790,-86.754720,I 65,,,,0.00,,,,,,,90.15,N,Not at Intersection,N,Non-Junction,None,,,         ,Audrean,Manquero,Clear,Not Collision with Motor Vehicle in Transport,no,no,no,no,no,False
101092755,METROPOLITAN NASHVILLE POLICE DEPT,20160075306,Davidson,Nashville,1/23/2016 3:15:00 PM,1,1,0,36.115660,-86.780690,EXIT 5,,,,0.00,Feet,East,I 440,,,,0.00,N,Not at Intersection,Y,Entrance/Exit Ramp Related,None,,,         ,Clyde,Stambaugh,Clear,Not Collision with Motor Vehicle in Transport,no,no,no,no,no,False
101092756,METROPOLITAN NASHVILLE POLICE DEPT,20160075398,Davidson,Nashville,1/23/2016 3:47:00 PM,1,0,0,36.128420,-86.812180,W LINDEN AVE,,,,0.00,Feet,,NATCHEZ TRC,,,,0.00,Y,Four-Way, ,Non-Junction,None,,,         ,Clyde,Stambaugh,Clear,Not Collision with Motor Vehicle in Transport,no,no,no,no,no,False
101092764,METROPOLITAN NASHVILLE POLICE DEPT,20160075575,Davidson,Not in City Limit,1/23/2016 5:42:00 PM,2,0,0,36.078020,-86.949070,HIGHWAY 70S,,,,0.00,,,BELLEVUE CTR PVTDR,,,,0.00,Y,Four-Way, ,,None,,,         ,Adam,Reese,,,no,no,no,no,no,False
101092765,METROPOLITAN NASHVILLE POLICE DEPT,20160072323,Davidson,Not in City Limit,1/22/2016 6:27:00 AM,2,0,0,36.265800,-86.737630,I65 S ENT RAMP,,,,0.00,,,I 65,,,,0.00,Y,Y-Intersection,N,Entrance/Exit Ramp Related,None,,,         ,Craig,Amabile,Snow,"Sideswipe, Same Direction",no,no,no,no,no,False
101092767,METROPOLITAN NASHVILLE POLICE DEPT,20160075311,Davidson,Nashville,1/23/2016 2:53:00 PM,2,0,0,36.067520,-86.687670,I 24,,,,0.00,,,,,,,57.15,N,Not at Intersection, ,Non-Junction,None,,,         ,Charles,Ward,Snow,"Sideswipe, Same Direction",no,no,no,no,no,False
101092768,METROPOLITAN NASHVILLE POLICE DEPT,20160075225,Davidson,Nashville,1/23/2016 5:48:00 PM,2,0,0,36.240480,-86.751880,I 65,,,,0.00,,,,,,,90.35,N,Not at Intersection, ,Non-Junction,None,,,         ,Bradley,Campbell,Clear,"Sideswipe, Same Direction",no,no,no,no,no,False
101092772,METROPOLITAN NASHVILLE POLICE DEPT,20160075606,Davidson,Nashville,1/23/2016 6:11:00 PM,1,1,0,36.133770,-86.702200,GLASTONBURY RD,,,,73.00,Feet,East,MASSMAN DR,,,,0.00,N,Not at Intersection,N,Non-Junction,None,,,         ,Reuben,Hewit,Snow,Not Collision with Motor Vehicle in Transport,no,no,no,no,no,False
101092781,METROPOLITAN NASHVILLE POLICE DEPT,20160075632,Davidson,Nashville,1/23/2016 6:27:00 PM,1,0,0,36.067450,-86.692710,APACHE TRL,,,,125.00,Feet,East,HICKORY LAKE APTS PVTDR,,,,0.00,N,Not at Intersection, ,Non-Junction,None,,,         ,Brandon,Vance,Snow,Not Collision with Motor Vehicle in Transport,no,no,no,no,no,False
101092787,METROPOLITAN NASHVILLE POLICE DEPT,20160075667,Davidson,Nashville,1/23/2016 6:44:00 PM,2,0,0,36.126700,-86.711090,MURFREESBORO PKE,,,,0.00,,,THOMPSON PL,,,,0.00,Y,Four-Way, ,Intersection,None,,,         ,Patrick,Taylor,Clear,Angle,no,no,no,no,no,False
101092788,METROPOLITAN NASHVILLE POLICE DEPT,20160075628,Davidson,Nashville,1/23/2016 5:55:00 PM,2,0,0,36.202100,-86.694620,OPRY MILLS DR,,,,0.55,Miles,South,BRILEY PKWY,,,,0.00,N,Not at Intersection, ,Non-Junction,None,,,         ,Brent,Hedgcoth,Clear,Angle,no,no,no,no,no,False
101092799,METROPOLITAN NASHVILLE POLICE DEPT,20160075586,Davidson,Nashville,1/23/2016 6:01:00 PM,1,1,0,36.049730,-86.775210,I 65,,,,0.00,,,,,,,75.45,N,Not at Intersection,N,Non-Junction,None,,,         ,Clyde,Stambaugh,Clear,Not Collision with Motor Vehicle in Transport,no,no,no,no,no,False
101092800,METROPOLITAN NASHVILLE POLICE DEPT,20160075727,Davidson,Nashville,1/23/2016 7:19:00 PM,2,0,0,36.086910,-86.648680,UNA ANTIOCH PKE,,,,0.00,,,NASHBORO BLVD,,,,0.00,Y,Four-Way, ,,None,,,         ,Brian,Smith,,,no,no,no,no,no,False
101092804,METROPOLITAN NASHVILLE POLICE DEPT,20160075696,Davidson,Nashville,1/23/2016 7:03:00 PM,2,0,0,36.145970,-86.666650,ROYAL PKWY,,,,0.00,,,STATE HWY 255,,,,0.00,Y,Four-Way,Y,Intersection,None,,,         ,Mikala,Moore,Clear,Angle,no,no,no,no,no,False
101092806,METROPOLITAN NASHVILLE POLICE DEPT,20160075649,Davidson,Nashville,1/23/2016 6:42:00 PM,1,0,0,36.205680,-86.774730,-- UNKNOWN RAMP/ROAD --,,,,0.00,Feet,East,I 65,,,,0.00,N,Not at Intersection, ,Non-Junction,None,,,         ,Joshua,Lackey,Clear,Not Collision with Motor Vehicle in Transport,no,no,no,no,no,False
101092809,GOODLETTSVILLE POLICE DEPT,16-02993,Davidson,Goodlettsville,1/23/2016 6:55:00 PM,1,0,0,36.313830,-86.701080,I 65,,,,0.00,,,,,,,96.30,N,Not at Intersection,N,Non-Junction,None,,,         ,Stephen,Hodges,Snow,Not Collision with Motor Vehicle in Transport,no,no,no,no,no,False
101092814,METROPOLITAN NASHVILLE POLICE DEPT,20160075800,Davidson,Nashville,1/23/2016 8:00:00 PM,2,0,0,36.150080,-86.805510,23RD AVN,,,,0.00,,,ELLISTON PL,,,,0.00,Y,Four-Way, ,Intersection-Related,None,,,         ,Maria,Cortez,Cloudy,Angle,no,no,no,no,no,Campus
101092818,METROPOLITAN NASHVILLE POLICE DEPT,20160075822,Davidson,Nashville,1/23/2016 7:55:00 PM,1,0,0,36.138540,-86.797910,CAPERS AV,,,,0.00,,,VILLAGE AT VANDERBILT,,,,0.00,Y,Four-Way, ,Intersection-Related,None,,,         ,Nicholas,Smith,Snow,Not Collision with Motor Vehicle in Transport,no,no,no,no,no,Campus
101092825,METROPOLITAN NASHVILLE POLICE DEPT,20160075622,Davidson,Antioch,1/23/2016 4:16:00 PM,2,0,0,36.048780,-86.613020,US HWY 41,,,,84.00,Feet,South,MOUNT VIEW RD,,,,0.00,N,Not at Intersection,N,Non-Junction,None,,,         ,Tamara,Zurawski,Clear,"Sideswipe, Same Direction",no,no,no,no,yes,False
101092826,METROPOLITAN NASHVILLE POLICE DEPT,20160075646,Davidson,Antioch,1/23/2016 6:34:00 PM,2,0,0,36.044370,-86.608080,US HWY 41,,,,340.00,Feet,North,RAMP,,,,0.00,N,Not at Intersection, ,Non-Junction,None,,,         ,Tamara,Zurawski,Clear,Angle,no,no,no,no,no,False
101092827,METROPOLITAN NASHVILLE POLICE DEPT,20160075525,Davidson,Nashville,1/23/2016 5:28:00 PM,1,1,0,36.168370,-86.688320,STATE HWY 155,,,,86.00,Feet,East,US HWY 70,,,,0.00,N,Not at Intersection,N,Entrance/Exit Ramp Related,None,,,         ,Charles,Ward,Snow,Not Collision with Motor Vehicle in Transport,no,no,no,no,no,False
101092829,METROPOLITAN NASHVILLE POLICE DEPT,20160075832,Davidson,Nashville,1/23/2016 8:18:00 PM,1,0,0,36.174060,-86.591330,CENTRAL VALLEY DR,,,,0.00,,,VALLEY GROVE DR,,,,0.00,Y,T-Intersection,N,Intersection-Related,None,,,         ,Tyler,Conrads,Clear,Not Collision with Motor Vehicle in Transport,no,no,no,no,yes,False
101092832,METROPOLITAN NASHVILLE POLICE DEPT,20160075792,Davidson,Nashville,1/23/2016 8:07:00 PM,2,1,0,36.083760,-86.698890,I24 E ENT RAMP,,,,0.00,Feet,East,I 24,,,,0.00,N,Not at Intersection,N,Non-Junction,None,,,         ,Matthew,Johnson,Snow,Angle,no,no,no,no,no,False
101092838,METROPOLITAN NASHVILLE POLICE DEPT,20160075947,Davidson,Nashville,1/23/2016 9:07:00 PM,2,1,0,36.150070,-86.805470,23RD AVE N,,,,0.00,,,ELLISTON PL,,,,0.00,Y,Four-Way,N,Intersection,None,,,         ,Clyde,Stambaugh,Clear,Front to Rear,no,no,no,no,no,Campus
101092842,METROPOLITAN NASHVILLE POLICE DEPT,2016-0075912,Davidson,Nashville,1/23/2016 8:56:00 PM,1,0,0,36.175980,-86.755210,MCFERRIN AV,,,,185.00,Feet,West,WOODLAND ST,,,,0.00,N,Not at Intersection, ,Non-Junction,None,,,         ,Michael,Moss,Clear,Not Collision with Motor Vehicle in Transport,no,no,no,yes,no,False
101092843,METROPOLITAN NASHVILLE POLICE DEPT,20160075774,Davidson,Nashville,1/23/2016 6:16:00 PM,2,0,0,36.037930,-86.713100,US HWY 31 ALT,,,,861.00,Feet,North,BRENTWOOD HIGHLANDS DR,,,,0.00,N,Not at Intersection, ,Non-Junction,None,,,         ,Charles,Ward,Snow,Front to Rear,no,no,no,no,no,False
101092847,METROPOLITAN NASHVILLE POLICE DEPT,2016-0075413,Davidson,Not in City Limit,1/23/2016 4:17:00 PM,1,0,0,36.014640,-86.705170,NOLENSVILLE PKE,,,,300.00,Feet,South,SUGAR VALLEY DR,,,,0.00,N,Not at Intersection,N,Non-Junction,None,,,         ,William,King,Cloudy,Not Collision with Motor Vehicle in Transport,no,no,no,no,no,False
101092850,METROPOLITAN NASHVILLE POLICE DEPT,20160072287,Davidson,Not in City Limit,1/22/2016 6:00:00 AM,1,0,0,36.256760,-86.812400,KNIGHT DR,,,,0.99,Miles,East,US HWY 431,,,,0.00,N,Not at Intersection,N,Non-Junction,None,,,         ,Armonty,Houston,Sleet/Hail,Not Collision with Motor Vehicle in Transport,no,no,no,no,no,False
101092858,METROPOLITAN NASHVILLE POLICE DEPT,20160075956,Davidson,Nashville,1/23/2016 9:15:00 PM,1,1,0,36.055010,-86.636600,HAMILTON CHURCH RD,,,,17.00,Feet,North,ZELIDA AVE,,,,0.00,N,Not at Intersection,N,Non-Junction,None,,,         ,Alyson,Cook,Snow,Not Collision with Motor Vehicle in Transport,no,no,no,no,no,False
101092866,GOODLETTSVILLE POLICE DEPT,16-03007,Davidson,Goodlettsville,1/23/2016 10:09:00 PM,1,0,0,36.316160,-86.701260,I 65,,,,0.00,,,,,,,96.45,N,Not at Intersection,N,Non-Junction,None,,,         ,Stephen,Hodges,Snow,Not Collision with Motor Vehicle in Transport,no,no,no,no,no,False
101092873,METROPOLITAN NASHVILLE POLICE DEPT,20160076126,Davidson,Nashville,1/23/2016 12:00:00 AM,2,0,0,36.237900,-86.786810,STATE HWY 155,,,,2.00,Feet,West,-- UNKNOWN RAMP/ROAD --,,,,0.00,N,Not at Intersection,Y,Entrance/Exit Ramp Related,None,,,         ,Chad,Brown,Clear,Angle,no,no,no,no,yes,False
101092874,METROPOLITAN NASHVILLE POLICE DEPT,20160076089,Davidson,Nashville,1/23/2016 12:00:00 AM,3,1,0,36.061910,-86.631630,HAMILTON CHURCH RD,,,,367.00,Feet,South,HAMILTON CROSSINGS,,,,0.00,N,Not at Intersection,N,Non-Junction,None,,,         ,Carey,Steel,Snow,Front to Rear,no,no,no,no,yes,False
101092884,METROPOLITAN NASHVILLE POLICE DEPT,20160076168,Davidson,Not in City Limit,1/23/2016 10:50:00 PM,1,0,0,36.320080,-86.850040,I 24,,,,0.00,,,,,,,36.00,N,Not at Intersection, ,,None,,,         ,Kevin,Frei,,,no,no,no,no,no,False
101092885,METROPOLITAN NASHVILLE POLICE DEPT,20160076274,Davidson,Nashville,1/24/2016 12:15:00 AM,2,0,0,36.031030,-86.712580,US HWY 31 ALT,,,,0.00,,,KINHAWK DR,,,,0.00,Y,T-Intersection, ,Intersection-Related,None,,,         ,William,Coy,Clear,Front to Rear,no,no,no,no,no,False
101092895,METROPOLITAN NASHVILLE POLICE DEPT,20160076342,Davidson,Nashville,1/24/2016 12:39:00 AM,2,0,0,36.169830,-86.819330,W HEIMAN ST,,,,583.00,Feet,East,ED TEMPLE BLVD,,,,0.00,N,Not at Intersection,N,Non-Junction,None,,,         ,Benjamin,Cole,Fog,"Sideswipe, Opposite Direction",no,no,no,no,no,False
101092905,METROPOLITAN NASHVILLE POLICE DEPT,20160076424,Davidson,Nashville,1/24/2016 2:08:00 AM,2,0,0,36.227870,-86.773280,I24 W ENT RAMP,,,,0.00,,,,,,,0.00,,,N,Non-Junction,None,,,         ,Patrick,McGinnis,Clear,"Sideswipe, Opposite Direction",no,no,no,no,no,False
101092908,METROPOLITAN NASHVILLE POLICE DEPT,20160076477,Davidson,Nashville,1/24/2016 12:55:00 AM,2,0,0,36.141370,-86.739940,US HWY 41,,,,200.00,Feet,East,FOSTER AVE,,,,0.00,N,Not at Intersection, ,Non-Junction,None,,,         ,Justin,Franklin,Clear,"Sideswipe, Same Direction",no,no,no,no,no,False
101092912,METROPOLITAN NASHVILLE POLICE DEPT,20160076524,Davidson,Nashville,1/24/2016 3:17:00 AM,1,0,0,36.140160,-86.723080,I 40,,,,0.00,,,,,,,213.50,N,Not at Intersection,Y,Non-Junction,None,,,         ,Brian,Birch,Snow,Not Collision with Motor Vehicle in Transport,no,no,no,no,no,False
101092915,METROPOLITAN NASHVILLE POLICE DEPT,20160076460,Davidson,Nashville,1/24/2016 1:41:00 AM,2,0,0,36.133380,-86.789990,CALDWELL AV,,,,368.00,Feet,West,12TH AVS,,,,0.00,N,Not at Intersection, ,Non-Junction,None,,,         ,Tyler,Bryson,Snow,Rear to Side,no,no,no,no,no,False
101092916,METROPOLITAN NASHVILLE POLICE DEPT,20160076512,Davidson,Antioch,1/24/2016 2:16:00 AM,2,0,0,36.015280,-86.618470,-- UNKNOWN RAMP/ROAD --,,,,0.00,,,,,,,0.00,,, ,OtherLocation,None,,,         ,Megan,Arnett,Clear,"Sideswipe, Opposite Direction",no,no,no,yes,yes,False
101092920,METROPOLITAN NASHVILLE POLICE DEPT,2016-0064755,Davidson,Nashville,1/19/2016 7:30:00 AM,2,0,0,36.234330,-86.802470,BRILEY PKWYW,,,,307.00,Feet,East,BRILEY PKWYE,,,,0.00,N,Not at Intersection, ,Non-Junction,None,,,         ,Anthony,Cavis,Snow,Front to Rear,no,no,no,no,no,False
101092925,METROPOLITAN NASHVILLE POLICE DEPT,20160076677,Davidson,Nashville,1/24/2016 5:24:00 AM,1,0,0,36.164780,-86.812030,24TH AVN,,,,0.00,,,EDEN ST,,,,0.00,Y,Four-Way,N,Intersection-Related,None,,,         ,Benjamin,Cole,Fog,Not Collision with Motor Vehicle in Transport,no,no,no,no,no,False
101092928,METROPOLITAN NASHVILLE POLICE DEPT,20160075246,Davidson,Nashville,1/24/2016 12:00:00 AM,2,0,0,36.186340,-86.709480,ROSE PARK DR,,,,62.00,Feet,East,ROSEBANK AVE,,,,0.00,N,Not at Intersection, ,Non-Junction,None,,,         ,Richard,Conger,Snow,Unknown,no,no,no,no,yes,False
101092934,METROPOLITAN NASHVILLE POLICE DEPT,20160075168,Davidson,Nashville,1/23/2016 12:45:00 PM,1,0,0,36.103360,-86.898070,BRESSLYN RD,,,,14.00,Feet,North,JOCELYN HOLLOW RD,,,,0.00,N,Not at Intersection,N,Non-Junction,None,,,         ,Brian,Myatt,Snow,Not Collision with Motor Vehicle in Transport,no,no,no,no,no,False
101092935,METROPOLITAN NASHVILLE POLICE DEPT,20160075115,Davidson,Nashville,1/23/2016 11:49:00 AM,2,0,0,36.114840,-86.724740,I 24,,,,0.00,,,,,,,53.30,N,Not at Intersection, ,Non-Junction,None,,,         ,Paul,Ellis,Snow,"Sideswipe, Same Direction",no,no,no,no,no,False