master_record_number,agency,agency_tracking_number,county,city,collision_date,vehicles_involved,number_injured,number_dead,latitude,longitude,roadway_name,roadway_suffix,roadway_number,roadway_local_id,distance_from_reference,miles-feet_indicator,direction_from_reference,intersection_road_name,intersection_road_name_suffix,intersection_road_number,intersection_local_id,mile_marker,intersection_indicator,intersect_type,interchange_related_indicator,relation_to_junction,work_zone_type,construction_maintenance_zone,construction_maintenance_zone_location,fatal_case_number,officer_first_name,officer_last_name,weather_condition(s),manner_of_crash,pedestrian,bicycle,scooter,parking,hitrun,mou
101092949,METROPOLITAN NASHVILLE POLICE DEPT,2016-0072423,Davidson,Nashville,1/22/2016 6:38:00 AM,2,0,0,36.180000,-86.762590,ELLINGTON PKWYN,,,,1109.00,Feet,North,ELLINGTON PKWY N ENT RAMP,,,,0.00,N,Not at Intersection,N,Non-Junction,None,,,         ,Coleman,Womack,Snow,HeadOn,no,no,no,no,no,False
101092950,METROPOLITAN NASHVILLE POLICE DEPT,20160076757,Davidson,Nashville,1/24/2016 6:46:00 AM,1,0,0,36.159870,-86.622780,I 40,,,,0.00,,,,,,,219.40,N,Not at Intersection,N,Non-Junction,None,,,         ,MIchael,Mihajlov,Clear,Not Collision with Motor Vehicle in Transport,no,no,no,no,no,False
101092955,METROPOLITAN NASHVILLE POLICE DEPT,20160076749,Davidson,Nashville,1/24/2016 6:40:00 AM,2,0,0,36.150150,-86.857950,WHITE BRIDGE PKE,,,,0.00,,,CHARLOTTE PKE,,,,0.00,Y,Four-Way, ,Intersection,None,,,         ,Gregory,McDaniel,Clear,Angle,no,no,no,no,no,False
101092956,METROPOLITAN NASHVILLE POLICE DEPT,2016-0072343,Davidson,Nashville,1/22/2016 6:35:00 AM,2,0,0,36.180560,-86.762430,ELLINGTON PKWYN,,,,1315.00,Feet,North,ELLINGTON PKWY N ENT RAMP,,,,0.00,N,Not at Intersection,N,Non-Junction,None,,,         ,Coleman,Womack,Snow,"Sideswipe, Same Direction",no,no,no,no,no,False
101092957,METROPOLITAN NASHVILLE POLICE DEPT,2016-0075154,Davidson,Nashville,1/23/2016 12:52:00 PM,1,1,0,36.254310,-86.738960,I 65,,,,0.00,,,,,,,91.55,N,Not at Intersection,N,Non-Junction,None,,,         ,Arthur,Hipp,Clear,Not Collision with Motor Vehicle in Transport,no,no,no,no,no,False
101092960,METROPOLITAN NASHVILLE POLICE DEPT,20160076760,Davidson,Nashville,1/24/2016 12:00:00 AM,2,0,0,36.138730,-86.726580,I24 W ENT RAMP,,,,0.00,,,I 24,,,,0.00,Y,OTHER,Y,Entrance/Exit Ramp Related,None,,,         ,Michael,Dance,Snow,"Sideswipe, Same Direction",no,no,no,no,no,False
101092962,METROPOLITAN NASHVILLE POLICE DEPT,2016-0069778,Davidson,Nashville,1/21/2016 1:38:00 PM,2,0,0,36.193130,-86.624290,JACKSONIAN DR,,,,162.00,Feet,West,LEBANON PKE,,,,0.00,N,Not at Intersection,N,Non-Junction,None,,,         ,Jeb,Johnston,Cloudy,Angle,no,no,no,no,no,False
101092965,METROPOLITAN NASHVILLE POLICE DEPT,2016-0072355,Davidson,Nashville,1/22/2016 6:28:00 AM,2,0,0,36.179300,-86.695540,BRILEY PKWYN,,,,837.00,Feet,West,BRILEY PKWYS,,,,0.00,N,Not at Intersection, ,Non-Junction,None,,,         ,Jeb,Johnston,Snow,"Sideswipe, Same Direction",no,no,no,no,no,False
101092969,Nashville Airport Police,2016-00185,Davidson,Nashville,1/22/2016 11:21:00 AM,2,0,0,36.116700,-86.668180,DONELSON PKE,,,,0.00,,,HANGAR LN,,,,0.00,Y,T-Intersection, ,Non-Junction,None,,,         ,George,Youssef,Snow,Angle,no,no,no,no,no,False
101092971,METROPOLITAN NASHVILLE POLICE DEPT,20160076844,Davidson,Nashville,1/24/2016 7:50:00 AM,2,0,0,36.213470,-86.691920,-- UNKNOWN RAMP/ROAD --,,,,0.00,,,STATE HWY 155,,,,0.00,Y,Y-Intersection, ,Entrance/Exit Ramp Related,None,,,         ,Richard,Hyatt,Snow,Front to Rear,no,no,no,no,no,False
101092977,GOODLETTSVILLE POLICE DEPT,16-03033,Davidson,Goodlettsville,1/24/2016 7:15:00 AM,1,0,0,36.302790,-86.709080,I 65,,,,0.00,,,,,,,95.40,N,Not at Intersection,Y,Non-Junction,None,,,         ,John,Spencer,Fog,Not Collision with Motor Vehicle in Transport,no,no,no,no,no,False
101092979,METROPOLITAN NASHVILLE POLICE DEPT,20160076830,Davidson,Nashville,1/24/2016 7:49:00 AM,2,0,0,36.141240,-86.640670,TIMBER VALLEY DR,,,,0.00,,,E LAKE DR,,,,0.00,Y,T-Intersection, ,Intersection,None,,,         ,Jordan,Vrbas,Snow,Front to Rear,no,no,no,no,no,False
101092983,GOODLETTSVILLE POLICE DEPT,16-03037,Davidson,Goodlettsville,1/24/2016 8:57:00 AM,1,0,0,36.310800,-86.702470,I 65,,,,0.00,,,,,,,96.10,N,Not at Intersection, ,Non-Junction,None,,,         ,Brian,Hajdu,Fog,Not Collision with Motor Vehicle in Transport,no,no,no,no,no,False
101092986,METROPOLITAN NASHVILLE POLICE DEPT,20160076928,Davidson,Nashville,1/24/2016 9:06:00 AM,1,0,0,36.115310,-86.773880,I65 S ENT RAMP,,,,0.00,,,I 65,,,,0.00,Y,OTHER,N,Entrance/Exit Ramp Related,None,,,         ,George,Ward,Clear,Not Collision with Motor Vehicle in Transport,no,no,no,no,no,False
101092990,GOODLETTSVILLE POLICE DEPT,16-03036,Davidson,Goodlettsville,1/24/2016 8:50:00 AM,1,0,0,36.310410,-86.702780,I 65,,,,0.00,,,,,,,96.00,N,Not at Intersection, ,Non-Junction,None,,,         ,John,Spencer,Fog,Not Collision with Motor Vehicle in Transport,no,no,no,no,no,False
101092996,GOODLETTSVILLE POLICE DEPT,16-03039,Davidson,Goodlettsville,1/24/2016 9:02:00 AM,2,0,0,36.308970,-86.703910,I 65,,,,0.00,,,,,,,95.90,N,Not at Intersection, ,Non-Junction,None,,,         ,Timothy,Williams,Fog,Front to Rear,no,no,no,no,no,False
101092999,METROPOLITAN NASHVILLE POLICE DEPT,2016-0077013,Davidson,Nashville,1/24/2016 10:05:00 AM,2,0,0,36.145140,-86.878890,PREMIER DR,,,,0.00,,,WILCLAY DR,,,,0.00,Y,T-Intersection,N,"Driveway, Alley Access, etc",None,,,         ,Douglas,Atwood,Clear,Front to Rear,no,no,no,no,no,False
101093003,METROPOLITAN NASHVILLE POLICE DEPT,20160076871,Davidson,Nashville,1/24/2016 12:00:00 AM,1,0,0,36.231060,-86.612130,SHUTE LN,,,,301.00,Feet,West,WILLOW BOUGH LN,,,,0.00,N,Not at Intersection,N,Non-Junction,None,,,         ,Evan,Hibschman,Snow,Not Collision with Motor Vehicle in Transport,no,no,no,no,yes,False
101093009,METROPOLITAN NASHVILLE POLICE DEPT,20160077056,Davidson,Nashville,1/24/2016 10:40:00 AM,2,0,0,36.236160,-86.816890,US HWY 431,,,,0.00,,,GREENS LN,,,,0.00,Y,T-Intersection,N,Intersection,None,,,         ,Michael,Parman,Clear,Angle,no,no,no,no,yes,False
101093011,METROPOLITAN NASHVILLE POLICE DEPT,2016-0077024,Davidson,Nashville,1/24/2016 6:30:00 AM,1,0,0,36.176820,-86.765160,US HWY 31E,,,,343.00,Feet,West,-- UNKNOWN RAMP/ROAD --,,,,0.00,N,Not at Intersection,N,Non-Junction,None,,,         ,Coleman,Womack,Clear,Not Collision with Motor Vehicle in Transport,no,no,no,no,no,False
101093020,VANDERBILT UNIVERSITY POLICE,16-077017,Davidson,Nashville,1/24/2016 9:45:00 AM,2,0,0,36.147920,-86.806470,24TH AVS,,,,0.00,,,WEST END AV,,,,0.00,Y,Four-Way, ,Intersection,None,,,         ,Samuel,McClain,Snow,Front to Rear,no,no,no,no,no,Campus
101093021,METROPOLITAN NASHVILLE POLICE DEPT,20160077070,Davidson,Nashville,1/24/2016 12:00:00 AM,1,0,0,36.127400,-86.714340,MURFREESBORO PKE,,,,480.00,Feet,West,PHILFRE CT,,,,0.00,N,Not at Intersection,N,Non-Junction,None,,,         ,Paul,Ellis,Snow,Not Collision with Motor Vehicle in Transport,no,no,no,yes,yes,False
101093023,METROPOLITAN NASHVILLE POLICE DEPT,20160077071,Davidson,Nashville,1/24/2016 8:55:00 AM,2,0,0,36.215130,-86.597660,US HWY 70,,,,0.00,,,ANDREW JACKSON PKWY,,,,0.00,Y,Four-Way, ,Intersection,None,,,         ,Evan,Hibschman,Snow,Front to Rear,no,no,no,no,no,False
101093033,METROPOLITAN NASHVILLE POLICE DEPT,20160077011,Davidson,Nashville,1/24/2016 10:05:00 AM,1,1,0,36.062240,-86.631190,HAMILTON CHURCH RD,,,,203.00,Feet,South,HAMILTON XIN,,,,0.00,N,Not at Intersection,N,Non-Junction,None,,,         ,Jason,Dudley,Clear,Not Collision with Motor Vehicle in Transport,no,no,no,no,no,False
101093055,METROPOLITAN NASHVILLE POLICE DEPT,20160077160,Davidson,Nashville,1/24/2016 12:03:00 PM,1,0,0,36.107460,-86.719790,EXIT 54,,,,0.00,,,I 24,,,,0.00,Y,Y-Intersection,Y,Entrance/Exit Ramp Related,None,,,         ,Robert,Erickson,Clear,Not Collision with Motor Vehicle in Transport,no,no,no,no,no,False
101093056,METROPOLITAN NASHVILLE POLICE DEPT,2016-0077156,Davidson,Nashville,1/24/2016 11:00:00 AM,2,0,0,36.150760,-86.797610,LYLE AVE,,,,191.00,Feet,North,US HWY 431,,,,0.00,N,Not at Intersection,N,Non-Junction,None,,,         ,Jonathan,Seidl,Clear,Rear to Rear,no,no,no,yes,yes,False
101093057,METROPOLITAN NASHVILLE POLICE DEPT,20160077186,Davidson,Nashville,1/24/2016 12:21:00 PM,2,0,0,36.218650,-86.774950,I 65,,,,0.00,,,,,,,88.20,N,Not at Intersection,N,Entrance/Exit Ramp Related,Construction Zone,Work On Shoulder Or Median,Activity Area,         ,Michael,Parman,Clear,"Sideswipe, Same Direction",no,no,no,no,yes,False
101093059,METROPOLITAN NASHVILLE POLICE DEPT,2016-0077153,Davidson,Nashville,1/24/2016 11:57:00 AM,2,0,0,36.089100,-86.649990,US HWY 41,,,,0.00,,,RANSOM PL,,,,0.00,Y,Four-Way, ,,None,,,         ,Stanley,Collins,,,no,no,no,no,no,False
101093061,METROPOLITAN NASHVILLE POLICE DEPT,20160077164,Davidson,Nashville,1/24/2016 12:00:00 PM,2,0,0,36.106250,-86.718870,I 24,,,,0.00,,,,,,,54.00,N,Not at Intersection, ,Non-Junction,None,,,         ,Jason,Dudley,Clear,Angle,no,no,no,no,no,False
101093064,METROPOLITAN NASHVILLE POLICE DEPT,20160077193,Davidson,Nashville,1/24/2016 12:30:00 PM,2,0,0,36.160940,-86.778740,OPRY PL,,,,192.00,Feet,North,BROADWAY,,,,0.00,N,Not at Intersection, ,"Driveway, Alley Access, etc",None,,,         ,Shawn,Taylor,Clear,Angle,no,no,no,no,no,False
101093066,METROPOLITAN NASHVILLE POLICE DEPT,20160077203,Davidson,Nashville,1/24/2016 12:00:00 PM,2,0,0,36.107230,-86.719620,I 24,,,,0.00,,,,,,,53.90,N,Not at Intersection,N,Non-Junction,None,,,         ,Steven,Williams,Snow,Not Collision with Motor Vehicle in Transport,no,no,no,no,yes,False
101093067,METROPOLITAN NASHVILLE POLICE DEPT,20160077185,Davidson,Nashville,1/24/2016 12:04:00 PM,1,0,0,36.132660,-86.727120,I 24,,,,0.00,,,,,,,52.00,N,Not at Intersection, ,Non-Junction,None,,,         ,Steven,Williams,Snow,Not Collision with Motor Vehicle in Transport,no,no,no,no,no,False
101093075,BELLE MEADE POLICE DEPT,16-0021,Davidson,Belle Meade,1/22/2016 12:00:00 AM,2,0,0,36.097090,-86.847130,LYNNWOOD BLVD,,,,0.00,,,IROQUOIS AV,,,,0.00,Y,Four-Way, ,Intersection,None,,,         ,Jon,Carter,Snow,Not Collision with Motor Vehicle in Transport,no,no,no,no,no,False
101093078,METROPOLITAN NASHVILLE POLICE DEPT,20160075891,Davidson,Nashville,1/23/2016 8:48:00 PM,1,0,0,36.230130,-86.771410,EWING DR,,,,176.00,Feet,West,HILLHURST DR,,,,0.00,N,Not at Intersection, ,Non-Junction,None,,,         ,Bradley,Campbell,Clear,Not Collision with Motor Vehicle in Transport,no,no,no,no,no,False
101093085,METROPOLITAN NASHVILLE POLICE DEPT,20160077267,Davidson,Nashville,1/24/2016 1:35:00 PM,2,0,0,36.151070,-86.784340,DIVISION ST,,,,0.00,,,12TH AVS,,,,0.00,Y,Four-Way,N,Intersection,None,,,         ,Shawn,Taylor,Clear,Angle,no,no,no,no,no,False
101093086,METROPOLITAN NASHVILLE POLICE DEPT,20160077263,Davidson,Nashville,1/24/2016 12:00:00 AM,2,0,0,36.041400,-86.782240,I 65,,,,0.00,,,,,,,74.75,N,Not at Intersection,N,Non-Junction,None,,,         ,Johnny,Crumby Jr.,Snow,Unknown,no,no,no,no,yes,False
101093111,METROPOLITAN NASHVILLE POLICE DEPT,20160075997,Davidson,Nashville,1/23/2016 9:58:00 PM,1,0,0,36.238560,-86.779500,BRILEY PKWYW,,,,235.00,Feet,East,BRILEY PKWY W ENT RAMP,,,,0.00,N,Not at Intersection, ,,None,,,         ,Khalid,Abbady,,,no,no,no,no,no,False
101093117,GOODLETTSVILLE POLICE DEPT,16-03052,Davidson,Goodlettsville,1/24/2016 12:30:00 PM,2,3,0,36.310260,-86.702550,I 65,,,,0.00,,,,,,,96.00,N,Not at Intersection,Y,Entrance/Exit Ramp Related,None,,,         ,John,Spencer,Clear,Unknown,no,no,no,no,no,False
101093118,METROPOLITAN NASHVILLE POLICE DEPT,20160077350,Davidson,Nashville,1/24/2016 2:24:00 PM,2,0,0,36.110490,-86.783650,WOODMONT BLVD,,,,0.00,,,GENERAL BATE DR,,,,0.00,Y,T-Intersection, ,Intersection-Related,None,,,         ,Nicholas,Smith,Clear,Front to Rear,no,no,no,no,no,False
101093122,METROPOLITAN NASHVILLE POLICE DEPT,2016-0077398,Davidson,Nashville,1/24/2016 3:18:00 PM,2,0,0,36.149630,-86.860110,CHARLOTTE PKE,,,,55.00,Feet,West,OCEOLA AV,,,,0.00,N,Not at Intersection, ,Non-Junction,None,,,         ,Christopher,Clark,Clear,"Sideswipe, Same Direction",no,no,no,no,no,False
101093136,METROPOLITAN NASHVILLE POLICE DEPT,20160077385,Davidson,Nashville,1/24/2016 3:11:00 PM,2,0,0,36.146970,-86.799440,21ST AVS,,,,169.00,Feet,South,GRAND AV,,,,0.00,N,Not at Intersection, ,Non-Junction,None,,,         ,Eric,Burford,Clear,Angle,no,no,no,no,no,Campus
101093143,METROPOLITAN NASHVILLE POLICE DEPT,20160077003,Davidson,Nashville,1/24/2016 10:15:00 AM,2,0,0,36.217080,-86.696380,OPRYLAND DR,,,,0.00,,,MUSIC VALLEY DR,,,,0.00,Y,Four-Way, ,Intersection,None,,,         ,Jason,Smith,Clear,Front to Rear,no,no,no,no,no,False
101093146,METROPOLITAN NASHVILLE POLICE DEPT,20160077472,Davidson,Nashville,1/24/2016 3:58:00 PM,2,0,0,36.210290,-86.881330,ASHLAND CITY HWY,,,,855.00,Feet,West,WWCR AV,,,,0.00,N,Not at Intersection,N,Non-Junction,None,,,         ,Victor,Alexander,Clear,Angle,no,no,no,no,no,False
101093148,METROPOLITAN NASHVILLE POLICE DEPT,20160077365,Davidson,Nashville,1/24/2016 1:35:00 PM,2,0,0,36.045420,-86.713170,US HWY 31 ALT,,,,0.00,,,STATE HWY 254,,,,0.00,Y,Four-Way, ,Intersection,None,,,         ,Jarred,Ruhlman,Clear,"Sideswipe, Same Direction",no,no,no,no,yes,False
101093151,METROPOLITAN NASHVILLE POLICE DEPT,20160077341,Davidson,Nashville,1/24/2016 2:50:00 PM,1,0,0,36.111630,-86.759910,THOMPSON LN,,,,568.00,Feet,West,KRAFT DR,,,,0.00,N,Not at Intersection,N,Non-Junction,None,,,         ,William,Taylor,Clear,Not Collision with Motor Vehicle in Transport,no,no,no,no,no,False
101093158,METROPOLITAN NASHVILLE POLICE DEPT,20160075769,Davidson,Madison,1/23/2016 7:54:00 PM,2,0,0,36.252290,-86.671120,SHAWNEE TRCE,,,,0.00,,,CHEYENNE BLVD,,,,0.00,Y,T-Intersection,N,Intersection,None,,,         ,Jordan,Lowry,Snow,Front to Rear,no,no,no,no,no,False
101093173,METROPOLITAN NASHVILLE POLICE DEPT,20160077645,Davidson,Nashville,1/24/2016 5:30:00 PM,1,0,0,36.111030,-86.771430,I 65,,,,0.00,,,,,,,79.85,N,Not at Intersection, ,,None,,,         ,William,Taylor,,,no,no,no,no,no,False
101093178,METROPOLITAN NASHVILLE POLICE DEPT,2016-0077661,Davidson,Nashville,1/24/2016 5:26:00 PM,2,0,0,36.113290,-86.772400,I 65,,,,0.00,,,,,,,80.00,N,Not at Intersection, ,Non-Junction,None,,,         ,Austin,Kendrick,Clear,Front to Rear,no,no,no,no,no,False
101093179,METROPOLITAN NASHVILLE POLICE DEPT,20160076012,Davidson,Nashville,1/23/2016 12:00:00 AM,1,0,0,0.000000,0.000000,I 40W,,,,1.00,Miles,West,BRILEY,PKWY,SR,,215.00,N,Not at Intersection, ,Non-Junction,None,,,         ,Craig,Gentry,Snow,Not Collision with Motor Vehicle in Transport,no,no,no,no,no,False
101093181,METROPOLITAN NASHVILLE POLICE DEPT,20160077474,Davidson,Not in City Limit,1/24/2016 4:02:00 PM,2,0,0,36.109220,-87.011460,OLD CHARLOTTE PKE,,,,714.00,Feet,West,LONGVIEW DR,,,,0.00,N,Not at Intersection, ,,None,,,         ,Jeremy,Huffine,,,no,no,no,no,no,False
101093186,METROPOLITAN NASHVILLE POLICE DEPT,20160077632,Davidson,Nashville,1/24/2016 5:30:00 PM,2,1,0,36.208350,-86.767300,US HWY 31W,,,,30.00,Feet,South,QUEEN AVE,,,,0.00,N,Not at Intersection,N,Non-Junction,None,,,         ,Joshua,Lackey,Clear,Front to Rear,no,no,no,no,yes,False
101093188,METROPOLITAN NASHVILLE POLICE DEPT,20160077570,Davidson,Nashville,1/24/2016 4:56:00 PM,1,0,0,36.039850,-86.660090,CANE RIDGE RD,,,,0.00,,,CHIMNEYTOP DR,,,,0.00,Y,T-Intersection,N,Non-Junction,None,,,         ,Nakia,Reid,Cloudy,Not Collision with Motor Vehicle in Transport,no,no,no,no,no,False
101093208,METROPOLITAN NASHVILLE POLICE DEPT,20160077697,Davidson,Nashville,1/24/2016 6:10:00 PM,1,0,0,36.036560,-86.646370,-- UNKNOWN RAMP/ROAD --,,,,0.00,,,I 24,,,,0.00,Y,OTHER,N,Non-Junction,None,,,         ,Jarred,Ruhlman,Clear,Not Collision with Motor Vehicle in Transport,no,no,no,no,no,False
101093210,METROPOLITAN NASHVILLE POLICE DEPT,20160077706,Davidson,Nashville,1/24/2016 6:25:00 PM,2,0,0,36.081100,-86.758360,HARDING PL,,,,0.00,,,TROUSDALE DR,,,,0.00,Y,Four-Way,Y,Intersection,None,,,         ,Jacob,Masteller,Clear,Angle,no,no,no,no,no,False
101093213,METROPOLITAN NASHVILLE POLICE DEPT,20160077831,Davidson,Nashville,1/24/2016 12:00:00 AM,1,1,0,36.169520,-86.671490,LEBANON PKE,,,,33.00,Feet,East,BLUEFIELD AV,,,,0.00,N,Not at Intersection,N,Non-Junction,None,,,         ,Craig,Gentry,Snow,Not Collision with Motor Vehicle in Transport,no,no,no,no,no,False
101093219,METROPOLITAN NASHVILLE POLICE DEPT,20160077871,Davidson,Nashville,1/24/2016 8:00:00 PM,2,0,0,36.142590,-86.815500,31ST AVS,,,,0.00,,,WEST END AV,,,,0.00,Y,Four-Way,N,Intersection,None,,,         ,Eric,Burford,Clear,Angle,no,no,no,no,yes,Campus
101093222,METROPOLITAN NASHVILLE POLICE DEPT,20160077789,Davidson,Nashville,1/24/2016 7:16:00 PM,2,0,0,36.071940,-86.636180,US HWY 41,,,,0.00,,,BELL RD,,,,0.00,Y,Four-Way, ,Intersection,None,,,         ,Patrick,Taylor,Clear,"Sideswipe, Same Direction",no,no,no,no,no,False
101093235,METROPOLITAN NASHVILLE POLICE DEPT,20160075850,Davidson,Nashville,1/23/2016 8:00:00 PM,2,1,0,36.215490,-86.794800,OLD MATTHEWS RD,,,,726.00,Feet,North,CHRIS ST,,,,0.00,N,Not at Intersection,N,Non-Junction,None,,,         ,Kevin,Reynolds,Snow,"Sideswipe, Same Direction",no,no,no,no,no,False
101093237,METROPOLITAN NASHVILLE POLICE DEPT,20160077917,Davidson,Nashville,1/24/2016 12:00:00 AM,2,0,0,36.142220,-86.652270,I 40,,,,0.00,,,,,,,217.55,N,Not at Intersection, ,Non-Junction,None,,,         ,Craig,Gentry,Snow,"Sideswipe, Same Direction",no,no,no,no,no,False
101093240,METROPOLITAN NASHVILLE POLICE DEPT,20160077882,Davidson,Nashville,1/24/2016 8:12:00 PM,1,0,0,36.087300,-86.647600,NASHBORO BLVD,,,,233.00,Feet,West,CONNECTING ROAD,,,,0.00,N,Not at Intersection,N,Non-Junction,None,,,         ,Patrick,Taylor,Clear,Not Collision with Motor Vehicle in Transport,no,no,no,no,no,False
101093242,METROPOLITAN NASHVILLE POLICE DEPT,20160077826,Davidson,Nashville,1/24/2016 7:43:00 PM,1,0,0,36.211540,-86.717300,SHELTON AV,,,,0.00,,,,,,,0.00,,,N,Non-Junction,None,,,         ,Michael,Moss,Clear,Not Collision with Motor Vehicle in Transport,no,no,no,yes,no,False
101093251,METROPOLITAN NASHVILLE POLICE DEPT,20160077847,Davidson,Nashville,1/24/2016 7:54:00 PM,1,0,0,36.036420,-86.645860,I24 E ENT RAMP,,,,0.00,Feet,East,I 24,,,,0.00,N,Not at Intersection,N,Non-Junction,None,,,         ,Matthew,Johnson,Snow,Not Collision with Motor Vehicle in Transport,no,no,no,no,yes,False
101093262,GOODLETTSVILLE POLICE DEPT,16-03093,Davidson,Goodlettsville,1/24/2016 9:25:00 PM,2,0,0,36.311437,-86.683759,VIETNAM VETERANS,PKWY,SR386,,100.00,Feet,East,VIETNAM VETERANS,PKWY,SR386,,1.60,N,Not at Intersection, ,Entrance/Exit Ramp Related,None,,,         ,Jeremy,Baker,Cloudy,"Sideswipe, Same Direction",no,no,no,no,yes,False
101093272,METROPOLITAN NASHVILLE POLICE DEPT,20160078080,Davidson,Nashville,1/24/2016 8:54:00 PM,1,0,0,36.160130,-86.828710,GENEVA CIR,,,,293.00,Feet,West,35TH AVE N,,,,0.00,N,Not at Intersection,N,Non-Junction,None,,,         ,Landon,Bagwell,Cloudy,Not Collision with Motor Vehicle in Transport,no,no,no,no,yes,False
101093278,METROPOLITAN NASHVILLE POLICE DEPT,20160071847,Davidson,Nashville,1/22/2016 2:15:00 AM,1,0,0,36.045420,-86.685420,STATE HWY 254,,,,404.00,Feet,South,BRENTRIDGE DR,,,,0.00,N,Not at Intersection,N,Non-Junction,None,,,         ,Eric,Thomas,Rain,Not Collision with Motor Vehicle in Transport,no,no,no,no,no,False
101093280,METROPOLITAN NASHVILLE POLICE DEPT,20160078157,Davidson,Nashville,1/24/2016 11:00:00 PM,1,0,0,36.152110,-86.873200,COLUMBIA AV,,,,225.00,Feet,East,CROLEY DR,,,,0.00,N,Not at Intersection, ,Non-Junction,None,,,         ,Joshua,Vaughn,Snow,Not Collision with Motor Vehicle in Transport,no,no,no,no,no,False
101093283,METROPOLITAN NASHVILLE POLICE DEPT,2016-0076718,Davidson,Nashville,1/24/2016 5:55:00 AM,1,0,0,36.085980,-86.700540,HARDING PL,,,,305.00,Feet,East,I24 E EXT RAMP,,,,0.00,N,Not at Intersection,N,Non-Junction,None,,,         ,David,Simmonds,Clear,Not Collision with Motor Vehicle in Transport,no,no,no,no,no,False
101093303,METROPOLITAN NASHVILLE POLICE DEPT,20160078329,Davidson,Nashville,1/25/2016 12:46:00 AM,1,1,0,36.229250,-86.589340,SAUNDERSVILLE,RD,,,50.00,Feet,South,TETON,DR,,,0.00,N,Not at Intersection,N,Non-Junction,None,,,         ,Anthony,Venable,Snow,Not Collision with Motor Vehicle in Transport,no,no,no,no,no,False
101093312,METROPOLITAN NASHVILLE POLICE DEPT,2016-0076402,Davidson,Nashville,1/24/2016 1:18:00 AM,1,0,0,36.141440,-86.670040,I40 E EXT RAMP,,,,0.00,,,I 40,,,,0.00,Y,Y-Intersection,Y,Entrance/Exit Ramp Related,None,,,         ,Michael,Maclennan,Clear,Not Collision with Motor Vehicle in Transport,no,no,no,no,no,False
101093316,METROPOLITAN NASHVILLE POLICE DEPT,20160076729,Davidson,Nashville,1/24/2016 6:10:00 AM,1,1,0,36.164720,-86.811990,24TH AVE N,,,,0.00,,,EDEN ST,,,,0.00,Y,T-Intersection,N,Intersection,None,,,         ,Raymond,Heymann,Snow,Not Collision with Motor Vehicle in Transport,no,no,no,no,no,False
101093336,METROPOLITAN NASHVILLE POLICE DEPT,20160076619,Davidson,Not in City Limit,1/24/2016 12:00:00 AM,2,0,0,36.318370,-86.843850,I 24,,,,0.00,,,,,,,36.35,N,Not at Intersection,N,Non-Junction,None,,,         ,Matthew,Lachance,Clear,Front to Rear,no,no,no,no,yes,False
101093341,METROPOLITAN NASHVILLE POLICE DEPT,20160049256,Davidson,Nashville,1/15/2016 1:32:00 PM,1,0,0,36.044650,-86.780060,I 65,,,,0.00,,,,,,,75.00,N,Not at Intersection,N,Non-Junction,None,,,         ,Phillip,Murphy,Rain,Not Collision with Motor Vehicle in Transport,no,no,no,no,no,False
101093344,METROPOLITAN NASHVILLE POLICE DEPT,20160074891,Davidson,Goodlettsville,1/23/2016 12:00:00 AM,2,0,0,36.293140,-86.702350,ALTA LOMA RD,,,,0.00,,,GALLATIN PKEN,,,,0.00,Y,Four-Way, ,Intersection,None,,,         ,Coleman,McKellar,Clear,Angle,no,no,no,no,no,False
101093347,GOODLETTSVILLE POLICE DEPT,16-03129,Davidson,Goodlettsville,1/25/2016 6:50:00 AM,1,0,0,36.308620,-86.703470,I 65,,,,0.00,Feet,,RIVERGATE PKWY,,,,0.00,Y,OTHER, ,Non-Junction,None,,,         ,Jason,Ayers,Clear,Not Collision with Motor Vehicle in Transport,no,no,no,no,no,False
101093353,METROPOLITAN NASHVILLE POLICE DEPT,20160077163,Davidson,Nashville,1/24/2016 12:00:00 PM,2,0,0,36.153520,-86.626370,PERCY PRIEST DR,,,,225.00,Feet,West,STEWARTS FERRY PIKE,,,,0.00,N,Not at Intersection,N,Non-Junction,None,,,         ,Jordan,Vrbas,Snow,Angle,no,no,no,no,no,False
101093354,METROPOLITAN NASHVILLE POLICE DEPT,20160078976,Davidson,Nashville,1/25/2016 6:55:00 AM,2,0,0,36.144000,-86.626450,BELL RD,,,,552.00,Feet,South,LINCOYA BAY DR,,,,0.00,N,Not at Intersection,N,Non-Junction,None,,,         ,Steven,Rowlett,Snow,Front to Rear,no,no,no,no,yes,False
101093371,METROPOLITAN NASHVILLE POLICE DEPT,20160078780,Davidson,Nashville,1/25/2016 12:00:00 AM,2,0,0,36.213340,-86.775610,I 65,,,,0.00,,,,,,,87.80,N,Not at Intersection,N,Non-Junction,Construction Zone,Work On Shoulder Or Median,Activity Area,         ,Charles,Duke,Snow,"Sideswipe, Same Direction",no,no,no,no,yes,False
101093378,METROPOLITAN NASHVILLE POLICE DEPT,20160079033,Davidson,Nashville,1/25/2016 7:27:00 AM,2,0,0,36.060070,-86.741050,ELLINGTON CIR,,,,0.00,,,EDMONDSON PKE,,,,0.00,Y,T-Intersection, ,,None,,,         ,Brent,Bauer,,,no,no,no,no,no,False