master_record_number,agency,agency_tracking_number,county,city,collision_date,vehicles_involved,number_injured,number_dead,latitude,longitude,roadway_name,roadway_suffix,roadway_number,roadway_local_id,distance_from_reference,miles-feet_indicator,direction_from_reference,intersection_road_name,intersection_road_name_suffix,intersection_road_number,intersection_local_id,mile_marker,intersection_indicator,intersect_type,interchange_related_indicator,relation_to_junction,work_zone_type,construction_maintenance_zone,construction_maintenance_zone_location,fatal_case_number,officer_first_name,officer_last_name,weather_condition(s),manner_of_crash,pedestrian,bicycle,scooter,parking,hitrun,mou
101095540,METROPOLITAN NASHVILLE POLICE DEPT,20160092456,Davidson,Not in City Limit,1/28/2016 6:23:00 PM,2,1,0,36.283390,-86.706960,EDGEMEADE BLVD,,,,0.00,,,GALLATIN PKEN,,,,0.00,Y,Four-Way,N,Intersection,None,,,         ,Carlos,Urrutia,Cloudy,Angle,no,no,no,no,no,False
101095542,METROPOLITAN NASHVILLE POLICE DEPT,20160093038,Davidson,Nashville,1/28/2016 9:22:00 PM,2,2,0,36.040110,-86.766760,OLD HICKORY BLVD,,,,408.00,Feet,West,HEARTHSTONE MANOR LN,,,,0.00,N,Not at Intersection,N,Non-Junction,None,,,         ,Tien,Nguyen,Clear,Front to Rear,no,no,no,no,no,False
101095543,METROPOLITAN NASHVILLE POLICE DEPT,20160092090,Davidson,Nashville,1/28/2016 4:26:00 PM,2,0,0,36.210090,-86.873100,ASHLAND CITY HWY,,,,0.00,,,ASHLAND CITY HWY WB ENT RAMP,,,,0.00,Y,Y-Intersection,N,Entrance/Exit Ramp Related,None,,,         ,Michael,Brooks,Cloudy,Front to Rear,no,no,no,no,yes,False
101095544,METROPOLITAN NASHVILLE POLICE DEPT,20160092284,Davidson,Nashville,1/28/2016 5:20:00 PM,2,0,0,36.169600,-86.810470,I 40,,,,0.00,,,,,,,207.10,N,Not at Intersection,N,Non-Junction,None,,,         ,Michael,Brooks,Cloudy,Front to Rear,no,no,no,no,no,False
101095545,METROPOLITAN NASHVILLE POLICE DEPT,20160092615,Davidson,Nashville,1/28/2016 6:42:00 PM,2,2,0,36.171510,-86.803600,I 40,,,,0.00,,,,,,,207.65,N,Not at Intersection,Y,Entrance/Exit Ramp Related,None,,,         ,Michael,Brooks,Cloudy,Front to Rear,no,no,no,no,no,False
101095546,METROPOLITAN NASHVILLE POLICE DEPT,20160092475,Davidson,Not in City Limit,1/28/2016 5:30:00 PM,1,0,0,36.314460,-86.865790,WHITES CREEK PKE,,,,0.00,,,,,,,0.00,,,N,Non-Junction,None,,,         ,Michael,Brooks,Cloudy,Not Collision with Motor Vehicle in Transport,no,no,no,yes,yes,False
101095572,METROPOLITAN NASHVILLE POLICE DEPT,20160093107,Davidson,Nashville,1/28/2016 9:50:00 PM,2,1,0,36.079580,-86.726330,US HWY 31 ALT,,,,0.00,,,STATE HWY 255,,,,0.00,Y,Four-Way,N,Intersection,None,,,         ,John,Riddle,Clear,Front to Rear,no,no,no,no,no,False
101095590,METROPOLITAN NASHVILLE POLICE DEPT,20160093362,Davidson,Nashville,1/28/2016 9:10:00 PM,2,0,0,36.194360,-86.704800,LETHIA DR,,,,173.00,Feet,South,TRAUGHBER DR,,,,0.00,N,Not at Intersection, ,Non-Junction,None,,,         ,Ky,Luu,Clear,Angle,no,no,no,no,yes,False
101095611,METROPOLITAN NASHVILLE POLICE DEPT,20160071377,Davidson,Nashville,1/21/2016 10:30:00 PM,1,0,0,36.090700,-86.650970,US HWY 41,,,,102.00,Feet,South,BOROWOOD DR,,,,0.00,N,Not at Intersection,N,Non-Junction,None,,,         ,Daniel,Garrett,Rain,Not Collision with Motor Vehicle in Transport,no,no,no,no,no,False
101095614,METROPOLITAN NASHVILLE POLICE DEPT,20160078140,Davidson,Nashville,1/24/2016 12:00:00 AM,1,0,0,36.055410,-86.691200,LUKER LN,,,,126.00,Feet,South,HILL BENNETT CIR,,,,0.00,N,Not at Intersection, ,Non-Junction,None,,,         ,Daniel,Garrett,Snow,Not Collision with Motor Vehicle in Transport,no,no,no,no,no,False
101095639,METROPOLITAN NASHVILLE POLICE DEPT,20160090303,Davidson,Nashville,1/28/2016 4:54:00 AM,2,0,0,36.084730,-86.704070,HARDING PL,,,,201.00,Feet,West,TRAVELERS INN DR,,,,0.00,N,Not at Intersection,Y,Non-Junction,None,,,         ,William,Williams,Clear,"Sideswipe, Same Direction",no,no,no,no,no,False
101095652,METROPOLITAN NASHVILLE POLICE DEPT,20160071983,Davidson,Nashville,1/22/2016 8:00:00 AM,2,0,0,36.064760,-86.628450,HAMILTON CHURCH RD,,,,0.00,,,US HWY 41,,,,0.00,Y,Four-Way, ,Intersection,None,,,         ,Justin,McCormick,Snow,Angle,no,no,no,no,no,False
101095672,METROPOLITAN NASHVILLE POLICE DEPT,20160090451,Davidson,Nashville,1/28/2016 6:41:00 AM,2,0,0,36.192930,-86.830040,CLARKSVILLE PKE,,,,365.00,Feet,West,CLIFF DR,,,,0.00,N,Not at Intersection,N,Non-Junction,None,,,         ,Earnest,Fields,Clear,Angle,no,no,no,no,no,False
101095682,METROPOLITAN NASHVILLE POLICE DEPT,2016-0091601,Davidson,Nashville,1/28/2016 1:30:00 PM,2,0,0,36.209400,-86.734150,GALLATIN PIKE,,,,153.00,Feet,South,SHELTON AVE,,,,0.00,N,Not at Intersection,N,Non-Junction,None,,,         ,Coleman,Womack,Clear,Front to Rear,no,no,no,no,no,False
101095817,METROPOLITAN NASHVILLE POLICE DEPT,20160087466,Davidson,Nashville,1/27/2016 12:25:00 PM,2,0,0,36.120580,-86.766880,BERRY RD,,,,210.00,Feet,East,BERRYWOOD DR,,,,0.00,N,Not at Intersection,N,Non-Junction,None,,,         ,Roy,Sain Jr.,Clear,Angle,no,no,no,yes,no,False
101095822,METROPOLITAN NASHVILLE POLICE DEPT,2016-0091679,Davidson,Nashville,1/28/2016 1:40:00 PM,2,0,0,36.212680,-86.764820,GORDON TER,,,,0.00,,,US HWY 31W,,,,0.00,Y,T-Intersection,N,Intersection,None,,,         ,Coleman,Womack,Clear,Angle,no,no,no,no,yes,False
101095925,METROPOLITAN NASHVILLE POLICE DEPT,2016-0092837,Davidson,Nashville,1/28/2016 7:52:00 PM,3,3,0,36.140270,-86.879080,CHARLOTTE PKE,,,,65.00,Feet,East,RUSSLEO DR,,,,0.00,N,Not at Intersection,N,Non-Junction,None,,,         ,Ryan,Allen,Clear,Front to Rear,no,no,no,no,yes,False
101095944,THP District 9 - Administrative,316005937,Davidson,Nashville,1/28/2016 12:34:00 PM,2,0,0,36.163980,-86.782320,6TH AVN,,,,0.00,,,UNION ST,,,,0.00,Y,Four-Way, ,Intersection,None,,,         ,Michael,Morgan,Clear,"Sideswipe, Same Direction",no,no,no,no,no,False
101095987,METROPOLITAN NASHVILLE POLICE DEPT,20160092622,Davidson,Nashville,1/28/2016 6:10:00 PM,2,0,0,36.183760,-86.747890,EASTLAND AV,,,,142.00,Feet,East,GALLATIN AV,,,,0.00,N,Not at Intersection, ,Non-Junction,None,,,         ,Randy,Heinze,Clear,Angle,no,no,no,no,no,False
101096030,METROPOLITAN NASHVILLE POLICE DEPT,20160092885,Davidson,Not in City Limit,1/28/2016 8:33:00 PM,1,0,0,36.078740,-87.022480,MCCRORY LN,,,,0.00,,,NEWSOM STATION RD,,,,0.00,Y,T-Intersection,N,Intersection-Related,None,,,         ,John,Thomas,Clear,Not Collision with Motor Vehicle in Transport,no,no,no,yes,no,False
101096067,Nashville Airport Police,2016-00230,Davidson,Nashville,1/27/2016 5:35:00 PM,2,0,0,36.135960,-86.663620,DONELSON PKES,,,,0.00,,,DONELSON PKE,,,,0.00,Y,OTHER,N,Non-Junction,None,,,         ,Jeremy,Riel,Clear,Front to Rear,no,no,no,no,no,False
101096119,METROPOLITAN NASHVILLE POLICE DEPT,20160092198,Davidson,Nashville,1/28/2016 4:30:00 PM,2,0,0,36.152750,-86.779320,DREXEL ST,,,,0.00,,,US HWY 31,,,,0.00,Y,OTHER, ,Non-Junction,None,,,         ,Gilbert,Mana,Clear,Angle,no,no,no,no,no,False
101096131,Nashville Airport Police,2016-00231,Davidson,Nashville,1/27/2016 6:18:00 PM,2,0,0,36.135960,-86.663620,DONELSON PKES,,,,0.00,,,DONELSON PKE,,,,0.00,Y,OTHER,N,Non-Junction,None,,,         ,Jeremy,Riel,Clear,Front to Rear,no,no,no,no,no,False
101096207,METROPOLITAN NASHVILLE POLICE DEPT,20160093022,Davidson,Nashville,1/28/2016 8:52:00 PM,2,0,0,36.209180,-86.775940,I 65,,,,0.00,,,,,,,87.55,N,Not at Intersection, ,Entrance/Exit Ramp Related,None,,,         ,Joshua,Lackey,Clear,"Sideswipe, Same Direction",no,no,no,no,no,False
101096345,METROPOLITAN NASHVILLE POLICE DEPT,20160076216,Davidson,Nashville,1/23/2016 11:35:00 PM,2,0,0,36.032100,-86.712730,NOLENSVILLE PKE,,,,393.00,Feet,North,KINHAWK DR,,,,0.00,N,Not at Intersection,N,Non-Junction,None,,,         ,David,Barras,Snow,Front to Rear,no,no,no,no,yes,False
101096361,METROPOLITAN NASHVILLE POLICE DEPT,20160071527,Davidson,Nashville,1/21/2016 11:55:00 PM,2,1,0,36.082360,-86.702130,LINBAR DR,,,,0.00,,,WALLACE RD,,,,0.00,Y,Four-Way,N,Non-Junction,None,,,         ,Justin,McCormick,Rain,Angle,no,no,no,no,no,False
101096378,METROPOLITAN NASHVILLE POLICE DEPT,2016-0087810,Davidson,Nashville,1/27/2016 2:21:00 PM,2,0,0,36.153350,-86.661280,BRANWOOD DR,,,,372.00,Feet,East,KENT RD,,,,0.00,N,Not at Intersection, ,Non-Junction,None,,,         ,Jeb,Johnston,Cloudy,Rear to Side,no,no,no,no,yes,False
101096549,VANDERBILT UNIVERSITY POLICE,16-0092717,Davidson,Nashville,1/28/2016 7:30:00 PM,2,0,0,36.143230,-86.804700,GARLAND AV,,,,0.00,,,24TH AVS,,,,0.00,Y,T-Intersection, ,,None,,,         ,Errikka,Wilbourn,,,no,no,no,no,no,Campus
101096831,METROPOLITAN NASHVILLE POLICE DEPT,2016-0091537,Davidson,Nashville,1/28/2016 1:15:00 PM,2,1,0,36.128800,-86.713820,MURFREESBORO PKE,,,,10.00,Feet,West,MILL CREEK RD,,,,0.00,N,Not at Intersection,N,Non-Junction,None,,,         ,William,Whitworth,Clear,Angle,no,no,no,no,yes,False
101096975,METROPOLITAN NASHVILLE POLICE DEPT,20160077275,Davidson,Nashville,1/24/2016 1:30:00 PM,2,0,0,36.166280,-86.745600,ELECTRIC AV,,,,212.00,Feet,East,VILLAGE CT,,,,0.00,N,Not at Intersection, ,Non-Junction,None,,,         ,Steven,Spillers,Snow,Not Collision with Motor Vehicle in Transport,no,no,no,no,no,False
101097351,METROPOLITAN NASHVILLE POLICE DEPT,20160079921,Davidson,Nashville,1/25/2016 1:30:00 PM,2,0,0,36.250460,-86.774520,RIDGE TOP DR,,,,0.00,,,NORTHBROOK DR,,,,0.00,Y,OTHER,N,Non-Junction,None,,,         ,Jeffery,Burnette,Snow,"Sideswipe, Same Direction",no,no,no,no,yes,False
101097504,Nashville Airport Police,2016-000206,Davidson,Nashville,1/21/2016 12:00:00 AM,1,0,0,36.103620,-86.666480,OLD MURFREESBORO PKE,,,,0.00,,,FAIRCLOTH LN,,,,0.00,Y,OTHER,N,Non-Junction,None,,,         ,William,Green,Unknown,Unknown,no,no,no,yes,no,False
101098591,METROPOLITAN NASHVILLE POLICE DEPT,20160090929,Davidson,Nashville,1/28/2016 9:05:00 AM,2,0,0,36.169610,-86.779900,2ND AVN,,,,159.00,Feet,North,GAY ST,,,,0.00,N,Not at Intersection,N,Non-Junction,None,,,         ,Wesley,Henderson,Cloudy,"Sideswipe, Same Direction",no,no,no,yes,yes,False
101098710,METROPOLITAN NASHVILLE POLICE DEPT,2016-0079666,Davidson,Nashville,1/25/2016 10:35:00 AM,2,1,0,36.208250,-86.731370,KIRKLAND AV,,,,0.00,,,WINDSOR AV,,,,0.00,Y,Traffic Circle,N,Non-Junction,None,,,         ,Byron,Boelter,Snow,HeadOn,no,no,no,no,yes,False
101098971,METROPOLITAN NASHVILLE POLICE DEPT,2016-0036729,Davidson,Nashville,1/8/2016 3:19:00 PM,1,0,0,36.052210,-86.644910,EAGLE VIEW BLVD,,,,0.00,,,BELL RD,,,,0.00,Y,T-Intersection, ,Unknown,Unknown,,,         ,Kimberly,Brown,Unknown,Not Collision with Motor Vehicle in Transport,no,no,no,no,no,False
101099134,METROPOLITAN NASHVILLE POLICE DEPT,20160088447,Davidson,Nashville,1/27/2016 5:40:00 PM,2,0,0,36.078440,-86.729700,HARDING PL,,,,376.00,Feet,South,COVENTRY DR,,,,0.00,N,Not at Intersection, ,Non-Junction,None,,,         ,Miguel,Garcia,Clear,Front to Rear,no,no,no,no,no,False
101099141,METROPOLITAN NASHVILLE POLICE DEPT,20160042878,Davidson,Nashville,1/13/2016 8:56:00 PM,1,1,0,36.151360,-86.769920,LAFAYETTE ST,,,,422.00,Feet,East,4TH AVS,,,,0.00,N,Not at Intersection,N,Non-Junction,None,,,         ,John,Roberson,Clear,Not Collision with Motor Vehicle in Transport,yes,no,no,no,no,False
101099468,METROPOLITAN NASHVILLE POLICE DEPT,20160069847,Davidson,Nashville,1/21/2016 2:10:00 PM,2,0,0,36.160790,-86.793680,EXIT 209,,,,0.00,,,I 40,,,,0.00,Y,Four-Way, ,Intersection,Construction Zone,,,         ,Darrell,Osment,Clear,Front to Rear,no,no,no,no,no,False
101099657,METROPOLITAN NASHVILLE POLICE DEPT,20160004150,Davidson,Nashville,1/2/2016 5:30:00 PM,2,0,0,36.151840,-86.678510,ELM HILL PIKE,,,,463.00,Feet,West,ROYAL PKWY,,,,0.00,N,Not at Intersection,N,Non-Junction,None,,,         ,Brent,Hedgcoth,Clear,Angle,no,no,no,no,no,False
101099904,METROPOLITAN NASHVILLE POLICE DEPT,20160087857,Davidson,Nashville,1/27/2016 2:27:00 PM,2,0,0,36.153040,-86.801580,CHURCH ST,,,,253.00,Feet,West,20TH AVN,,,,0.00,N,Not at Intersection, ,Non-Junction,None,,,         ,Miguel,Garcia,Clear,Front to Rear,no,no,no,no,no,Campus
101100035,METROPOLITAN NASHVILLE POLICE DEPT,20160082625,Davidson,Nashville,1/26/2016 7:57:00 AM,2,0,0,36.156630,-86.768670,HERMITAGE AV,,,,0.00,,,LEA AV,,,,0.00,Y,Four-Way, ,,None,,,         ,Byron,Carter,,,no,no,no,no,no,False
101100206,METROPOLITAN NASHVILLE POLICE DEPT,20160072735,Davidson,Nashville,1/22/2016 9:25:00 AM,1,0,0,36.137680,-86.820750,US HWY 70S,,,,0.00,,,,,,,0.00,,,Y,Non-Junction,None,,,         ,Darrell,Osment,Snow,Not Collision with Motor Vehicle in Transport,no,no,no,no,no,False
101102538,THP District 3 - Nashville,316004508,Davidson,Not in City Limit,1/22/2016 7:32:00 AM,2,1,0,36.074200,-86.977000,I 40,,,,0.00,,,,,,,195.00,N,Not at Intersection,N,Non-Junction,None,,,         ,Travis,Plotzer,Snow,Front to Rear,no,no,no,no,no,False
101103033,METROPOLITAN NASHVILLE POLICE DEPT,20160041361,Davidson,Nashville,1/13/2016 1:00:00 PM,3,1,0,36.248280,-86.724510,DUE WEST AVW,,,,55.00,Feet,East,FREDA VILLA,,,,0.00,N,Not at Intersection,Y,Non-Junction,None,,,         ,Peter,Lynch,Clear,Angle,no,no,no,no,no,False
101103199,METROPOLITAN NASHVILLE POLICE DEPT,2016053789,Davidson,Nashville,1/16/2016 10:21:00 PM,2,0,0,36.197580,-86.765500,PENNOCK AV,,,,249.00,Feet,North,MARIE ST,,,,0.00,N,Not at Intersection,N,Non-Junction,None,,,         ,Lee,Bond,Clear,Front to Rear,no,no,no,no,yes,False
101105095,METROPOLITAN NASHVILLE POLICE DEPT,20160014923,Davidson,Nashville,1/5/2016 10:03:00 PM,2,0,0,36.171390,-86.807430,DR D B TODD JR BLVD,,,,0.00,Feet,,HEIMAN ST,,,,0.00,Y,Four-Way,N,Intersection,None,,,         ,Adam,Crutcher,Clear,Angle,no,no,no,no,yes,False
101105116,METROPOLITAN NASHVILLE POLICE DEPT,20160013979,Davidson,Nashville,1/5/2016 4:00:00 PM,2,0,0,36.164250,-86.819890,28TH AVE N,,,,0.00,,,ALBION ST,,,,0.00,Y,Four-Way, ,Intersection,None,,,         ,Adam,Crutcher,Clear,Front to Rear,no,no,no,no,no,False
101105321,METROPOLITAN NASHVILLE POLICE DEPT,20160072599,Davidson,Nashville,1/22/2016 8:19:00 AM,2,0,0,36.152380,-86.837060,CHARLOTTE AV,,,,0.00,,,42ND AVN,,,,0.00,Y,Four-Way,Y,OtherLocation,None,,,         ,Clifton,Knight,Blowing Snow,Angle,no,no,no,no,yes,False
101133625,VANDERBILT UNIVERSITY POLICE,16-036329,Davidson,Nashville,1/12/2016 10:30:00 AM,2,0,0,36.139280,-86.803600,CHILDRENS WAY,,,,0.00,,,,,,,0.00,,Not at Intersection,N,Non-Junction,None,,,         ,Ron,Reeves,Clear,"Sideswipe, Same Direction",no,no,no,yes,yes,Campus
101180722,METROPOLITAN NASHVILLE POLICE DEPT,2016-0072870,Davidson,Nashville,1/22/2016 8:30:00 AM,2,0,0,36.140700,-86.726190,I 40,,,,0.00,,,,,,,213.35,N,Not at Intersection, ,,None,,,         ,Andrew,Kooshian,,,no,no,no,no,no,False
101187831,METROPOLITAN NASHVILLE POLICE DEPT,2016044560,Davidson,Nashville,1/14/2016 8:08:00 AM,3,1,0,36.116440,-86.775930,I440 W ENT RAMP,,,,0.00,,,I 440,,,,0.00,Y,OTHER,Y,Entrance/Exit Ramp Related,None,,,         ,Earl,Davis,Clear,Front to Rear,no,no,no,no,no,False
101209530,METROPOLITAN NASHVILLE POLICE DEPT,2016-0000543,Davidson,Nashville,1/1/2016 12:00:00 AM,1,1,0,36.111740,-86.766420,THOMPSON LN,,,,0.00,,,,,,,0.00,,Not at Intersection,N,Unknown,Unknown,Unknown,Unknown,         ,Nathan,Smith,Clear,Unknown,no,no,no,yes,yes,OHO
101400912,Nashville Airport Police,2016-00149,Davidson,Nashville,1/19/2016 6:48:00 AM,2,0,0,36.131710,-86.668730,TERMINAL DR,,,,1244.00,Feet,West,AIRPORT SERVICE RD,,,,0.00,N,Not at Intersection, ,,None,,,         ,Taran,Perry,,,no,no,no,no,no,False
101095626,METROPOLITAN NASHVILLE POLICE DEPT,20160093921,Davidson,Not in City Limit,1/29/2016 3:23:00 AM,1,0,0,36.258420,-86.776700,BRICK DR,,,,0.00,,,BRICK CHURCH PKE,,,,0.00,Y,T-Intersection,N,Non-Junction,None,,,         ,Christina,Buckner,Clear,Not Collision with Motor Vehicle in Transport,no,no,no,no,no,False
101095659,METROPOLITAN NASHVILLE POLICE DEPT,2016-94010,Davidson,Nashville,1/29/2016 12:00:00 AM,2,0,0,36.156820,-86.839820,INDIANA AV,,,,0.00,,,44TH AVN,,,,0.00,Y,OTHER,N,Non-Junction,None,,,         ,Kenneth,Bray,Clear,Unknown,no,no,no,yes,yes,False
101095662,METROPOLITAN NASHVILLE POLICE DEPT,20160094074,Davidson,Nashville,1/29/2016 4:48:00 AM,1,0,0,36.014700,-86.731080,HOLT RD,,,,0.00,,,,,,,0.00,,,N,Non-Junction,None,,,         ,Marc,Haugen,Clear,Not Collision with Motor Vehicle in Transport,no,no,no,no,no,False
101095686,METROPOLITAN NASHVILLE POLICE DEPT,20160094254,Davidson,Nashville,1/29/2016 6:50:00 AM,2,1,0,36.163470,-86.783500,7TH AVE N,,,,0.00,,,UNION ST,,,,0.00,Y,Four-Way,N,Intersection,None,,,         ,Michael,Johnson,Clear,Angle,no,no,no,no,no,False
101095707,METROPOLITAN NASHVILLE POLICE DEPT,20160094280,Davidson,Nashville,1/29/2016 7:02:00 AM,2,0,0,36.147060,-86.643430,I 40,,,,0.00,,,,,,,218.00,N,Not at Intersection, ,Non-Junction,None,,,         ,James,Curtis,Clear,Angle,no,no,no,no,no,False
101095708,METROPOLITAN NASHVILLE POLICE DEPT,20160094301,Davidson,Nashville,1/29/2016 7:48:00 AM,2,0,0,36.136380,-86.788590,12TH AVS,,,,82.00,Feet,North,WEDGEWOOD AV,,,,0.00,N,Not at Intersection, ,,None,,,         ,Michael,Richardson,,,no,no,no,no,no,False
101095724,METROPOLITAN NASHVILLE POLICE DEPT,2016-0094438,Davidson,Nashville,1/29/2016 8:00:00 AM,2,0,0,36.153600,-86.847970,I 40,,,,0.00,,,,,,,204.50,N,Not at Intersection, ,Non-Junction,None,,,         ,Curtis,Rich,Clear,Angle,no,no,no,no,no,False
101095729,METROPOLITAN NASHVILLE POLICE DEPT,20160094263,Davidson,Nashville,1/29/2016 6:50:00 AM,2,0,0,36.053610,-86.643500,STATE HWY 254,,,,611.00,Feet,South,ZELIDA AVE,,,,0.00,N,Not at Intersection, ,Non-Junction,None,,,         ,Kenneth,Alexandrow,Clear,Front to Rear,no,no,no,no,no,False
101095733,METROPOLITAN NASHVILLE POLICE DEPT,2016-0094430,Davidson,Nashville,1/29/2016 12:00:00 AM,2,0,0,36.141370,-86.818090,ACKLEN PARK DR,,,,0.00,,,,,,,0.00,,,N,Non-Junction,None,,,         ,Nathan,Smith,Clear,"Sideswipe, Same Direction",no,no,no,no,yes,False
101095739,METROPOLITAN NASHVILLE POLICE DEPT,20160094342,Davidson,Nashville,1/29/2016 7:30:00 AM,2,1,0,36.231300,-86.747620,-- UNKNOWN RAMP/ROAD --,,,,0.00,,,US HWY 31E,,,,0.00,Y,OTHER,N,Non-Junction,None,,,         ,Erik,Nash,Clear,Front to Rear,no,no,no,no,no,False
101095742,METROPOLITAN NASHVILLE POLICE DEPT,20160094460,Davidson,Nashville,1/29/2016 8:22:00 AM,1,0,0,36.149880,-86.755290,DONELSON ST,,,,211.00,Feet,North,ROBERTSON ST,,,,0.00,N,Not at Intersection,N,Non-Junction,None,,,         ,James,Curtis,Clear,Not Collision with Motor Vehicle in Transport,no,no,no,no,no,False
101095747,METROPOLITAN NASHVILLE POLICE DEPT,20160094389,Davidson,Nashville,1/29/2016 7:52:00 AM,2,0,0,36.215150,-86.837890,US HWY 41 ALT,,,,287.00,Feet,North,CEDAR CIR,,,,0.00,N,Not at Intersection,N,Non-Junction,None,,,         ,Michael,McCord,Clear,Front to Rear,no,no,no,no,no,False
101095758,METROPOLITAN NASHVILLE POLICE DEPT,20160094317,Davidson,Nashville,1/29/2016 7:22:00 AM,2,0,0,36.167790,-86.820750,28TH AVN,,,,0.00,,,JEFFERSON ST,,,,0.00,Y,Four-Way,N,Intersection,None,,,         ,Nathan,Mayo,Clear,Angle,no,no,no,no,yes,False
101095759,METROPOLITAN NASHVILLE POLICE DEPT,20160094506,Davidson,Nashville,1/29/2016 8:40:00 AM,2,0,0,36.031570,-86.712650,NOLENSVILLE PKE,,,,199.00,Feet,North,KINHAWK DR,,,,0.00,N,Not at Intersection, ,Non-Junction,None,,,         ,Nathan,Kemp,Clear,Front to Rear,no,no,no,no,no,False
101095760,METROPOLITAN NASHVILLE POLICE DEPT,20160094398,Davidson,Nashville,1/29/2016 8:23:00 AM,2,0,0,36.089520,-86.697960,METROPLEX DR,,,,984.00,Feet,East,PARAGON MILLS RD,,,,0.00,N,Not at Intersection, ,Non-Junction,None,,,         ,Robert,Erickson,Clear,Angle,no,no,no,no,no,False
101095764,METROPOLITAN NASHVILLE POLICE DEPT,20160094564,Davidson,Nashville,1/29/2016 8:06:00 AM,2,0,0,36.127070,-86.746040,OAKLAND ST,,,,58.00,Feet,South,LEAFLAND AVE,,,,0.00,N,Not at Intersection,N,Non-Junction,None,,,         ,Timothy,Mead,Clear,Front to Rear,no,no,no,no,yes,False
101095773,METROPOLITAN NASHVILLE POLICE DEPT,20160094560,Davidson,Nashville,1/29/2016 8:50:00 AM,2,0,0,36.080330,-86.685710,ANTIOCH PIKE,,,,0.00,,,FRANKLIN LIMESTONE RD,,,,0.00,Y,Four-Way, ,,None,,,         ,David,Smith,,,no,no,no,no,no,False
101095777,METROPOLITAN NASHVILLE POLICE DEPT,20160094515,Davidson,Nashville,1/29/2016 8:45:00 AM,2,0,0,36.153790,-86.755910,US HWY 70,,,,50.00,Feet,East,FAIRFIELD AVE,,,,0.00,N,Not at Intersection, ,Non-Junction,None,,,         ,Michael,Johnson,Clear,Angle,no,no,no,no,no,False
101095780,METROPOLITAN NASHVILLE POLICE DEPT,20160094268,Davidson,Nashville,1/29/2016 7:00:00 AM,3,0,0,36.182840,-86.761520,ELLINGTON PKWYS,,,,0.00,,,ELLINGTON PKWY S ENT RAMP,,,,0.00,Y,OTHER,Y,Non-Junction,None,,,         ,Martin,Gonzalez,Clear,Front to Rear,no,no,no,no,no,False
101095784,BERRY HILL POLICE DEPT,16-0361,Davidson,Berry Hill,1/29/2016 8:05:00 AM,2,1,0,36.119910,-86.765830,MELROSE AV,,,,0.00,,,BRANSFORD AV,,,,0.00,Y,T-Intersection,N,Intersection,None,,,         ,Larry,Carter,Clear,Angle,no,no,no,no,no,False
101095785,METROPOLITAN NASHVILLE POLICE DEPT,20160094670,Davidson,Nashville,1/29/2016 9:29:00 AM,2,0,0,36.069570,-86.693930,APACHE TRL,,,,0.00,,,EZELL RD,,,,0.00,Y,Four-Way,N,Intersection-Related,None,,,         ,Robert,Erickson,Clear,Front to Rear,no,no,no,no,yes,False
101095792,METROPOLITAN NASHVILLE POLICE DEPT,20160094305,Davidson,Nashville,1/29/2016 7:15:00 AM,2,1,0,36.088670,-86.693190,ANTIOCH PKE,,,,301.00,Feet,South,CANDY LN,,,,0.00,N,Not at Intersection,N,Non-Junction,None,,,         ,James,Thomas,Clear,Angle,no,no,no,no,no,False
101095795,METROPOLITAN NASHVILLE POLICE DEPT,20160094665,Davidson,Nashville,1/29/2016 9:55:00 AM,2,0,0,36.157700,-86.790000,US HWY 70,,,,220.00,Feet,North,-- UNKNOWN RAMP/ROAD --,,,,0.00,N,Not at Intersection, ,Non-Junction,None,,,         ,Daniel,Russett,Clear,Front to Rear,no,no,no,no,no,False
101095801,METROPOLITAN NASHVILLE POLICE DEPT,20160094624,Davidson,Nashville,1/29/2016 9:24:00 AM,2,1,0,36.045540,-86.658380,STATE HWY 254,,,,0.00,,,RAMP,,,,0.00,Y,Four-Way,Y,Entrance/Exit Ramp Related,None,,,         ,Kenneth,Alexandrow,Clear,HeadOn,no,no,no,no,no,False
101095802,METROPOLITAN NASHVILLE POLICE DEPT,20160094573,Davidson,Nashville,1/29/2016 8:51:00 AM,2,0,0,36.075930,-86.660000,TREETOP DR,,,,0.00,,,UNA ANTIOCH PKE,,,,0.00,Y,T-Intersection, ,Intersection,None,,,         ,Brian,Lamb,Clear,Front to Rear,no,no,no,no,no,False
101095809,METROPOLITAN NASHVILLE POLICE DEPT,2016-0094703,Davidson,Forest Hills,1/29/2016 10:00:00 AM,2,0,0,36.082550,-86.848610,FOXWOOD RD,,,,246.00,Feet,South,TYNE BLVD,,,,0.00,N,Not at Intersection, ,Non-Junction,None,,,         ,Curtis,Rich,Clear,Angle,no,no,no,no,no,False
101095810,METROPOLITAN NASHVILLE POLICE DEPT,2016094372,Davidson,Nashville,1/29/2016 7:43:00 AM,2,3,0,36.223660,-86.760970,SUNSET DR,,,,0.00,,,US HWY 31W,,,,0.00,Y,Four-Way,Y,Intersection,None,,,         ,Randal,Owsley,Clear,HeadOn,no,no,no,no,no,False
101095826,VANDERBILT UNIVERSITY POLICE,16-094657,Davidson,Nashville,1/29/2016 9:45:00 AM,2,0,0,36.147430,-86.799390,21ST AVS,,,,0.00,,,GRAND AV,,,,0.00,Y,Four-Way, ,Intersection,Construction Zone,,,         ,Allan,Sullivan,Clear,"Sideswipe, Same Direction",no,no,no,no,no,Campus