master_record_number,agency,agency_tracking_number,county,city,collision_date,vehicles_involved,number_injured,number_dead,latitude,longitude,roadway_name,roadway_suffix,roadway_number,roadway_local_id,distance_from_reference,miles-feet_indicator,direction_from_reference,intersection_road_name,intersection_road_name_suffix,intersection_road_number,intersection_local_id,mile_marker,intersection_indicator,intersect_type,interchange_related_indicator,relation_to_junction,work_zone_type,construction_maintenance_zone,construction_maintenance_zone_location,fatal_case_number,officer_first_name,officer_last_name,weather_condition(s),manner_of_crash,pedestrian,bicycle,scooter,parking,hitrun,mou
101098312,METROPOLITAN NASHVILLE POLICE DEPT,20160107751,Davidson,Nashville,2/2/2016 3:11:00 PM,2,0,0,36.087030,-86.693250,HARDING PL,,,,339.00,Feet,West,ANTIOCH PKE,,,,0.00,N,Not at Intersection, ,Non-Junction,None,,,         ,Jessie,Meadows,Clear,"Sideswipe, Same Direction",no,no,no,no,no,False
101098313,METROPOLITAN NASHVILLE POLICE DEPT,20160107815,Davidson,Nashville,2/2/2016 3:33:00 PM,2,0,0,36.086960,-86.693430,HARDING PL,,,,398.00,Feet,West,ANTIOCH PKE,,,,0.00,N,Not at Intersection,N,Non-Junction,None,,,         ,Jessie,Meadows,Clear,Angle,no,no,no,no,no,False
101098314,METROPOLITAN NASHVILLE POLICE DEPT,20160108027,Davidson,Nashville,2/2/2016 4:37:00 PM,2,0,0,36.079190,-86.720520,RECOVERY RD,,,,34.00,Feet,North,WALLACE RD,,,,0.00,N,Not at Intersection,N,Non-Junction,None,,,         ,Jessie,Meadows,Clear,Front to Rear,no,no,no,no,yes,False
101098319,GOODLETTSVILLE POLICE DEPT,16-04233,Davidson,Goodlettsville,2/2/2016 5:06:00 PM,2,0,0,36.318631,-86.713165,S. MAIN,ST,US31/41,,50.00,Feet,South,DRAKE,ST,,,0.00,N,Not at Intersection,N,Non-Junction,None,,,         ,Rico,Jones,Rain,Front to Rear,no,no,no,no,no,False
101098321,METROPOLITAN NASHVILLE POLICE DEPT,20160108207,Davidson,Madison,2/2/2016 5:05:00 PM,2,0,0,36.263330,-86.714600,OLD HICKORY BLVDW,,,,0.00,,,DOUGLAS ST,,,,0.00,Y,T-Intersection,N,Intersection,None,,,         ,Carlos,Urrutia,Rain,HeadOn,no,no,no,no,yes,False
101098325,METROPOLITAN NASHVILLE POLICE DEPT,20160108333,Davidson,Nashville,2/2/2016 5:42:00 PM,2,0,0,36.248640,-86.715550,E PALESTINE AV,,,,10.00,Feet,East,ARGLE AV,,,,0.00,N,Not at Intersection, ,Non-Junction,None,,,         ,Carlos,Urrutia,Rain,Front to Rear,no,no,no,no,no,False
101098328,METROPOLITAN NASHVILLE POLICE DEPT,2016-107859,Davidson,Nashville,2/2/2016 3:22:00 PM,2,1,0,36.153320,-86.775740,LAFAYETTE ST,,,,0.00,,,6TH AVS,,,,0.00,Y,Four-Way,N,Intersection-Related,None,,,         ,Michael,Schlegel,Cloudy,Front to Rear,no,no,no,no,no,False
101098336,BERRY HILL POLICE DEPT,16-0418,Davidson,Berry Hill,2/2/2016 5:50:00 PM,2,0,0,36.112730,-86.773400,FRANKLIN PKE NB ENT RAMP,,,,0.00,,,I 65,,,,0.00,Y,Y-Intersection,Y,Intersection-Related,None,,,         ,John,Gleixner,Rain,Front to Rear,no,no,no,no,yes,False
101098337,METROPOLITAN NASHVILLE POLICE DEPT,20160108307,Davidson,Nashville,2/2/2016 5:34:00 PM,2,0,0,36.217080,-86.696380,OPRYLAND DR,,,,0.00,,,MUSIC VALLEY DR,,,,0.00,Y,Four-Way,N,Intersection,None,,,         ,Bryan,Byrnes,Rain,Angle,no,no,no,no,no,False
101098341,GOODLETTSVILLE POLICE DEPT,16-04239,Davidson,Goodlettsville,2/2/2016 6:27:00 PM,2,0,0,36.322293,-86.713278,N. MAIN,ST,US31/41,,20.00,Feet,North,LONG HOLLOW,PIKE,SR174,,0.00,N,Not at Intersection, ,Non-Junction,None,,,         ,Hannah,Poole,Rain,Front to Rear,no,no,no,no,yes,False
101098345,METROPOLITAN NASHVILLE POLICE DEPT,20160108498,Davidson,Nashville,2/2/2016 6:43:00 PM,2,1,0,36.153280,-86.772180,4TH AVE S,,,,0.00,,,ELM ST,,,,0.00,Y,OTHER,N,Non-Junction,None,,,         ,Jacob,Partin,Rain,"Sideswipe, Same Direction",no,no,no,no,no,False
101098350,METROPOLITAN NASHVILLE POLICE DEPT,20160107764,Davidson,Nashville,2/2/2016 2:40:00 PM,2,0,0,36.089820,-86.703140,I 24,,,,0.00,,,,,,,55.40,N,Not at Intersection, ,Non-Junction,None,,,         ,Jared,Jenkins,Clear,Front to Rear,no,no,no,no,no,False
101098353,METROPOLITAN NASHVILLE POLICE DEPT,2016-0102813,Davidson,Nashville,2/1/2016 7:34:00 AM,2,1,0,36.142960,-86.706620,I 40,,,,0.00,,,,,,,214.40,N,Not at Intersection,N,Non-Junction,None,,,         ,Jeb,Johnston,Rain,Front to Rear,no,no,no,no,no,False
101098355,METROPOLITAN NASHVILLE POLICE DEPT,20160107900,Davidson,Nashville,2/2/2016 3:29:00 PM,2,0,0,36.089690,-86.642700,NASHBORO BLVD,,,,0.00,,,LONG HUNTER CT,,,,0.00,Y,T-Intersection,N,Intersection,None,,,         ,Michael,Apsey,Cloudy,Angle,no,no,no,no,no,False
101098371,METROPOLITAN NASHVILLE POLICE DEPT,20160108439,Davidson,Not in City Limit,2/2/2016 6:14:00 PM,2,0,0,36.009070,-86.683870,SANTEELAH WAY,,,,410.00,Feet,West,CHEOAH CT,,,,0.00,N,Not at Intersection, ,Non-Junction,None,,,         ,Jeffrey,Livingston,Rain,"Sideswipe, Same Direction",no,no,no,no,yes,False
101098372,METROPOLITAN NASHVILLE POLICE DEPT,20160108322,Davidson,Not in City Limit,2/2/2016 5:42:00 PM,2,0,0,36.264130,-86.726570,OLD HICKORY BLVDW,,,,0.00,,,RONNIE RD,,,,0.00,Y,T-Intersection,N,Non-Junction,None,,,         ,Samuel,Miller,Rain,Angle,no,no,no,no,yes,False
101098373,METROPOLITAN NASHVILLE POLICE DEPT,20160108470,Davidson,Nashville,2/2/2016 6:37:00 PM,2,0,0,36.234350,-86.774690,RICHMOND HILL DR,,,,0.00,,,VAILVIEW DR,,,,0.00,Y,Four-Way, ,Intersection,None,,,         ,Samuel,Miller,Rain,Angle,no,no,no,no,no,False
101098374,METROPOLITAN NASHVILLE POLICE DEPT,20160108251,Davidson,Nashville,2/2/2016 5:12:00 PM,2,0,0,36.154770,-86.779420,US HWY 41,,,,0.00,,,US HWY 31,,,,0.00,Y,Roundabout,Y,Intersection-Related,None,,,         ,David,Snowden,Rain,"Sideswipe, Same Direction",no,no,no,no,yes,False
101098379,METROPOLITAN NASHVILLE POLICE DEPT,2016-0108264,Davidson,Nashville,2/2/2016 5:23:00 PM,7,2,0,36.045150,-86.852440,OLD HICKORY BLVD,,,,800.00,Feet,East,CROMWELL DR,,,,0.00,N,Not at Intersection,N,Non-Junction,None,,,         ,William,King,Rain,Front to Rear,no,no,no,no,no,False
101098380,METROPOLITAN NASHVILLE POLICE DEPT,2016-0103621,Davidson,Nashville,2/1/2016 12:21:00 PM,2,0,0,36.145520,-86.695260,BRILEY PKWYN,,,,0.00,Feet,East,I40 W ENT RAMP,,,,0.00,N,Not at Intersection, ,Entrance/Exit Ramp Related,None,,,         ,Jeb,Johnston,Rain,"Sideswipe, Same Direction",no,no,no,no,no,False
101098387,METROPOLITAN NASHVILLE POLICE DEPT,20160108394,Davidson,Nashville,2/2/2016 5:45:00 PM,2,0,0,36.080240,-86.764560,I 65,,,,0.00,,,,,,,77.70,N,Not at Intersection, ,,None,,,         ,Conner,Harris,,,no,no,no,no,no,False
101098388,METROPOLITAN NASHVILLE POLICE DEPT,20160108337,Davidson,Nashville,2/2/2016 5:30:00 PM,2,0,0,36.151360,-86.804090,ELLISTON PL,,,,162.00,Feet,South,22ND AVN,,,,0.00,N,Not at Intersection,N,Non-Junction,None,,,         ,Eric,Burford,Rain,Angle,no,no,no,no,no,Campus
101098392,METROPOLITAN NASHVILLE POLICE DEPT,20160108511,Davidson,Nashville,2/2/2016 6:38:00 PM,2,0,0,36.086860,-86.695950,HARDING PL,,,,0.00,Feet,,S PERIMETER PARK DR,,,,0.00,Y,Four-Way,N,Intersection,None,,,         ,Jared,Jenkins,Rain,Angle,no,no,no,no,no,False
101098393,METROPOLITAN NASHVILLE POLICE DEPT,20160108232,Davidson,Nashville,2/2/2016 5:14:00 PM,2,0,0,36.126080,-86.812540,WOODLAWN DR,,,,0.00,,,NATCHEZ TRC,,,,0.00,Y,Four-Way, ,Intersection-Related,None,,,         ,Tien,Nguyen,Rain,Angle,no,no,no,no,no,False
101098394,METROPOLITAN NASHVILLE POLICE DEPT,20160108400,Davidson,Nashville,2/2/2016 6:09:00 PM,2,0,0,36.040280,-86.768370,OLD HICKORY BLVD,,,,0.00,,,SEVEN SPRINGS WAY,,,,0.00,Y,Four-Way, ,Intersection-Related,None,,,         ,Tien,Nguyen,Rain,"Sideswipe, Same Direction",no,no,no,no,no,False
101098395,METROPOLITAN NASHVILLE POLICE DEPT,20160108338,Davidson,Nashville,2/2/2016 5:50:00 PM,2,0,0,36.164230,-86.777730,3RD AVN,,,,0.00,,,CHURCH ST,,,,0.00,Y,Four-Way,N,Intersection,None,,,         ,Tyler,Hutton,Rain,HeadOn,no,no,no,no,no,False
101098399,METROPOLITAN NASHVILLE POLICE DEPT,2016-0107274,Davidson,Nashville,2/2/2016 12:00:00 AM,1,0,0,36.201540,-86.607440,ANDREW JACKSON PKWY,,,,0.00,Feet,,RACHELS SQUARE DR,,,,0.00,Y,T-Intersection, ,Intersection,None,,,         ,Jeb,Johnston,Unknown,Not Collision with Motor Vehicle in Transport,no,no,no,no,yes,False
101098401,METROPOLITAN NASHVILLE POLICE DEPT,2016-0108524,Davidson,Nashville,2/2/2016 6:17:00 PM,2,0,0,36.142120,-86.775780,CHESTNUT ST,,,,0.00,,,FORT NEGLEY BLVD,,,,0.00,Y,Four-Way,Y,Intersection,None,,,         ,Austin,Kendrick,Rain,Angle,no,no,no,no,no,False
101098412,METROPOLITAN NASHVILLE POLICE DEPT,20160108457,Davidson,Nashville,2/2/2016 6:05:00 PM,2,0,0,36.088530,-86.793410,BATTERY LN,,,,715.00,Feet,West,LEALAND LN,,,,0.00,N,Not at Intersection,N,Non-Junction,None,,,         ,William,Taylor,Rain,Angle,no,no,no,no,no,False
101098442,METROPOLITAN NASHVILLE POLICE DEPT,20160108801,Davidson,Nashville,2/2/2016 8:26:00 PM,1,1,0,36.172890,-86.765380,SPRING ST,,,,0.00,,,MAIN ST,,,,0.00,Y,Four-Way,N,Intersection-Related,None,,,         ,Clinton,Schroeder,Rain,Not Collision with Motor Vehicle in Transport,yes,no,no,no,no,False
101098446,METROPOLITAN NASHVILLE POLICE DEPT,20160108462,Davidson,Nashville,2/2/2016 6:35:00 PM,1,0,0,36.191790,-86.784520,I 65,,,,0.00,,,,,,,86.10,N,Not at Intersection, ,Non-Junction,None,,,         ,Michael,Brooks,Rain,Not Collision with Motor Vehicle in Transport,no,no,no,no,no,False
101098447,METROPOLITAN NASHVILLE POLICE DEPT,20160108913,Davidson,Not in City Limit,2/2/2016 9:02:00 PM,1,0,0,36.301260,-86.812030,I 24,,,,0.00,,,,,,,38.70,N,Not at Intersection,N,Non-Junction,None,,,         ,Michael,Brooks,Rain,Not Collision with Motor Vehicle in Transport,no,no,no,no,no,False
101098454,METROPOLITAN NASHVILLE POLICE DEPT,20160108553,Davidson,Nashville,2/2/2016 7:20:00 PM,2,0,0,36.103690,-86.667440,US HWY 41,,,,290.00,Feet,West,MCCRORY RD,,,,0.00,N,Not at Intersection,N,Non-Junction,None,,,         ,Nathan,Dungan,Rain,Not Collision with Motor Vehicle in Transport,no,no,no,no,no,False
101098455,METROPOLITAN NASHVILLE POLICE DEPT,20160108742,Davidson,Nashville,2/2/2016 7:20:00 PM,3,0,0,36.107670,-86.676790,US HWY 41,,,,0.00,,,DELL PKWY,,,,0.00,Y,T-Intersection,N,Intersection,None,,,         ,Nathan,Dungan,Rain,Angle,no,no,no,no,yes,False
101098458,METROPOLITAN NASHVILLE POLICE DEPT,2016-0108392,Davidson,Nashville,2/2/2016 5:55:00 PM,2,0,0,36.146530,-86.870210,CHARLOTTE PKE,,,,216.00,Feet,East,WESTBORO DR,,,,0.00,N,Not at Intersection, ,,None,,,         ,Christopher,Clark,,,no,no,no,no,no,False
101098464,METROPOLITAN NASHVILLE POLICE DEPT,20160108720,Davidson,Nashville,2/2/2016 8:03:00 PM,2,0,0,36.205270,-86.771180,LUCAS LN,,,,380.00,Feet,South,W TRINITY LN,,,,0.00,N,Not at Intersection,N,Non-Junction,None,,,         ,James,Smith,Rain,Other,no,no,no,yes,yes,False
101098471,METROPOLITAN NASHVILLE POLICE DEPT,20160108961,Davidson,Nashville,2/2/2016 8:12:00 PM,2,0,0,36.061850,-86.644870,RURAL HILL RD,,,,54.00,Feet,North,HICKORY HIGHLANDS DR,,,,0.00,N,Not at Intersection,N,Non-Junction,None,,,         ,Jared,Jenkins,Rain,"Sideswipe, Same Direction",no,no,no,no,yes,False
101098491,METROPOLITAN NASHVILLE POLICE DEPT,20160109080,Davidson,Antioch,2/2/2016 9:40:00 PM,1,0,0,36.054350,-86.574270,HAMILTON CHURCH RD,,,,466.00,Feet,West,LAVERGNE COUCHVILLE PIKE,,,,0.00,N,Not at Intersection, ,Non-Junction,None,,,         ,Victoria,Cunningham,Rain,Not Collision with Motor Vehicle in Transport,no,no,no,no,no,False
101098503,METROPOLITAN NASHVILLE POLICE DEPT,20160109322,Davidson,Nashville,2/2/2016 11:40:00 PM,2,1,0,36.139490,-86.819020,US HWY 70S,,,,51.00,Feet,North,ORLEANS DR,,,,0.00,N,Not at Intersection,N,Non-Junction,None,,,         ,Joshua,Billotte,Rain,HeadOn,no,no,no,no,yes,False
101098504,METROPOLITAN NASHVILLE POLICE DEPT,20160109360,Davidson,Nashville,2/3/2016 12:00:00 AM,1,0,0,36.151190,-86.750730,I 40,,,,0.00,,,,,,,211.55,N,Not at Intersection,N,Non-Junction,None,,,         ,Ethan,Luffman,Rain,Not Collision with Motor Vehicle in Transport,no,no,no,no,no,False
101098505,METROPOLITAN NASHVILLE POLICE DEPT,20160109183,Davidson,Nashville,2/2/2016 10:41:00 PM,2,1,0,36.216130,-86.775280,I 65,,,,0.00,,,,,,,88.00,N,Not at Intersection,N,Non-Junction,None,,,         ,Benjamin,Cole,Rain,Angle,no,no,no,no,no,False
101098508,METROPOLITAN NASHVILLE POLICE DEPT,20160108492,Davidson,Nashville,2/2/2016 6:45:00 PM,1,1,0,36.157030,-86.774570,4TH AVE S,,,,0.00,,,GATEWAY BLVD,,,,0.00,Y,OTHER,N,Intersection,None,,,         ,Gilbert,Mana,Rain,Not Collision with Motor Vehicle in Transport,yes,no,no,no,no,False
101098511,GOODLETTSVILLE POLICE DEPT,16-04258,Davidson,Goodlettsville,2/2/2016 9:45:00 PM,1,0,0,36.300370,-86.711470,I 65,,,,0.00,,,,,,,95.20,N,Not at Intersection,N,Non-Junction,Maintenance Zone,Work On Shoulder Or Median,Activity Area,         ,Carey,Birdine,Rain,Not Collision with Motor Vehicle in Transport,no,no,no,no,yes,False
101098515,METROPOLITAN NASHVILLE POLICE DEPT,20160109300,Davidson,Nashville,2/2/2016 11:32:00 PM,2,1,0,36.237650,-86.785820,-- UNKNOWN RAMP/ROAD --,,,,0.00,Feet,East,I 24,,,,0.00,N,Not at Intersection,N,Non-Junction,None,,,         ,Devon,Morgan,Rain,HeadOn,no,no,no,no,no,False
101098517,METROPOLITAN NASHVILLE POLICE DEPT,20160109211,Davidson,Nashville,2/2/2016 11:00:00 PM,1,0,0,0.000000,0.000000,HARDING,PL,SR707,,30.00,Feet,East,,,,,707.00,N,Not at Intersection,N,Non-Junction,None,,,         ,William,Hamblen,Rain,Not Collision with Motor Vehicle in Transport,no,no,no,no,no,False
101098531,METROPOLITAN NASHVILLE POLICE DEPT,20160109380,Davidson,Nashville,2/3/2016 12:12:00 AM,2,0,0,36.190080,-86.742470,GREENWOOD AV,,,,100.00,Feet,West,N 14TH ST,,,,0.00,N,Not at Intersection,N,Non-Junction,None,,,         ,Christopher,Dameron,Rain,Front to Rear,no,no,no,no,yes,False
101098542,METROPOLITAN NASHVILLE POLICE DEPT,20160109764,Davidson,Nashville,2/3/2016 12:00:00 AM,1,0,0,36.199900,-86.829970,CURTIS ST,,,,164.00,Feet,East,CURTIS HILL CT,,,,0.00,N,Not at Intersection, ,"Driveway, Alley Access, etc",None,,,         ,Kevin,Frei,Rain,Not Collision with Motor Vehicle in Transport,no,no,no,yes,no,False
101098546,METROPOLITAN NASHVILLE POLICE DEPT,20160109349,Davidson,Nashville,2/2/2016 12:00:00 AM,2,0,0,36.192950,-86.777460,I 65,,,,0.00,,,,,,,86.50,N,Not at Intersection,N,Non-Junction,None,,,         ,Eugene,Martino,Rain,"Sideswipe, Same Direction",no,no,no,no,yes,False
101098556,METROPOLITAN NASHVILLE POLICE DEPT,20160110033,Davidson,Nashville,2/3/2016 12:00:00 AM,1,0,0,36.211030,-86.850960,DRAKES BRANCH RD,,,,200.00,Feet,East,DRAKE WOOD LN,,,,0.00,N,Not at Intersection,N,Non-Junction,None,,,         ,Edin,Plancic,Cloudy,Not Collision with Motor Vehicle in Transport,no,no,no,no,yes,False
101098558,METROPOLITAN NASHVILLE POLICE DEPT,20160107572,Davidson,Nashville,2/2/2016 1:34:00 PM,2,0,0,36.079600,-86.726320,HARDING PL,,,,0.00,,,NOLENSVILLE PKE,,,,0.00,Y,Four-Way, ,Intersection-Related,None,,,         ,Nathan,Kemp,Clear,Front to Rear,no,no,no,no,no,False
101098573,METROPOLITAN NASHVILLE POLICE DEPT,20160106709,Davidson,Not in City Limit,2/2/2016 9:04:00 AM,2,0,0,36.263130,-86.712600,OLD HICKORY BLVDW,,,,0.00,Feet,,OLD TIME VILLAGE PVTDR,,,,0.00,Y,Four-Way,N,Intersection-Related,None,,,         ,Michelle,Steidl,Clear,Front to Rear,no,no,no,no,no,False
101098577,METROPOLITAN NASHVILLE POLICE DEPT,20160098356,Davidson,Not in City Limit,1/30/2016 1:30:00 PM,2,1,0,36.309030,-86.679090,GALLATIN PKEN,,,,735.00,Feet,East,RIVERCHASE BLVD,,,,0.00,N,Not at Intersection,N,Non-Junction,None,,,         ,Peter,Lynch,Clear,Angle,no,no,no,no,no,False
101098581,METROPOLITAN NASHVILLE POLICE DEPT,2016-0107652,Davidson,Nashville,2/2/2016 2:00:00 PM,2,0,0,36.153950,-86.857980,ROBERTSON AVE,,,,98.00,Feet,East,MIDLAND AVE,,,,0.00,N,Not at Intersection, ,Non-Junction,None,,,         ,Curtis,Rich,Cloudy,Angle,no,no,no,no,no,False
101098587,METROPOLITAN NASHVILLE POLICE DEPT,201601075527,Davidson,Nashville,2/2/2016 12:33:00 PM,2,0,0,36.161050,-86.811990,24TH AVE N,,,,5.00,Feet,North,BATAVIA ST,,,,0.00,N,Not at Intersection, ,,Work Zone,,,         ,Ernie,Wilson,,,no,no,no,no,no,False
101098604,METROPOLITAN NASHVILLE POLICE DEPT,20160110288,Davidson,Nashville,2/3/2016 6:32:00 AM,2,0,0,36.215250,-86.775400,I 65,,,,0.00,,,,,,,88.00,N,Not at Intersection, ,Non-Junction,Construction Zone,,,         ,Michael,McCord,Clear,Front to Rear,no,no,no,no,no,False
101098619,METROPOLITAN NASHVILLE POLICE DEPT,2016-0106352,Davidson,Nashville,2/2/2016 7:30:00 AM,4,0,0,36.187420,-86.773350,CLEVELAND ST,,,,0.00,,,US HWY 31W,,,,0.00,Y,Four-Way,N,Intersection,None,,,         ,Coleman,Womack,Cloudy,Front to Rear,no,no,no,no,yes,False
101098621,METROPOLITAN NASHVILLE POLICE DEPT,2016-0110421,Davidson,Nashville,2/3/2016 7:55:00 AM,2,0,0,36.119090,-86.809120,US HWY 431,,,,237.00,Feet,South,STOKES LN,,,,0.00,N,Not at Intersection, ,,None,,,         ,Curtis,Rich,,,no,no,no,no,no,False
101098627,VANDERBILT UNIVERSITY POLICE,16-0110268,Davidson,Nashville,2/3/2016 6:20:00 AM,2,0,0,36.141730,-86.806650,25TH AVS,,,,0.00,,,,,,,0.00,,, ,Non-Junction,None,,,         ,Martin,Hill,Cloudy,Front to Rear,no,no,no,no,no,Campus
101098629,METROPOLITAN NASHVILLE POLICE DEPT,20160110321,Davidson,Nashville,2/3/2016 7:15:00 AM,2,1,0,36.091970,-86.735510,NOLENSVILLE PKE,,,,239.00,Feet,North,YELTON CT,,,,0.00,N,Not at Intersection,N,Non-Junction,None,,,         ,Nathan,Kemp,Clear,Angle,no,no,no,no,no,False
101098630,METROPOLITAN NASHVILLE POLICE DEPT,20160109168,Davidson,Not in City Limit,2/2/2016 10:22:00 PM,2,1,0,36.323200,-86.861610,I 24,,,,0.00,,,,,,,35.30,N,Not at Intersection,N,Non-Junction,None,,,         ,Michael,Brooks,Rain,"Sideswipe, Same Direction",no,no,no,no,no,False
101098633,GOODLETTSVILLE POLICE DEPT,16-04302,Davidson,Goodlettsville,2/3/2016 7:55:00 AM,2,0,0,36.295013,-86.713570,GOLDIE,DR,,,0.00,,,HARDAWAY,DR,,,0.00,Y,Four-Way, ,Intersection-Related,None,,,         ,Jason,Ayers,Clear,Angle,no,no,no,no,no,False
101098639,METROPOLITAN NASHVILLE POLICE DEPT,2016-0110410,Davidson,Nashville,2/3/2016 7:47:00 AM,2,0,0,36.147200,-86.797100,19TH AVS,,,,0.00,,,GRAND AV,,,,0.00,Y,OTHER, ,,None,,,         ,Emily,Davies,,,no,no,no,no,no,Campus
101098646,METROPOLITAN NASHVILLE POLICE DEPT,2016-0110262,Davidson,Nashville,2/3/2016 6:38:00 AM,3,0,0,36.084750,-86.699120,I 24,,,,0.00,,,,,,,55.85,N,Not at Intersection,N,Non-Junction,None,,,         ,John,Neely,Clear,Front to Rear,no,no,no,no,yes,False
101098648,METROPOLITAN NASHVILLE POLICE DEPT,2016-0106557,Davidson,Nashville,2/2/2016 8:15:00 AM,1,0,0,36.186830,-86.765140,CLEVELAND ST,,,,237.00,Feet,West,LISCHEY AVE,,,,0.00,N,Not at Intersection, ,,None,,,         ,Coleman,Womack,,,no,no,no,yes,no,False
101098650,METROPOLITAN NASHVILLE POLICE DEPT,20160110441,Davidson,Nashville,2/3/2016 7:45:00 AM,2,1,0,36.043330,-86.843760,OLD HICKORY BLVD,,,,444.00,Feet,West,BALLEROY DR,,,,0.00,N,Not at Intersection,N,Non-Junction,None,,,         ,Andrew,Mullen,Clear,Front to Rear,no,no,no,no,no,False
101098658,METROPOLITAN NASHVILLE POLICE DEPT,2016-0106594,Davidson,Nashville,2/2/2016 8:10:00 AM,2,0,0,36.206150,-86.772620,US HWY 431,,,,478.00,Feet,West,LUCAS LN,,,,0.00,N,Not at Intersection, ,,None,,,         ,Coleman,Womack,,,no,no,no,no,no,False
101098662,METROPOLITAN NASHVILLE POLICE DEPT,20160110480,Davidson,Nashville,2/3/2016 8:05:00 AM,2,0,0,36.152920,-86.754990,I 40,,,,0.00,,,,,,,211.30,N,Not at Intersection,N,Non-Junction,None,,,         ,Frank,Campbell,Clear,"Sideswipe, Same Direction",no,no,no,no,yes,False
101098665,METROPOLITAN NASHVILLE POLICE DEPT,2016107622,Davidson,Nashville,2/2/2016 1:48:00 PM,2,1,0,36.144820,-86.711270,ELM HILL PKE,,,,69.00,Feet,West,MASSMAN DR,,,,0.00,N,Not at Intersection,N,Non-Junction,None,,,         ,Robert,Magner,Clear,Front to Rear,no,no,no,no,no,False
101098671,METROPOLITAN NASHVILLE POLICE DEPT,2016-0106303,Davidson,Nashville,2/2/2016 7:10:00 AM,2,1,0,36.187950,-86.607770,OLD LEBANON DIRT RD,,,,0.00,,,ANDREW JACKSON PKWY,,,,0.00,Y,Four-Way,N,Non-Junction,None,,,         ,Michael,Baker,Clear,Front to Rear,no,no,no,no,no,False
101098681,METROPOLITAN NASHVILLE POLICE DEPT,2016-0110564,Davidson,Nashville,2/3/2016 8:55:00 AM,2,0,0,36.136210,-86.876820,HILLWOOD BLVD,,,,0.00,,,FLEETWOOD DR,,,,0.00,Y,Four-Way,N,Intersection,None,,,         ,Curtis,Rich,Clear,Angle,no,no,no,no,no,False
101098683,METROPOLITAN NASHVILLE POLICE DEPT,20160110543,Davidson,Nashville,2/3/2016 7:45:00 AM,2,1,0,36.090960,-86.651100,MURFREESBORO PKE,,,,0.00,,,BOROWOOD DR,,,,0.00,Y,T-Intersection,Y,Intersection,None,,,         ,Jordan,Vrbas,Clear,Front to Rear,no,no,no,no,no,False
101098697,METROPOLITAN NASHVILLE POLICE DEPT,20160110483,Davidson,Nashville,2/3/2016 8:00:00 AM,2,2,0,36.166360,-86.764810,I 24,,,,0.00,,,,,,,49.00,N,Not at Intersection,N,Non-Junction,None,,,         ,Clint,Gilleland,Clear,Front to Rear,no,no,no,no,no,False
101098703,METROPOLITAN NASHVILLE POLICE DEPT,20160110546,Davidson,Nashville,2/3/2016 8:25:00 AM,2,0,0,36.029740,-86.637470,,,I62 1,,30.00,Feet,North,,,,,62.10,N,Not at Intersection, ,Non-Junction,None,,,         ,Julius,Gallon,Clear,Front to Rear,no,no,no,no,no,False
101098711,METROPOLITAN NASHVILLE POLICE DEPT,20160110479,Davidson,Nashville,2/3/2016 8:15:00 AM,2,0,0,36.209210,-86.777990,BRICK CHURCH PKE,,,,54.00,Feet,North,AVONDALE CIR,,,,0.00,N,Not at Intersection, ,Non-Junction,None,,,         ,Earnest,Fields,Clear,Angle,no,no,no,no,no,False
101098715,METROPOLITAN NASHVILLE POLICE DEPT,20160110345,Davidson,Nashville,2/3/2016 7:26:00 AM,2,0,0,36.129690,-86.714960,MURFREESBORO PKE,,,,106.00,Feet,West,MILLWOOD DR,,,,0.00,N,Not at Intersection,N,Non-Junction,None,,,         ,Todd,Watson,Clear,Front to Rear,no,no,no,no,no,False
101098716,METROPOLITAN NASHVILLE POLICE DEPT,20160110732,Davidson,Nashville,2/3/2016 9:19:00 AM,2,0,0,36.044750,-86.848100,OLD HICKORY BLVD,,,,199.00,Feet,West,WHITE SWANS CRSG,,,,0.00,N,Not at Intersection,N,Non-Junction,None,,,         ,Nathan,Kemp,Clear,Front to Rear,no,no,no,no,no,False
101098717,METROPOLITAN NASHVILLE POLICE DEPT,2016-0110267,Davidson,Not in City Limit,2/3/2016 6:25:00 AM,2,1,0,35.991200,-86.683480,BURKITT RD,,,,0.00,,,NOLENSVILLE PKE,,,,0.00,Y,T-Intersection,N,Intersection,None,,,         ,William,Whitworth,Clear,Front to Rear,no,no,no,no,no,False
101098722,METROPOLITAN NASHVILLE POLICE DEPT,20160110726,Davidson,Nashville,2/3/2016 9:45:00 AM,2,0,0,36.253250,-86.716760,EMMITT AVE,,,,0.00,,,US HWY 31E,,,,0.00,Y,Four-Way, ,Non-Junction,None,,,         ,Michael,Agee,Clear,Front to Rear,no,no,no,no,no,False
101098727,METROPOLITAN NASHVILLE POLICE DEPT,20160110665,Davidson,Nashville,2/3/2016 9:04:00 AM,2,0,0,36.049900,-86.649350,MOUNT VIEW RD,,,,0.00,,,STATE HWY 254,,,,0.00,Y,Four-Way, ,Intersection-Related,None,,,         ,Kenneth,Alexandrow,Clear,Angle,no,no,no,no,no,False
101098728,METROPOLITAN NASHVILLE POLICE DEPT,20160110539,Davidson,Nashville,2/3/2016 8:39:00 AM,3,1,0,36.114330,-86.772750,I 65,,,,0.00,,,,,,,80.10,N,Not at Intersection,N,Non-Junction,None,,,         ,Justin,Fox,Clear,Front to Rear,no,no,no,no,no,False
101098731,METROPOLITAN NASHVILLE POLICE DEPT,20160094482,Davidson,Nashville,1/29/2016 8:31:00 AM,2,0,0,36.228930,-86.780610,I 24,,,,0.00,,,,,,,44.25,N,Not at Intersection, ,Non-Junction,Construction Zone,,,         ,Earnest,Fields,Clear,"Sideswipe, Same Direction",no,no,no,no,no,False