master_record_number,agency,agency_tracking_number,county,city,collision_date,vehicles_involved,number_injured,number_dead,latitude,longitude,roadway_name,roadway_suffix,roadway_number,roadway_local_id,distance_from_reference,miles-feet_indicator,direction_from_reference,intersection_road_name,intersection_road_name_suffix,intersection_road_number,intersection_local_id,mile_marker,intersection_indicator,intersect_type,interchange_related_indicator,relation_to_junction,work_zone_type,construction_maintenance_zone,construction_maintenance_zone_location,fatal_case_number,officer_first_name,officer_last_name,weather_condition(s),manner_of_crash,pedestrian,bicycle,scooter,parking,hitrun,mou
101099135,METROPOLITAN NASHVILLE POLICE DEPT,20160111637,Davidson,Nashville,2/3/2016 2:59:00 PM,2,1,0,36.040590,-86.782800,I65 S EXT RAMP,,,,0.00,Feet,East,I 65,,,,0.00,N,Not at Intersection,Y,Entrance/Exit Ramp Related,None,,,         ,Miguel,Garcia,Clear,Angle,no,no,no,no,no,False
101099136,METROPOLITAN NASHVILLE POLICE DEPT,20160112046,Davidson,Nashville,2/3/2016 2:47:00 PM,1,0,0,36.044480,-86.717270,KNOLLS PL,,,,292.00,Feet,South,HICKORY PLZ,,,,0.00,N,Not at Intersection, ,Non-Junction,None,,,         ,Miguel,Garcia,Clear,Not Collision with Motor Vehicle in Transport,no,no,no,yes,yes,False
101099137,METROPOLITAN NASHVILLE POLICE DEPT,20160112474,Davidson,Nashville,2/3/2016 7:47:00 PM,2,0,0,36.155200,-86.852810,GEORGIA AVE,,,,0.00,,,MORROW RD,,,,0.00,Y,Four-Way, ,,None,,,         ,Shaun,Heath,,,no,no,no,no,no,False
101099142,METROPOLITAN NASHVILLE POLICE DEPT,20160112490,Davidson,Nashville,2/3/2016 6:34:00 PM,2,0,0,36.045100,-86.659880,I24 E EXT RAMP,,,,0.00,Feet,East,I 24,,,,0.00,N,Not at Intersection, ,Non-Junction,None,,,         ,William,Durham,Clear,"Sideswipe, Same Direction",no,no,no,no,no,False
101099146,METROPOLITAN NASHVILLE POLICE DEPT,20160111784,Davidson,Nashville,2/3/2016 4:05:00 PM,2,0,0,36.042300,-86.781700,I65 N ENT RAMP,,,,0.00,,,I 65,,,,0.00,Y,OTHER,N,Entrance/Exit Ramp Related,None,,,         ,Conner,Harris,Clear,"Sideswipe, Same Direction",no,no,no,no,yes,False
101099150,METROPOLITAN NASHVILLE POLICE DEPT,20160112372,Davidson,Madison,2/3/2016 8:00:00 PM,2,0,0,36.262470,-86.712110,US HWY 31E,,,,50.00,Feet,South,RAMP,,,,0.00,N,Not at Intersection, ,Non-Junction,None,,,         ,Jerry,Pirtle,Cloudy,Front to Rear,no,no,no,no,no,False
101099156,METROPOLITAN NASHVILLE POLICE DEPT,20160112088,Davidson,Nashville,2/3/2016 6:17:00 PM,2,0,0,36.169090,-86.682100,US HWY 70,,,,85.00,Feet,East,FAIRWAY DR,,,,0.00,N,Not at Intersection, ,,None,,,         ,Brian,Smith,,,no,no,no,no,no,False
101099157,METROPOLITAN NASHVILLE POLICE DEPT,20160112584,Davidson,Nashville,2/3/2016 8:25:00 PM,2,0,0,36.148630,-86.665460,ELM HILL PKE,,,,250.00,Feet,East,DONELSON PKE,,,,0.00,N,Not at Intersection,N,Non-Junction,None,,,         ,Bryan,Byrnes,Clear,Front to Rear,no,no,no,no,yes,False
101099159,METROPOLITAN NASHVILLE POLICE DEPT,20160112614,Davidson,Goodlettsville,2/3/2016 9:42:00 PM,2,0,0,36.285430,-86.706050,GALLATIN PKEN,,,,103.00,Feet,North,TENNYSON AV,,,,0.00,N,Not at Intersection,N,Non-Junction,None,,,         ,Carlos,Urrutia,Clear,"Sideswipe, Opposite Direction",no,no,no,no,yes,False
101099162,METROPOLITAN NASHVILLE POLICE DEPT,20160112357,Davidson,Nashville,2/3/2016 7:33:00 PM,2,0,0,36.195770,-86.775570,I 65,,,,0.00,,,,,,,86.60,N,Not at Intersection,N,Non-Junction,None,,,         ,Samuel,Miller,Clear,"Sideswipe, Same Direction",no,no,no,no,yes,False
101099174,METROPOLITAN NASHVILLE POLICE DEPT,20160112261,Davidson,Nashville,2/3/2016 7:30:00 PM,2,0,0,36.096980,-86.656900,MURFREESBORO PKE,,,,315.00,Feet,West,SMITH SPRINGS RD,,,,0.00,N,Not at Intersection,N,Non-Junction,None,,,         ,Thomas,Barnes,Clear,Angle,no,no,no,no,no,False
101099182,METROPOLITAN NASHVILLE POLICE DEPT,20160112526,Davidson,Nashville,2/3/2016 9:00:00 PM,4,0,0,36.163300,-86.616850,I 40,,,,0.00,,,,,,,219.85,N,Not at Intersection,N,Non-Junction,None,,,         ,Christopher,Mackey,Clear,Other,no,no,no,no,no,False
101099185,METROPOLITAN NASHVILLE POLICE DEPT,20160102580,Davidson,Nashville,2/1/2016 4:29:00 AM,2,1,0,36.164510,-86.781060,UNION ST,,,,0.00,,,5TH AVN,,,,0.00,Y,Four-Way,N,Intersection,None,,,         ,Carlos,angulo,Rain,Angle,no,no,no,no,no,False
101099190,METROPOLITAN NASHVILLE POLICE DEPT,20160112853,Davidson,Nashville,2/3/2016 11:22:00 PM,2,1,0,36.173590,-86.602150,CENTRAL PKE,,,,0.00,,,OLD HICKORY BLVD,,,,0.00,Y,Four-Way,N,Intersection-Related,None,,,         ,Tien,Nguyen,Clear,Angle,no,no,no,no,no,False
101099195,METROPOLITAN NASHVILLE POLICE DEPT,20160108265,Davidson,Nashville,2/2/2016 5:20:00 PM,1,0,0,36.118710,-86.727790,OLD GLENROSE AVE,,,,296.00,Feet,East,DODGE DR,,,,0.00,N,Not at Intersection,N,Non-Junction,None,,,         ,Michael,Russell,Rain,Not Collision with Motor Vehicle in Transport,yes,no,no,no,no,False
101099202,METROPOLITAN NASHVILLE POLICE DEPT,20160112989,Davidson,Nashville,2/4/2016 12:00:00 AM,2,0,0,36.209940,-86.775880,I 65,,,,0.00,,,,,,,87.60,N,Not at Intersection,N,Entrance/Exit Ramp Related,Work Zone,Laneclosure,Activity Area,         ,Joshua,Lefler,Clear,Angle,no,no,no,no,yes,False
101099226,METROPOLITAN NASHVILLE POLICE DEPT,20160112813,Davidson,Nashville,2/3/2016 10:50:00 PM,2,0,0,36.159810,-86.802560,19TH AVN,,,,125.00,Feet,South,JO JOHNSTON AV,,,,0.00,N,Not at Intersection,N,Non-Junction,None,,,         ,Kevin,Frei,Clear,"Sideswipe, Opposite Direction",no,no,no,no,no,False
101099231,METROPOLITAN NASHVILLE POLICE DEPT,20160113243,Davidson,Nashville,1/31/2016 1:50:00 AM,3,0,0,36.191920,-86.778230,I 65,,,,0.00,,,,,,,86.40,N,Not at Intersection,Y,Entrance/Exit Ramp Related,None,,,         ,Geoffrey,Daugherty,Clear,Front to Rear,no,no,no,no,no,False
101099232,METROPOLITAN NASHVILLE POLICE DEPT,20160113244,Davidson,Nashville,2/4/2016 2:49:00 AM,2,0,0,36.065750,-86.685880,I 24,,,,0.00,,,,,,,57.30,N,Not at Intersection, ,Non-Junction,None,,,         ,Kyle,Arndt,Clear,"Sideswipe, Same Direction",no,no,no,no,no,False
101099233,METROPOLITAN NASHVILLE POLICE DEPT,20160113278,Davidson,Nashville,2/4/2016 2:24:00 AM,2,0,0,36.048910,-86.665330,I 24,,,,0.00,,,,,,,59.00,N,Not at Intersection,N,Non-Junction,None,,,         ,Benjamin,Smith,Clear,Front to Rear,no,no,no,no,no,False
101099242,METROPOLITAN NASHVILLE POLICE DEPT,20160113507,Davidson,Nashville,2/4/2016 4:00:00 AM,1,0,0,36.238020,-86.804210,KNIGHT DR,,,,575.00,Feet,West,GREENS LN,,,,0.00,N,Not at Intersection, ,,None,,,         ,Edin,Plancic,,,no,no,no,yes,no,False
101099245,METROPOLITAN NASHVILLE POLICE DEPT,20160112888,Davidson,Not in City Limit,2/4/2016 12:00:00 AM,1,0,0,36.262740,-86.753770,TUCKAHOE DR,,,,965.00,Feet,West,WESTCHESTER DR,,,,0.00,N,Not at Intersection, ,Non-Junction,None,,,         ,Chad,Brown,Cloudy,Not Collision with Motor Vehicle in Transport,no,no,no,yes,no,False
101099257,METROPOLITAN NASHVILLE POLICE DEPT,20160113649,Davidson,Nashville,2/4/2016 5:05:00 AM,2,0,0,36.206720,-86.776460,I 65,,,,0.00,,,,,,,87.35,N,Not at Intersection,N,Non-Junction,Construction Zone,Lane Shift-Crossover,Termination Area,         ,Geoffrey,Daugherty,Clear,"Sideswipe, Same Direction",no,no,no,no,yes,False
101099274,METROPOLITAN NASHVILLE POLICE DEPT,20160097032,Davidson,Not in City Limit,1/30/2016 12:06:00 AM,3,3,0,36.089830,-86.940490,I 40,,,,0.00,,,,,,,197.40,N,Not at Intersection,N,Non-Junction,None,,,         ,Benjamin,Fisher,Clear,Angle,no,no,no,no,no,False
101099289,GOODLETTSVILLE POLICE DEPT,16-04446,Davidson,Goodlettsville,2/4/2016 6:55:00 AM,2,1,0,36.311726,-86.682495,VIETNAM VETERANS,BLVD,SR386,,0.25,Miles,East,CONFERENCE,DR,,,0.00,N,Not at Intersection,N,Non-Junction,None,,,         ,Jason,Ayers,Clear,"Sideswipe, Same Direction",no,no,no,no,no,False
101099290,METROPOLITAN NASHVILLE POLICE DEPT,20160113811,Davidson,Nashville,2/4/2016 6:46:00 AM,2,0,0,36.060330,-86.772250,I 65,,,,0.00,,,,,,,75.30,N,Not at Intersection,N,Non-Junction,None,,,         ,Nathan,Kemp,Clear,Front to Rear,no,no,no,no,no,False
101099302,METROPOLITAN NASHVILLE POLICE DEPT,20160111197,Davidson,Nashville,2/3/2016 12:45:00 PM,2,0,0,36.192880,-86.623830,JUAREZ DR,,,,0.00,,,LEBANON PKE,,,,0.00,Y,Four-Way,N,Intersection,None,,,         ,Wesley,Young,Clear,Angle,no,no,no,no,no,False
101099316,METROPOLITAN NASHVILLE POLICE DEPT,20160103158,Davidson,Nashville,2/1/2016 9:24:00 AM,2,0,0,36.150210,-86.780870,DIVISION ST,,,,0.00,,,9TH AVE S,,,,0.00,Y,T-Intersection,N,Non-Junction,None,,,         ,Daniel,Russett,Rain,Front to Rear,no,no,no,no,no,False
101099318,METROPOLITAN NASHVILLE POLICE DEPT,2016-0113982,Davidson,Not in City Limit,2/4/2016 8:00:00 AM,2,0,0,36.035650,-86.973780,MCCRORY LN,,,,400.00,Feet,South,NATCHEZ TRACE PKWY,,,,0.00,N,Not at Intersection, ,,None,,,         ,Curtis,Rich,,,no,no,no,no,no,False
101099319,METROPOLITAN NASHVILLE POLICE DEPT,20160113812,Davidson,Not in City Limit,2/4/2016 6:48:00 AM,2,1,0,36.015380,-86.705660,NOLENSVILLE PKE,,,,0.00,,,SUGAR VALLEY DR,,,,0.00,Y,T-Intersection,N,Intersection,None,,,         ,Andrew,Mullen,Clear,Angle,no,no,no,no,no,False
101099324,METROPOLITAN NASHVILLE POLICE DEPT,2016-0113877,Davidson,Nashville,2/4/2016 6:10:00 AM,2,0,0,36.158040,-86.800260,RAMP,,,,0.00,Feet,East,US HWY 70,,,,0.00,N,Not at Intersection,N,Non-Junction,None,,,         ,James,Jarvis,Clear,"Sideswipe, Same Direction",no,no,no,no,yes,False
101099326,METROPOLITAN NASHVILLE POLICE DEPT,20160113928,Davidson,Nashville,2/4/2016 7:37:00 AM,3,0,0,36.181910,-86.641680,JACKSON DOWNS BLVD,,,,0.00,,,DOWNEYMEADE DR,,,,0.00,Y,Four-Way, ,Intersection-Related,None,,,         ,Steven,Rowlett,Clear,Front to Rear,no,no,no,no,no,False
101099328,METROPOLITAN NASHVILLE POLICE DEPT,2016-0113969,Davidson,Nashville,2/4/2016 7:54:00 AM,2,0,0,36.139350,-86.819100,WEST END AV,,,,0.00,,,MURPHY RD,,,,0.00,Y,OTHER, ,,None,,,         ,Emily,Davies,,,no,no,no,no,no,False
101099329,METROPOLITAN NASHVILLE POLICE DEPT,20160110509,Davidson,Nashville,2/3/2016 8:25:00 AM,2,0,0,36.143740,-86.737910,I 40,,,,0.00,,,,,,,212.60,N,Not at Intersection, ,Non-Junction,None,,,         ,James,Curtis,Clear,"Sideswipe, Same Direction",no,no,no,no,no,False
101099330,METROPOLITAN NASHVILLE POLICE DEPT,20160110600,Davidson,Nashville,2/3/2016 9:01:00 AM,2,1,0,36.150380,-86.669300,ELM HILL PKE,,,,449.00,Feet,East,OLD ELM HILL PKE,,,,0.00,N,Not at Intersection,N,Non-Junction,None,,,         ,James,Curtis,Clear,Angle,yes,no,no,yes,no,False
101099331,GOODLETTSVILLE POLICE DEPT,16-04458,Davidson,Goodlettsville,2/4/2016 8:20:00 AM,2,0,0,36.309509,-86.695656,VIETNAM VETERANS W EXIT RAMP,,SR386,,0.00,,,CONFERENCE,DR,,,0.00,Y,OTHER, ,Entrance/Exit Ramp Related,None,,,         ,Jason,Ayers,Clear,Front to Rear,no,no,no,no,no,False
101099335,METROPOLITAN NASHVILLE POLICE DEPT,2016-0106894,Davidson,Nashville,2/2/2016 8:29:00 AM,3,0,0,36.160200,-86.622290,I 40,,,,0.00,,,,,,,219.45,N,Not at Intersection, ,Non-Junction,None,,,         ,Jeb,Johnston,Cloudy,Front to Rear,no,no,no,no,no,False
101099339,METROPOLITAN NASHVILLE POLICE DEPT,2016-0113858,Davidson,Nashville,2/4/2016 7:10:00 AM,2,0,0,36.188300,-86.796840,DOMINICAN DR,,,,0.00,,,FRENCH LANDING DR,,,,0.00,Y,Four-Way, ,,None,,,         ,Darryl,Morton,,,no,no,no,no,no,False
101099343,METROPOLITAN NASHVILLE POLICE DEPT,20160114020,Davidson,Nashville,2/4/2016 8:02:00 AM,2,1,0,36.211450,-86.838810,US HWY 41 ALT,,,,165.00,Feet,North,FAIRVIEW DR,,,,0.00,N,Not at Intersection,N,Non-Junction,None,,,         ,Michael,McCord,Clear,Front to Rear,no,no,no,no,no,False
101099346,METROPOLITAN NASHVILLE POLICE DEPT,20160111299,Davidson,Madison,2/3/2016 1:24:00 PM,2,0,0,36.270620,-86.694820,MAY DR,,,,347.00,Feet,North,ROOSEVELT AV,,,,0.00,N,Not at Intersection,N,Non-Junction,None,,,         ,Ashley,Coon,Clear,Front to Rear,no,no,no,no,yes,False
101099347,METROPOLITAN NASHVILLE POLICE DEPT,20160113957,Davidson,Nashville,2/4/2016 7:50:00 AM,2,1,0,36.045150,-86.659920,EXIT 59,,,,0.00,,,I 24,,,,0.00,Y,T-Intersection,Y,Non-Junction,None,,,         ,Thomas,White,Clear,"Sideswipe, Same Direction",no,no,no,no,no,False
101099349,METROPOLITAN NASHVILLE POLICE DEPT,2016-0107427,Davidson,Nashville,2/2/2016 12:54:00 PM,2,0,0,36.147610,-86.744220,I 40,,,,0.00,,,,,,,212.00,N,Not at Intersection, ,Non-Junction,None,,,         ,Jeb,Johnston,Cloudy,"Sideswipe, Same Direction",no,no,no,no,no,False
101099354,METROPOLITAN NASHVILLE POLICE DEPT,20160110974,Davidson,Nashville,2/3/2016 11:19:00 AM,2,1,0,36.149370,-86.804990,23RD AVE N,,,,238.00,Feet,North,US HWY 70S,,,,0.00,N,Not at Intersection,N,Non-Junction,None,,,         ,Darrell,Osment,Clear,Angle,no,no,no,no,no,Campus
101099359,METROPOLITAN NASHVILLE POLICE DEPT,2016-0114125,Davidson,Nashville,2/4/2016 8:50:00 AM,2,0,0,36.097930,-86.822790,US HWY 431,,,,227.00,Feet,East,BURTON HILLS BLVD,,,,0.00,N,Not at Intersection, ,,None,,,         ,Curtis,Rich,,,no,no,no,no,no,False
101099364,METROPOLITAN NASHVILLE POLICE DEPT,20160114080,Davidson,Antioch,2/4/2016 8:25:00 AM,2,0,0,36.058390,-86.597350,HOBSON PIKE,,,,0.00,,,,,,,0.00,,, ,Intersection-Related,None,,,         ,Kenneth,Alexandrow,Clear,Front to Rear,no,no,no,no,no,False
101099365,METROPOLITAN NASHVILLE POLICE DEPT,20160114136,Davidson,Nashville,2/4/2016 8:48:00 AM,2,2,0,36.109130,-86.769690,I 65,,,,0.00,,,,,,,79.70,N,Not at Intersection,N,Non-Junction,None,,,         ,Nathan,Kemp,Clear,Front to Rear,no,no,no,no,no,False
101099371,METROPOLITAN NASHVILLE POLICE DEPT,20160113971,Davidson,Nashville,2/4/2016 7:53:00 AM,3,0,0,36.216060,-86.837670,CLARKSVILLE PKE,,,,618.00,Feet,North,CEDAR CIR,,,,0.00,N,Not at Intersection,N,Non-Junction,None,,,         ,Earnest,Fields,Clear,Front to Rear,no,no,no,no,no,False
101099374,METROPOLITAN NASHVILLE POLICE DEPT,20160114119,Davidson,Nashville,2/4/2016 8:17:00 AM,2,0,0,36.226420,-86.774060,I 65,,,,0.00,,,,,,,88.70,N,Not at Intersection, ,,Construction Zone,,,         ,Joshua,Borum,,,no,no,no,no,no,False
101099375,METROPOLITAN NASHVILLE POLICE DEPT,20160114155,Davidson,Nashville,2/4/2016 8:40:00 AM,2,0,0,36.124410,-86.737170,I 440,,,,0.00,,,,,,,7.00,N,Not at Intersection, ,Non-Junction,None,,,         ,Todd,Watson,Clear,Front to Rear,no,no,no,no,no,False
101099380,METROPOLITAN NASHVILLE POLICE DEPT,20160114194,Davidson,Nashville,2/4/2016 9:00:00 AM,2,0,0,36.160110,-86.787150,CHURCH ST,,,,782.00,Feet,West,MCLEMORE ST,,,,0.00,N,Not at Intersection,N,Non-Junction,None,,,         ,Michael,Johnson,Clear,Angle,no,no,no,no,no,False
101099389,VANDERBILT UNIVERSITY POLICE,16-0114128,Davidson,Nashville,2/4/2016 7:50:00 AM,2,0,0,36.108500,-86.762960,POWELL AV,,,,20.00,Feet,North,POWELL PL,,,,0.00,N,Not at Intersection, ,Non-Junction,None,,,         ,Donald,Clark,Clear,"Sideswipe, Same Direction",no,no,no,yes,no,OHO
101099390,METROPOLITAN NASHVILLE POLICE DEPT,20160113924,Davidson,Nashville,2/4/2016 7:30:00 AM,2,0,0,36.081990,-86.761770,I65 N EXT RAMP,,,,0.00,,,SIDCO DR,,,,0.00,Y,Four-Way, ,Entrance/Exit Ramp Related,None,,,         ,Roy,Sain Jr.,Clear,Front to Rear,no,no,no,no,no,False
101099391,METROPOLITAN NASHVILLE POLICE DEPT,20160114278,Davidson,Nashville,2/4/2016 9:33:00 AM,2,0,0,36.100050,-86.707820,SPACE PARK SOUTH DR,,,,0.00,,,,,,,0.00,,,N,Non-Junction,None,,,         ,Roy,McElwee,Clear,Other,no,no,no,yes,yes,False
101099392,METROPOLITAN NASHVILLE POLICE DEPT,2016-0113912,Davidson,Antioch,2/4/2016 12:00:00 AM,1,0,0,0.000000,0.000000,TEA GARDEN WAY,,,,60.00,Feet,South,LIPTON PLACE,PL,,,0.00,N,Not at Intersection,N,Non-Junction,None,,,         ,William,Whitworth,Clear,Not Collision with Motor Vehicle in Transport,no,no,no,no,yes,False
101099397,METROPOLITAN NASHVILLE POLICE DEPT,20160114062,Davidson,Nashville,2/4/2016 8:00:00 AM,3,0,0,36.244180,-86.747520,I 65,,,,0.00,,,,,,,90.70,N,Not at Intersection,N,Non-Junction,None,,,         ,Darrien,Spann,Clear,Front to Rear,no,no,no,no,no,False
101099406,METROPOLITAN NASHVILLE POLICE DEPT,2016-0114310,Davidson,Nashville,2/4/2016 9:51:00 AM,1,0,0,36.084920,-86.647720,MURFREESBORO PKE,,,,485.00,Feet,North,BROOKSBORO PL,,,,0.00,N,Not at Intersection, ,Non-Junction,None,,,         ,Jeb,Johnston,Cloudy,Not Collision with Motor Vehicle in Transport,no,no,no,no,no,False
101099410,VANDERBILT UNIVERSITY POLICE,16-0111055,Davidson,Nashville,2/3/2016 11:00:00 AM,2,0,0,36.139000,-86.804210,CHILDRENS WAY,,,,342.00,Feet,West,23RD AVS,,,,0.00,N,Not at Intersection, ,OtherLocation,None,,,         ,Anthony,Jones,Clear,Angle,no,no,no,yes,no,Campus
101099411,METROPOLITAN NASHVILLE POLICE DEPT,2016-0108287,Davidson,Nashville,2/2/2016 12:00:00 AM,2,0,0,36.120180,-86.815580,STERLING RD,,,,90.00,Feet,West,23RD AVS,,,,0.00,N,Not at Intersection,N,Non-Junction,None,,,         ,Walter,Gray II,Unknown,"Sideswipe, Same Direction",no,no,no,no,yes,False
101099412,METROPOLITAN NASHVILLE POLICE DEPT,2016-0114249,Davidson,Nashville,2/4/2016 9:34:00 AM,3,0,0,36.125170,-86.847380,HARDING PKE,,,,100.00,Feet,East,WOODMONT BLVD,,,,0.00,N,Not at Intersection,N,Non-Junction,None,,,         ,Walter,Gray II,Cloudy,Front to Rear,no,no,no,no,no,False
101099437,METROPOLITAN NASHVILLE POLICE DEPT,2016-0114454,Davidson,Nashville,2/4/2016 10:30:00 AM,2,0,0,36.158040,-86.800260,RAMP,,,,0.00,,East,US HWY 70,,,,0.00,N,Not at Intersection, ,,None,,,         ,James,Jarvis,,,no,no,no,no,no,False
101099441,METROPOLITAN NASHVILLE POLICE DEPT,20160114396,Davidson,Nashville,2/4/2016 10:47:00 AM,2,0,0,36.104630,-86.669350,MURFREESBORO PKE,,,,321.00,Feet,West,OLD MURFREESBORO PKE,,,,0.00,N,Not at Intersection, ,Non-Junction,None,,,         ,Jessie,Meadows,Clear,"Sideswipe, Same Direction",no,no,no,no,no,False
101099451,METROPOLITAN NASHVILLE POLICE DEPT,20160113861,Davidson,Nashville,2/4/2016 7:06:00 AM,2,0,0,36.207950,-86.777740,-- UNKNOWN RAMP/ROAD --,,,,0.00,,,BRICK CHURCH PIKE,,,,0.00,Y,OTHER,N,Non-Junction,None,,,         ,James,Wray,Clear,"Sideswipe, Same Direction",no,no,no,no,no,False
101099467,METROPOLITAN NASHVILLE POLICE DEPT,20160114532,Davidson,Nashville,2/4/2016 11:37:00 AM,2,0,0,36.164810,-86.782640,DEADERICK ST,,,,50.00,Feet,East,6TH AVE N,,,,0.00,N,Not at Intersection, ,Non-Junction,None,,,         ,Michael,Johnson,Clear,Front to Rear,no,no,no,no,no,False
101099469,VANDERBILT UNIVERSITY POLICE,16-0114474,Davidson,Nashville,2/4/2016 10:45:00 AM,2,0,0,36.140040,-86.804750,PIERCE AV,,,,116.00,Feet,East,24TH AVS,,,,0.00,N,Not at Intersection, ,,None,,,         ,Brent,Clark,,,no,no,no,no,no,Campus
101099470,METROPOLITAN NASHVILLE POLICE DEPT,20160114325,Davidson,Nashville,2/4/2016 12:00:00 AM,2,2,0,36.154740,-86.818470,28TH AVN,,,,85.00,Feet,South,FELICIA ST,,,,0.00,N,Not at Intersection,N,Non-Junction,None,,,         ,Isaac,Wood,Clear,Front to Rear,no,no,no,no,no,False
101099473,METROPOLITAN NASHVILLE POLICE DEPT,20160114612,Davidson,Nashville,2/4/2016 11:52:00 AM,2,1,0,36.153600,-86.788370,DEMONBREUN ST,,,,0.00,,,I40 E ENT RAMP,,,,0.00,Y,Four-Way,N,Intersection,None,,,         ,Nathan,Kemp,Clear,Front to Rear,no,no,no,no,no,False
101099474,METROPOLITAN NASHVILLE POLICE DEPT,2016-0114584,Davidson,Nashville,2/4/2016 11:49:00 AM,3,0,0,36.121140,-86.807630,US HWY 431,,,,166.00,Feet,South,SHARON HILL CIR,,,,0.00,N,Not at Intersection,N,Non-Junction,None,,,         ,Curtis,Rich,Clear,Front to Rear,no,no,no,no,no,False
101099475,METROPOLITAN NASHVILLE POLICE DEPT,20160114578,Davidson,Nashville,2/4/2016 11:30:00 AM,1,0,0,36.094230,-86.736680,NOLENSVILLE PKE,,,,313.00,Feet,North,NATCHEZ CT,,,,0.00,N,Not at Intersection,N,Non-Junction,None,,,         ,Todd,Watson,Clear,Not Collision with Motor Vehicle in Transport,no,no,no,no,no,False
101099478,METROPOLITAN NASHVILLE POLICE DEPT,2016-0113788,Davidson,Nashville,2/4/2016 6:25:00 AM,2,0,0,36.154310,-86.777790,PEABODY ST,,,,0.00,,,7TH AVS,,,,0.00,Y,Y-Intersection,N,Intersection,None,,,         ,Paul,Sorace,Clear,Front to Rear,no,no,no,no,no,False
101099480,METROPOLITAN NASHVILLE POLICE DEPT,20160114174,Davidson,Nashville,2/4/2016 9:39:00 AM,2,0,0,36.167890,-86.777960,PUBLIC SQ,,,,0.00,Feet,,JAMES ROBERTSON PKWY,,,,0.00,Y,T-Intersection, ,,None,,,         ,Michael,Richardson,,,no,no,no,no,no,False
101099483,METROPOLITAN NASHVILLE POLICE DEPT,20160114545,Davidson,Nashville,2/4/2016 11:27:00 AM,2,1,0,36.150720,-86.771510,MULBERRY ST,,,,151.00,Feet,East,5TH AVS,,,,0.00,N,Not at Intersection,N,Non-Junction,None,,,         ,Julie,Nabors,Clear,Angle,no,no,no,no,no,False
101099488,METROPOLITAN NASHVILLE POLICE DEPT,20160114088,Davidson,Nashville,2/4/2016 11:03:00 AM,2,0,0,36.170420,-86.805770,I 40,,,,0.00,,,,,,,207.35,N,Not at Intersection,N,Non-Junction,None,,,         ,Nathan,Mayo,Clear,Front to Rear,no,no,no,no,no,False
101099497,METROPOLITAN NASHVILLE POLICE DEPT,2016-0114646,Davidson,Nashville,2/4/2016 11:50:00 AM,2,0,0,36.077090,-86.725560,NOLENSVILLE PKE,,,,0.00,,,WALLACE RD,,,,0.00,Y,Four-Way, ,,None,,,         ,William,Whitworth,,,no,no,no,no,no,False
101099498,METROPOLITAN NASHVILLE POLICE DEPT,20160114729,Davidson,Nashville,2/4/2016 12:27:00 PM,2,0,0,36.154710,-86.773120,LEA AV,,,,0.00,,,4TH AVS,,,,0.00,Y,Four-Way,N,Intersection-Related,None,,,         ,Shawn,Taylor,Clear,Front to Rear,no,no,no,no,yes,False
101099500,VANDERBILT UNIVERSITY POLICE,16-0114679,Davidson,Nashville,2/4/2016 11:45:00 AM,2,0,0,36.142600,-86.800430,MEDICAL CENTER DR,,,,0.00,,,,,,,0.00,,, ,,None,,,         ,Samuel,McClain,,,no,no,no,yes,no,Campus
101099502,METROPOLITAN NASHVILLE POLICE DEPT,20160114737,Davidson,Nashville,2/4/2016 12:52:00 PM,2,0,0,36.081710,-86.713500,HARDING PL,,,,49.00,Feet,East,WHISPERING OAKS PL,,,,0.00,N,Not at Intersection,N,Non-Junction,None,,,         ,Jessie,Meadows,Clear,Angle,no,no,no,no,no,False
101099503,METROPOLITAN NASHVILLE POLICE DEPT,2016-0111006,Davidson,Nashville,2/3/2016 12:00:00 AM,2,0,0,36.193650,-86.831200,US HWY 41 ALT,,,,0.00,,,BUENA VISTA PIKE,,,,0.00,Y,Four-Way,N,Non-Junction,None,,,         ,William,Caillouette,Clear,Unknown,no,no,no,yes,yes,False
101099504,VANDERBILT UNIVERSITY POLICE,116-0114552,Davidson,Nashville,2/4/2016 11:30:00 AM,2,0,0,36.139130,-86.802680,CHILDRENS WAY,,,,0.00,,,,,,,0.00,,Not at Intersection, ,,None,,,         ,Yasemine,Lomax,,,no,no,no,yes,no,Campus
101099511,METROPOLITAN NASHVILLE POLICE DEPT,20160114652,Davidson,Nashville,2/4/2016 11:45:00 AM,2,0,0,36.175270,-86.792660,MONROE ST,,,,0.00,,,ROSA L PARKS BLVD,,,,0.00,Y,Four-Way,N,Intersection,None,,,         ,Caleb,Foster,Clear,Angle,no,no,no,no,no,False
101099523,METROPOLITAN NASHVILLE POLICE DEPT,20160113875,Davidson,Nashville,2/4/2016 7:12:00 AM,2,0,0,36.263260,-86.757820,WESTCHESTER DR,,,,160.00,Feet,West,DICKERSON PKE,,,,0.00,N,Not at Intersection, ,Non-Junction,None,,,         ,Peter,Lynch,Clear,Angle,no,no,no,no,no,False
101099535,METROPOLITAN NASHVILLE POLICE DEPT,20160112417,Davidson,Nashville,2/3/2016 8:00:00 PM,2,0,0,36.100820,-86.712060,I 24,,,,0.00,,,,,,,54.50,N,Not at Intersection, ,Non-Junction,None,,,         ,Darryl,Williams,Clear,Front to Rear,no,no,no,no,no,False