master_record_number,agency,agency_tracking_number,county,city,collision_date,vehicles_involved,number_injured,number_dead,latitude,longitude,roadway_name,roadway_suffix,roadway_number,roadway_local_id,distance_from_reference,miles-feet_indicator,direction_from_reference,intersection_road_name,intersection_road_name_suffix,intersection_road_number,intersection_local_id,mile_marker,intersection_indicator,intersect_type,interchange_related_indicator,relation_to_junction,work_zone_type,construction_maintenance_zone,construction_maintenance_zone_location,fatal_case_number,officer_first_name,officer_last_name,weather_condition(s),manner_of_crash,pedestrian,bicycle,scooter,parking,hitrun,mou
101099545,METROPOLITAN NASHVILLE POLICE DEPT,20160114947,Davidson,Nashville,2/4/2016 1:49:00 PM,2,0,0,36.153300,-86.772180,ELM ST,,,,0.00,,,4TH AVS,,,,0.00,Y,Four-Way, ,Intersection,None,,,         ,Shawn,Taylor,Clear,"Sideswipe, Same Direction",no,no,no,no,no,False
101099548,METROPOLITAN NASHVILLE POLICE DEPT,20160113902,Davidson,Madison,2/4/2016 7:25:00 AM,2,0,0,36.263690,-86.718060,OLD HICKORY BLVDW,,,,84.00,Feet,West,GIBSON DR,,,,0.00,N,Not at Intersection, ,Non-Junction,None,,,         ,Jack,Crouch,Clear,Front to Rear,no,no,no,no,no,False
101099550,METROPOLITAN NASHVILLE POLICE DEPT,20160114676,Davidson,Nashville,2/4/2016 12:00:00 PM,2,0,0,36.174680,-86.783210,2ND AVN,,,,101.00,Feet,South,JACKSON ST RAMP,,,,0.00,N,Not at Intersection,N,Non-Junction,None,,,         ,Wesley,Henderson,Clear,"Sideswipe, Same Direction",no,no,no,yes,yes,False
101099552,METROPOLITAN NASHVILLE POLICE DEPT,2016-0114780,Davidson,Not in City Limit,2/4/2016 12:51:00 PM,1,1,0,36.306580,-86.861600,US HWY 431,,,,2542.00,Feet,South,BEAR HOLLOW RD,,,,0.00,N,Not at Intersection,N,Non-Junction,None,,,         ,William,Caillouette,Clear,Not Collision with Motor Vehicle in Transport,no,no,no,no,no,False
101099599,METROPOLITAN NASHVILLE POLICE DEPT,20160115029,Davidson,Nashville,2/4/2016 2:22:00 PM,2,0,0,36.153270,-86.769560,2ND AVS,,,,0.00,,,ASH ST,,,,0.00,Y,T-Intersection, ,Intersection,None,,,         ,Shawn,Taylor,Clear,Angle,no,no,no,no,no,False
101099618,METROPOLITAN NASHVILLE POLICE DEPT,20160115086,Davidson,Nashville,2/4/2016 2:51:00 PM,1,1,0,36.139080,-86.805070,CHILDRENS WAY,,,,0.00,,,24TH AVS,,,,0.00,Y,Four-Way,N,Intersection-Related,None,,,         ,Tien,Nguyen,Clear,Not Collision with Motor Vehicle in Transport,yes,no,no,no,no,Campus
101099622,METROPOLITAN NASHVILLE POLICE DEPT,20160115109,Davidson,Nashville,2/4/2016 2:11:00 PM,2,0,0,36.164670,-86.663790,STATE HWY 255,,,,0.00,,,BLUEFIELD AVE,,,,0.00,Y,T-Intersection, ,Intersection-Related,None,,,         ,Felipe,Pereira,Clear,Front to Rear,no,no,no,no,no,False
101099634,GOODLETTSVILLE POLICE DEPT,16-04498,Davidson,Goodlettsville,2/4/2016 1:20:00 PM,2,0,0,36.304840,-86.702580,RIVERGATE,PKWY,,,150.00,Feet,East,RIVERGATE,DR,,,0.00,N,Not at Intersection,N,Non-Junction,None,,,         ,Charles,Hauskin,Clear,Front to Rear,no,no,no,no,no,False
101099636,METROPOLITAN NASHVILLE POLICE DEPT,20160115179,Davidson,Nashville,2/4/2016 3:16:00 PM,1,0,0,36.111260,-86.771000,STATE HWY 155,,,,0.00,,,-- UNKNOWN RAMP/ROAD --,,,,0.00,Y,OTHER,N,OtherLocation,None,,,         ,Megan,Lamon,Clear,Not Collision with Motor Vehicle in Transport,no,no,no,yes,yes,False
101099644,METROPOLITAN NASHVILLE POLICE DEPT,20160115276,Davidson,Nashville,2/4/2016 3:31:00 PM,2,0,0,36.150910,-86.770160,I 40,,,,0.00,,,,,,,210.40,N,Not at Intersection,N,Non-Junction,None,,,         ,Tien,Nguyen,Clear,"Sideswipe, Same Direction",no,no,no,no,yes,False
101099645,METROPOLITAN NASHVILLE POLICE DEPT,20160115098,Davidson,Nashville,2/4/2016 12:00:00 AM,2,0,0,36.146030,-86.792660,16TH AVS,,,,100.00,Feet,South,MUSIC SQE,,,,0.00,N,Not at Intersection,N,Non-Junction,None,,,         ,Maria,Cortez,Clear,Angle,no,no,no,yes,yes,False
101099658,METROPOLITAN NASHVILLE POLICE DEPT,20160115238,Davidson,Nashville,2/4/2016 4:16:00 PM,2,0,0,36.094610,-86.653590,MURFREESBORO PKE,,,,88.00,Feet,North,FRANKLIN LIMESTONE RD,,,,0.00,N,Not at Intersection, ,Non-Junction,None,,,         ,Jessie,Meadows,Clear,Front to Rear,no,no,no,no,no,False
101099663,VANDERBILT UNIVERSITY POLICE,16-0115053,Davidson,Nashville,2/4/2016 3:00:00 PM,2,0,0,36.145000,-86.812450,WEST END AV,,,,0.00,,,28TH AVN,,,,0.00,Y,T-Intersection,N,Non-Junction,None,,,         ,Patrick,Conwell,Clear,Front to Rear,no,no,no,no,yes,Campus
101099675,METROPOLITAN NASHVILLE POLICE DEPT,20160115369,Davidson,Nashville,2/4/2016 4:12:00 PM,2,0,0,36.236960,-86.769860,QUALYNN DR,,,,172.00,Feet,South,VAILVIEW DR,,,,0.00,N,Not at Intersection, ,Non-Junction,None,,,         ,Samuel,Miller,Clear,Rear to Side,no,no,no,no,no,False
101099676,METROPOLITAN NASHVILLE POLICE DEPT,20160115391,Davidson,Nashville,2/4/2016 3:45:00 PM,2,0,0,36.120010,-86.766190,I 440,,,,0.00,,,,,,,5.40,N,Not at Intersection, ,Non-Junction,None,,,         ,Conner,Harris,Clear,"Sideswipe, Same Direction",no,no,no,no,no,False
101099680,BERRY HILL POLICE DEPT,16-0429,Davidson,Nashville,2/3/2016 4:14:00 PM,4,0,0,36.110490,-86.783650,WOODMONT BLVD,,,,0.00,,,GENERAL BATE DR,,,,0.00,Y,T-Intersection, ,Intersection-Related,None,,,         ,John,Gleixner,Clear,Front to Rear,no,no,no,no,no,False
101099682,METROPOLITAN NASHVILLE POLICE DEPT,20160112514,Davidson,Nashville,2/3/2016 8:36:00 PM,2,0,0,36.045020,-86.659260,STATE HWY 254,,,,127.00,Feet,East,-- UNKNOWN RAMP/ROAD --,,,,0.00,N,Not at Intersection, ,Non-Junction,None,,,         ,Joseph,Progar,Clear,Angle,no,no,no,no,no,False
101099693,METROPOLITAN NASHVILLE POLICE DEPT,20160115292,Davidson,Nashville,2/4/2016 3:50:00 PM,2,0,0,36.140750,-86.778560,8TH AVS,,,,0.00,,,VERNON AV,,,,0.00,Y,OTHER, ,,None,,,         ,Conner,Harris,,,no,no,no,no,no,False
101099694,METROPOLITAN NASHVILLE POLICE DEPT,20160115515,Davidson,Nashville,2/4/2016 4:51:00 PM,2,1,0,36.134550,-86.820330,I440 E ENT RAMP,,,,0.00,,,I 440,,,,0.00,Y,T-Intersection,N,Entrance/Exit Ramp Related,None,,,         ,Tien,Nguyen,Clear,Front to Rear,no,no,no,no,no,False
101099703,METROPOLITAN NASHVILLE POLICE DEPT,20160115334,Davidson,Nashville,2/4/2016 12:35:00 PM,2,0,0,36.198610,-86.730380,PENNINGTON AV,,,,90.00,Feet,South,ANN ST,,,,0.00,N,Not at Intersection, ,Non-Junction,None,,,         ,Whitney,Arnold,Clear,Front to Rear,no,no,no,no,yes,False
101099720,METROPOLITAN NASHVILLE POLICE DEPT,20160115696,Davidson,Nashville,2/4/2016 5:48:00 PM,2,0,0,36.147920,-86.806470,24TH AVS,,,,0.00,,,WEST END AV,,,,0.00,Y,Four-Way, ,Intersection-Related,None,,,         ,Tien,Nguyen,Clear,"Sideswipe, Same Direction",no,no,no,no,no,Campus
101099721,METROPOLITAN NASHVILLE POLICE DEPT,20160115541,Davidson,Nashville,2/4/2016 4:44:00 PM,3,0,0,36.127250,-86.803810,21ST AVS,,,,100.00,Feet,North,BEECHWOOD AV,,,,0.00,N,Not at Intersection,N,Non-Junction,None,,,         ,Charles,Griffin,Clear,Front to Rear,no,no,no,no,yes,False
101099723,METROPOLITAN NASHVILLE POLICE DEPT,20160115533,Davidson,Nashville,2/4/2016 4:45:00 PM,2,0,0,36.153290,-86.787890,I 40,,,,0.00,,,,,,,209.35,N,Not at Intersection, ,Non-Junction,None,,,         ,Maria,Cortez,Clear,Angle,no,no,no,no,no,False
101099731,METROPOLITAN NASHVILLE POLICE DEPT,2016-0114421,Davidson,Nashville,2/4/2016 10:18:00 AM,2,0,0,36.094300,-86.743460,KEYSTONE AVE,,,,0.00,,,,,,,0.00,,,N,Non-Junction,None,,,         ,Allen,Bates,Clear,Angle,no,no,no,yes,yes,False
101099743,METROPOLITAN NASHVILLE POLICE DEPT,20160115335,Davidson,Nashville,2/4/2016 4:04:00 PM,2,0,0,36.167150,-86.779610,3RD AVN,,,,0.00,,,JAMES ROBERTSON PKWY,,,,0.00,Y,Four-Way, ,,None,,,         ,Caleb,Rogan,,,no,no,no,no,no,False
101099744,METROPOLITAN NASHVILLE POLICE DEPT,20160115864,Davidson,Nashville,2/4/2016 6:34:00 PM,2,0,0,36.151670,-86.752330,I 40,,,,0.00,,,,,,,211.45,N,Not at Intersection, ,Non-Junction,None,,,         ,Leslie,Hale,Clear,Front to Rear,no,no,no,no,no,False
101099745,METROPOLITAN NASHVILLE POLICE DEPT,20160115549,Davidson,Nashville,2/4/2016 5:00:00 PM,2,0,0,36.168550,-86.788320,US HWY 41 ALT,,,,0.00,,,HARRISON ST,,,,0.00,Y,Four-Way,N,Intersection,None,,,         ,Michael,Baron,Clear,Angle,no,no,no,no,no,False
101099749,VANDERBILT UNIVERSITY POLICE,16-0115363,Davidson,Nashville,2/4/2016 3:30:00 PM,1,0,0,36.144600,-86.808880,KENSINGTON PL,,,,0.00,,,,,,,0.00,,, ,,None,,,         ,Errikka,Wilbourn,,,no,no,no,yes,no,Campus
101099751,METROPOLITAN NASHVILLE POLICE DEPT,20160115601,Davidson,Nashville,2/4/2016 5:13:00 PM,2,0,0,36.154770,-86.779420,US HWY 41,,,,0.00,,,US HWY 31,,,,0.00,Y,Roundabout,Y,Intersection,None,,,         ,Joshua,Hollins,Clear,Angle,no,no,no,no,yes,False
101099753,METROPOLITAN NASHVILLE POLICE DEPT,2016-0115873,Davidson,Nashville,2/4/2016 6:09:00 PM,2,0,0,36.151070,-86.854100,CHARLOTTE AV,,,,0.00,,,RICHLAND CREEK SHOPPING CENTER,,,,0.00,Y,OTHER, ,Non-Junction,None,,,         ,Ryan,Allen,Clear,"Sideswipe, Same Direction",no,no,no,no,no,False
101099754,METROPOLITAN NASHVILLE POLICE DEPT,20160115832,Davidson,Goodlettsville,2/4/2016 6:11:00 PM,2,0,0,36.292350,-86.720290,I 65,,,,0.00,,,,,,,94.45,N,Not at Intersection,N,Non-Junction,None,,,         ,Samuel,Miller,Clear,Front to Rear,no,no,no,no,yes,False
101099761,METROPOLITAN NASHVILLE POLICE DEPT,20160112462,Davidson,Nashville,2/3/2016 8:07:00 PM,2,0,0,36.112750,-86.723900,EXIT 54,,,,0.00,,,I 24,,,,0.00,Y,OTHER, ,Entrance/Exit Ramp Related,None,,,         ,Darryl,Williams,Clear,Front to Rear,no,no,no,no,no,False
101099773,METROPOLITAN NASHVILLE POLICE DEPT,20160115543,Davidson,Nashville,2/4/2016 4:50:00 PM,2,0,0,36.154520,-86.627680,EXIT 219,,,,0.00,Feet,East,-- UNKNOWN RAMP/ROAD --,,,,0.00,N,Not at Intersection, ,,None,,,         ,Marcus,Mitchell,,,no,no,no,no,no,False
101099776,METROPOLITAN NASHVILLE POLICE DEPT,20160101260,Davidson,Nashville,2/1/2016 12:00:00 AM,2,0,0,36.191260,-86.614250,HERMITAGE MARKETPLACE PVTDR,,,,160.00,Feet,North,OLD LEBANON DIRT RD,,,,0.00,N,Not at Intersection, ,Non-Junction,None,,,         ,Noah,Melton,Clear,Angle,no,no,no,yes,no,False
101099784,METROPOLITAN NASHVILLE POLICE DEPT,20160116020,Davidson,Nashville,2/4/2016 7:30:00 PM,2,0,0,36.172420,-86.794810,10TH AVN,,,,0.00,,,JEFFERSON ST,,,,0.00,Y,Four-Way, ,Intersection-Related,None,,,         ,Craig,Amabile,Clear,Front to Rear,no,no,no,no,no,False
101099785,METROPOLITAN NASHVILLE POLICE DEPT,20160115914,Davidson,Nashville,2/4/2016 6:40:00 PM,2,0,0,36.151390,-86.751630,I 40,,,,0.00,,,,,,,211.50,N,Not at Intersection, ,Non-Junction,None,,,         ,Bryan,Byrnes,Clear,Not Collision with Motor Vehicle in Transport,no,no,no,no,no,False
101099787,METROPOLITAN NASHVILLE POLICE DEPT,20160116187,Davidson,Nashville,2/4/2016 8:09:00 PM,2,0,0,36.150310,-86.797250,LYLE AV,,,,0.00,,,BROADWAY,,,,0.00,Y,Four-Way, ,Intersection-Related,None,,,         ,Tien,Nguyen,Clear,Front to Rear,no,no,no,no,no,False
101099793,METROPOLITAN NASHVILLE POLICE DEPT,20160116021,Davidson,Nashville,2/4/2016 12:00:00 AM,1,0,0,36.092380,-86.784850,GLENDALE LN,,,,201.00,Feet,East,PASADENA DR,,,,0.00,N,Not at Intersection,N,Non-Junction,None,,,         ,Jonathan,Frith,Clear,Not Collision with Motor Vehicle in Transport,no,no,no,no,yes,False
101099795,METROPOLITAN NASHVILLE POLICE DEPT,20160115918,Davidson,Nashville,2/4/2016 6:57:00 PM,2,0,0,36.134280,-86.779090,WEDGEWOOD AV,,,,0.00,,,8TH AVS,,,,0.00,Y,Four-Way, ,Intersection-Related,None,,,         ,Tien,Nguyen,Clear,Front to Rear,no,no,no,no,no,False
101099806,VANDERBILT UNIVERSITY POLICE,16-0115689,Davidson,Nashville,2/4/2016 6:00:00 PM,2,0,0,36.146080,-86.810200,WEST END AV,,,,100.00,Feet,West,NATCHEZ TRC,,,,0.00,N,Not at Intersection, ,,None,,,         ,Patrick,Conwell,,,no,no,no,no,no,Campus
101099811,METROPOLITAN NASHVILLE POLICE DEPT,20160116219,Davidson,Nashville,2/4/2016 8:30:00 PM,1,0,0,36.137790,-86.857740,KNOB RD,,,,0.00,,,STATE HWY 155,,,,0.00,Y,Four-Way,N,Intersection,None,,,         ,Mark,Hatt,Clear,Not Collision with Motor Vehicle in Transport,no,no,no,no,no,False
101099814,METROPOLITAN NASHVILLE POLICE DEPT,20160115477,Davidson,Nashville,2/4/2016 4:43:00 PM,1,1,0,36.071390,-86.723860,BASS AV,,,,78.00,Feet,West,NOLENSVILLE PKE,,,,0.00,N,Not at Intersection,N,Non-Junction,None,,,         ,William,Durham,Clear,Not Collision with Motor Vehicle in Transport,no,no,no,no,no,False
101099817,METROPOLITAN NASHVILLE POLICE DEPT,20160115961,Davidson,Nashville,2/4/2016 7:11:00 PM,2,2,0,36.053650,-86.643500,BELL RD,,,,590.00,Feet,South,THE OVERLOOK PVTDR,,,,0.00,N,Not at Intersection,N,Non-Junction,None,,,         ,William,Durham,Clear,Front to Rear,no,no,no,no,no,False
101099835,METROPOLITAN NASHVILLE POLICE DEPT,20160116263,Davidson,Nashville,2/4/2016 8:37:00 PM,2,5,0,36.052370,-86.644750,BELL RD,,,,77.00,Feet,North,EAGLE VIEW BLVD,,,,0.00,N,Not at Intersection,N,Non-Junction,None,,,         ,William,Durham,Clear,Front to Rear,no,no,no,no,no,False
101099842,METROPOLITAN NASHVILLE POLICE DEPT,20160115635,Davidson,Nashville,2/4/2016 7:05:00 PM,2,0,0,36.092730,-86.631970,SMITH SPRINGS RD,,,,0.00,,,,,,,0.00,,, ,,None,,,         ,Brian,Smith,,,no,no,no,no,no,False
101099846,METROPOLITAN NASHVILLE POLICE DEPT,20160116376,Davidson,Nashville,2/4/2016 7:13:00 PM,2,0,0,36.204660,-86.749760,E TRINITY LN,,,,0.00,,,-- UNKNOWN RAMP/ROAD --,,,,0.00,Y,OTHER, ,Intersection,None,,,         ,Christopher,Davis,Clear,Front to Rear,no,no,no,no,no,False
101099848,METROPOLITAN NASHVILLE POLICE DEPT,20160115920,Davidson,Nashville,2/4/2016 6:59:00 PM,1,1,0,36.211420,-86.924170,ASHLAND CITY HWY,,,,927.00,Feet,West,OLD HYDES FERRY PKE,,,,0.00,N,Not at Intersection,N,Non-Junction,None,,,         ,Michael,Brooks,Clear,Not Collision with Motor Vehicle in Transport,no,no,no,no,no,False
101099849,METROPOLITAN NASHVILLE POLICE DEPT,20160116202,Davidson,Nashville,2/4/2016 7:57:00 PM,1,0,0,36.199770,-86.776600,I 65,,,,0.00,,,,,,,86.85,N,Not at Intersection,N,Non-Junction,Construction Zone,Lane Shift-Crossover,Termination Area,         ,Michael,Brooks,Clear,Not Collision with Motor Vehicle in Transport,no,no,no,no,no,False
101099861,METROPOLITAN NASHVILLE POLICE DEPT,20160116370,Davidson,Nashville,2/4/2016 9:05:00 PM,1,2,0,36.080330,-86.685710,ANTIOCH PIKE,,,,0.00,,,FRANKLIN LIMESTONE RD,,,,0.00,Y,Four-Way,N,Intersection-Related,None,,,         ,Jarred,Ruhlman,Clear,Not Collision with Motor Vehicle in Transport,no,no,no,no,no,False
101099876,METROPOLITAN NASHVILLE POLICE DEPT,20160116000,Davidson,Nashville,2/4/2016 7:00:00 PM,2,0,0,36.045730,-86.674350,STATE HWY 254,,,,0.00,,,BLUE HOLE RD,,,,0.00,Y,Four-Way,N,Intersection,None,,,         ,Sandra,Fly,Clear,Front to Rear,no,no,no,no,yes,False
101099879,METROPOLITAN NASHVILLE POLICE DEPT,20160116313,Davidson,Nashville,2/4/2016 8:20:00 PM,2,0,0,36.220450,-86.814970,AUGUSTA DR,,,,42.00,Feet,East,DUBOIS DR,,,,0.00,N,Not at Intersection, ,Non-Junction,None,,,         ,Christopher,Templin,Clear,Front to Rear,no,no,no,no,yes,False
101099890,METROPOLITAN NASHVILLE POLICE DEPT,20160116421,Davidson,Nashville,2/4/2016 9:20:00 PM,2,0,0,36.061250,-86.680890,I 24,,,,0.00,,,,,,,57.75,N,Not at Intersection, ,Non-Junction,None,,,         ,David,Hughes,Clear,"Sideswipe, Same Direction",no,no,no,no,no,False
101099911,METROPOLITAN NASHVILLE POLICE DEPT,20160112903,Davidson,Nashville,2/3/2016 11:42:00 PM,2,0,0,36.048780,-86.613020,US HWY 41,,,,0.00,,,MOUNTAIN SPRINGS RD,,,,0.00,Y,Four-Way,N,Intersection,None,,,         ,David,Moser,Clear,Angle,no,no,no,no,no,False
101099914,METROPOLITAN NASHVILLE POLICE DEPT,20160117092,Davidson,Nashville,2/5/2016 2:10:00 AM,1,0,0,36.247680,-86.778020,VILLAGE TRL,,,,0.00,,,BRICK CHURCH PKE,,,,0.00,Y,T-Intersection,N,Non-Junction,None,,,         ,Craig,Amabile,Clear,Not Collision with Motor Vehicle in Transport,no,no,no,no,yes,False
101099939,METROPOLITAN NASHVILLE POLICE DEPT,2016-0110555,Davidson,Old Hickory,2/3/2016 8:45:00 AM,3,1,0,36.266080,-86.664560,ROBINSON,RD,SR45,,0.00,,,,,,,10.00,N,Not at Intersection,N,Non-Junction,None,,,         ,Jeb,Johnston,Clear,Front to Rear,no,no,no,no,no,False
101099943,VANDERBILT UNIVERSITY POLICE,16-0117131,Davidson,Nashville,2/5/2016 2:23:00 AM,3,1,0,36.146070,-86.799550,21ST AVS,,,,0.00,,,SCARRITT PL,,,,0.00,Y,T-Intersection,N,Intersection,None,,,         ,Michael,Knupp,Clear,Front to Rear,no,no,no,no,no,Campus
101099944,METROPOLITAN NASHVILLE POLICE DEPT,20160116656,Davidson,Nashville,2/4/2016 11:19:00 PM,1,1,0,36.236340,-86.796130,BRILEY PKWYW,,,,395.00,Feet,North,BRILEY PKWYE,,,,0.00,N,Not at Intersection,N,Non-Junction,None,,,         ,Charles,Duke,Clear,Not Collision with Motor Vehicle in Transport,no,no,no,no,no,False
101099945,METROPOLITAN NASHVILLE POLICE DEPT,2016-0110888,Davidson,Nashville,2/3/2016 10:54:00 AM,2,1,0,36.219720,-86.597600,ANDREW JACKSON PKWY,,,,0.00,Feet,,WINDSOR CHASE WAY,,,,0.00,Y,T-Intersection,N,Intersection,None,,,         ,Jeb,Johnston,Clear,HeadOn,no,no,no,no,no,False
101099953,METROPOLITAN NASHVILLE POLICE DEPT,20160117587,Davidson,Nashville,2/5/2016 6:05:00 AM,2,0,0,36.045880,-86.659710,I 24,,,,0.00,,,,,,,59.35,N,Not at Intersection, ,Non-Junction,None,,,         ,Caleb,Jernigan,Clear,Front to Rear,no,no,no,no,no,False
101099956,METROPOLITAN NASHVILLE POLICE DEPT,20160114251,Davidson,Nashville,2/4/2016 9:20:00 AM,2,0,0,36.102580,-86.761530,ARMORY DR,,,,0.00,,,ARMORY DR EXT RAMP,,,,0.00,Y,OTHER, ,Entrance/Exit Ramp Related,None,,,         ,Roy,Sain Jr.,Clear,"Sideswipe, Same Direction",no,no,no,no,no,False
101099958,METROPOLITAN NASHVILLE POLICE DEPT,20160114861,Davidson,Nashville,2/4/2016 1:16:00 PM,4,2,0,36.059080,-86.772880,I 65,,,,0.00,,,,,,,75.20,N,Not at Intersection,N,Non-Junction,None,,,         ,Nathan,Kemp,Clear,Front to Rear,no,no,no,no,no,False
101099959,METROPOLITAN NASHVILLE POLICE DEPT,2016-0113870,Davidson,Nashville,2/4/2016 7:14:00 AM,3,1,0,36.141890,-86.673540,I 40,,,,0.00,,,,,,,215.00,N,Not at Intersection,N,Non-Junction,None,,,         ,Jeb,Johnston,Cloudy,Front to Rear,no,no,no,no,no,False
101099968,METROPOLITAN NASHVILLE POLICE DEPT,20160114967,Davidson,Nashville,2/4/2016 1:47:00 PM,2,0,0,36.147220,-86.743650,I 40,,,,0.00,,,,,,,212.00,N,Not at Intersection,Y,Non-Junction,None,,,         ,Steven,Rowlett,Clear,"Sideswipe, Same Direction",no,no,no,no,yes,False
101099973,METROPOLITAN NASHVILLE POLICE DEPT,2016-0117690,Davidson,Nashville,2/5/2016 7:20:00 AM,2,0,0,36.151070,-86.842170,PARK AVE,,,,0.00,,,46TH AVE N,,,,0.00,Y,Four-Way, ,Intersection,None,,,         ,Curtis,Rich,Clear,Angle,no,no,no,no,no,False
101099980,GOODLETTSVILLE POLICE DEPT,16-04234,Davidson,Goodlettsville,2/2/2016 5:10:00 PM,3,1,0,36.334079,-86.717121,NORTH MAIN,ST,US41,,0.00,,,,,,,0.00,,,N,"Driveway, Alley Access, etc",None,,,         ,George,Forbes,Rain,"Sideswipe, Same Direction",no,no,no,no,no,False
101099984,METROPOLITAN NASHVILLE POLICE DEPT,20160115242,Davidson,Nashville,2/4/2016 3:45:00 PM,2,0,0,36.197360,-86.608570,ANDREW JACKSON PKWY,,,,0.00,,,TYLER DR,,,,0.00,Y,T-Intersection, ,Intersection,None,,,         ,Wesley,Young,Clear,Front to Rear,no,no,no,no,no,False
101099990,METROPOLITAN NASHVILLE POLICE DEPT,20160117761,Davidson,Madison,2/5/2016 7:45:00 AM,2,0,0,36.264450,-86.687050,ARCHWOOD DR,,,,10.00,Feet,North,ARCHWOOD PL,,,,0.00,N,Not at Intersection, ,Non-Junction,None,,,         ,Brian,Otto,Clear,Angle,no,no,no,no,no,False
101100002,METROPOLITAN NASHVILLE POLICE DEPT,20160117628,Davidson,Nashville,2/5/2016 6:30:00 AM,2,0,0,36.067760,-86.597950,MOUNT VIEW RD,,,,489.00,Feet,West,MOUNT VIEW RIDGE DR,,,,0.00,N,Not at Intersection,N,Non-Junction,None,,,         ,Robert,Erickson,Clear,Rear to Side,no,no,no,no,yes,False
101100008,METROPOLITAN NASHVILLE POLICE DEPT,20160117701,Davidson,Nashville,2/5/2016 12:00:00 AM,2,0,0,36.146120,-86.741940,I 40,,,,0.00,,,,,,,212.15,N,Not at Intersection,N,Non-Junction,None,,,         ,Michael,Dance,Clear,Front to Rear,no,no,no,no,no,False
101100010,METROPOLITAN NASHVILLE POLICE DEPT,20160114788,Davidson,Goodlettsville,2/4/2016 12:50:00 PM,4,2,0,36.301960,-86.692980,GALLATIN PKEN,,,,99.00,Feet,West,TWIN HILLS DR,,,,0.00,N,Not at Intersection,N,Non-Junction,None,,,         ,Darrien,Spann,Clear,Front to Rear,no,no,no,no,no,False
101100021,METROPOLITAN NASHVILLE POLICE DEPT,20160117762,Davidson,Nashville,2/5/2016 7:45:00 AM,2,0,0,36.165480,-86.778740,UNION ST,,,,50.00,Feet,West,3RD AVE N,,,,0.00,N,Not at Intersection,N,Non-Junction,None,,,         ,Michael,Johnson,Clear,"Sideswipe, Same Direction",no,no,no,no,no,False
101100023,METROPOLITAN NASHVILLE POLICE DEPT,2016-0114043,Davidson,Nashville,2/4/2016 8:15:00 AM,2,1,0,36.195030,-86.728000,CAHAL AVE,,,,190.00,Feet,West,REBECCA AVE,,,,0.00,N,Not at Intersection,N,Non-Junction,Utility Zone,Work On Shoulder Or Median,Transition Area,         ,Coleman,Womack,Clear,Front to Rear,no,no,no,no,yes,False
101100024,METROPOLITAN NASHVILLE POLICE DEPT,20160117879,Davidson,Nashville,2/5/2016 8:17:00 AM,2,1,0,36.137270,-86.699700,STATE HWY 155,,,,0.00,,,GLASTONBURY RD,,,,0.00,Y,T-Intersection,N,Intersection,None,,,         ,MIchael,Mihajlov,Clear,HeadOn,no,no,no,no,no,False
101100027,METROPOLITAN NASHVILLE POLICE DEPT,20160117856,Davidson,Nashville,2/5/2016 8:16:00 AM,2,0,0,36.146400,-86.816500,LONG BLVD,,,,41.00,Feet,West,BURCH AV,,,,0.00,N,Not at Intersection, ,Non-Junction,None,,,         ,Nathan,Kemp,Clear,Angle,no,no,no,no,no,False
101100029,METROPOLITAN NASHVILLE POLICE DEPT,2016-0114830,Davidson,Nashville,2/4/2016 1:04:00 PM,3,1,0,36.055230,-86.742620,EDMONDSON PIKE,,,,50.00,Feet,North,MCMURRAY DR,,,,0.00,N,Not at Intersection,N,Non-Junction,None,,,         ,Allen,Bates,Clear,Front to Rear,no,no,no,no,no,False
101100032,METROPOLITAN NASHVILLE POLICE DEPT,20160117639,Davidson,Goodlettsville,2/5/2016 7:10:00 AM,2,0,0,36.293140,-86.702350,RIVERGATE STATION PVTDR,,,,0.00,,,GALLATIN PKEN,,,,0.00,Y,Four-Way,Y,Intersection-Related,None,,,         ,Jeffery,Burnette,Clear,HeadOn,no,no,no,no,no,False
101100037,METROPOLITAN NASHVILLE POLICE DEPT,20160117800,Davidson,Nashville,2/5/2016 7:20:00 AM,2,0,0,36.260290,-86.738450,I 65,,,,0.00,,,,,,,92.00,N,Not at Intersection, ,Non-Junction,None,,,         ,Peter,Lynch,Clear,Front to Rear,no,no,no,no,no,False
101100056,METROPOLITAN NASHVILLE POLICE DEPT,20160117792,Davidson,Nashville,2/5/2016 7:56:00 AM,2,0,0,36.058480,-86.678020,I 24,,,,0.00,,,,,,,58.00,N,Not at Intersection, ,Non-Junction,None,,,         ,Roy,McElwee,Clear,"Sideswipe, Same Direction",no,no,no,no,no,False
101100057,METROPOLITAN NASHVILLE POLICE DEPT,20160117882,Davidson,Nashville,2/5/2016 8:25:00 AM,2,0,0,36.058480,-86.678020,I 24,,,,0.00,,,,,,,58.00,N,Not at Intersection, ,,None,,,         ,Roy,McElwee,,,no,no,no,no,no,False
101100060,METROPOLITAN NASHVILLE POLICE DEPT,20160117950,Davidson,Nashville,2/5/2016 8:45:00 AM,3,0,0,36.141720,-86.778650,US HWY 31,,,,0.00,,,CHESTNUT ST,,,,0.00,Y,Four-Way, ,Intersection,None,,,         ,Justin,Fox,Clear,Front to Rear,no,no,no,no,no,False
101100065,METROPOLITAN NASHVILLE POLICE DEPT,2016-0114112,Davidson,Nashville,2/4/2016 8:18:00 AM,2,0,0,36.213060,-86.764690,US HWY 31W,,,,143.00,Feet,North,GORDON TER,,,,0.00,N,Not at Intersection, ,,None,,,         ,Coleman,Womack,,,no,no,no,no,no,False