master_record_number,agency,agency_tracking_number,county,city,collision_date,vehicles_involved,number_injured,number_dead,latitude,longitude,roadway_name,roadway_suffix,roadway_number,roadway_local_id,distance_from_reference,miles-feet_indicator,direction_from_reference,intersection_road_name,intersection_road_name_suffix,intersection_road_number,intersection_local_id,mile_marker,intersection_indicator,intersect_type,interchange_related_indicator,relation_to_junction,work_zone_type,construction_maintenance_zone,construction_maintenance_zone_location,fatal_case_number,officer_first_name,officer_last_name,weather_condition(s),manner_of_crash,pedestrian,bicycle,scooter,parking,hitrun,mou
101100480,METROPOLITAN NASHVILLE POLICE DEPT,20160120093,Davidson,Nashville,2/5/2016 8:04:00 PM,2,0,0,36.136010,-86.791960,15TH AVE S,,,,0.00,,,WEDGEWOOD AVE,,,,0.00,Y,Four-Way, ,Intersection,None,,,         ,Megan,Lamon,Clear,Front to Rear,no,no,no,no,no,False
101100486,METROPOLITAN NASHVILLE POLICE DEPT,20160119506,Davidson,Nashville,2/5/2016 5:33:00 PM,2,0,0,36.154770,-86.760360,I 40,,,,0.00,,,,,,,211.00,N,Not at Intersection,N,Non-Junction,None,,,         ,Felipe,Pereira,Clear,Front to Rear,no,no,no,no,no,False
101100501,METROPOLITAN NASHVILLE POLICE DEPT,20160120087,Davidson,Nashville,2/5/2016 8:39:00 PM,2,1,0,36.154450,-86.842340,46TH AVE N,,,,0.00,Feet,,DELAWARE AVE,,,,0.00,Y,T-Intersection,N,Intersection,None,,,         ,Shaun,Heath,Clear,Front to Rear,no,no,no,no,no,False
101100502,METROPOLITAN NASHVILLE POLICE DEPT,20160119679,Davidson,Antioch,2/5/2016 6:00:00 PM,2,0,0,36.028950,-86.574640,W NIR SHREIBMAN BLVD,,,,136.00,Feet,North,MOORE WAY,,,,0.00,N,Not at Intersection,N,Non-Junction,None,,,         ,William,Durham,Clear,"Sideswipe, Opposite Direction",no,no,no,no,yes,False
101100503,METROPOLITAN NASHVILLE POLICE DEPT,20160119859,Davidson,Nashville,2/5/2016 7:26:00 PM,2,0,0,36.085600,-86.647980,MURFREESBORO PKE,,,,521.00,Feet,South,UNA ANTIOCH PKE,,,,0.00,N,Not at Intersection,N,Non-Junction,None,,,         ,William,Durham,Clear,Angle,no,no,no,no,no,False
101100516,METROPOLITAN NASHVILLE POLICE DEPT,20160119854,Davidson,Nashville,2/5/2016 7:31:00 PM,2,0,0,36.155290,-86.812060,CHARLOTTE AV,,,,0.00,,,25TH AVN,,,,0.00,Y,T-Intersection, ,Intersection,None,,,         ,Michael,Brooks,Clear,Angle,no,no,no,no,no,False
101100517,METROPOLITAN NASHVILLE POLICE DEPT,20160120173,Davidson,Nashville,2/5/2016 9:02:00 PM,2,0,0,36.200160,-86.776660,I 65,,,,0.00,,,,,,,86.90,N,Not at Intersection,N,Non-Junction,None,,,         ,Michael,Brooks,Clear,Front to Rear,no,no,no,no,yes,False
101100525,METROPOLITAN NASHVILLE POLICE DEPT,20160120221,Davidson,Nashville,2/5/2016 9:19:00 PM,2,2,0,36.140870,-86.663620,EXIT 216C,,,,0.00,Feet,East,I 40,,,,0.00,N,Not at Intersection,N,Non-Junction,None,,,         ,Jaby,Djabbarov,Clear,Front to Rear,no,no,no,no,yes,False
101100528,METROPOLITAN NASHVILLE POLICE DEPT,20160119688,Davidson,Nashville,2/5/2016 6:40:00 PM,2,0,0,36.077470,-86.773060,US HWY 31,,,,0.00,,,TYNE BLVD,,,,0.00,Y,T-Intersection,N,Intersection,None,,,         ,John,Stanfield,Clear,Angle,no,no,no,no,no,False
101100533,METROPOLITAN NASHVILLE POLICE DEPT,20160119194,Davidson,Nashville,2/5/2016 3:40:00 PM,2,0,0,36.049560,-86.648840,MOUNT VIEW RD,,,,40.00,Feet,East,RAMP,,,,0.00,N,Not at Intersection,N,Non-Junction,None,,,         ,Michael,Russell,Clear,"Sideswipe, Same Direction",no,no,no,no,yes,False
101100546,METROPOLITAN NASHVILLE POLICE DEPT,20160119724,Davidson,Nashville,2/5/2016 6:55:00 PM,2,1,0,36.212170,-86.715430,ARDEE AV,,,,900.00,Feet,South,MURRAY PL,,,,0.00,N,Not at Intersection,N,Non-Junction,None,,,         ,Whitney,Arnold,Clear,Angle,yes,no,no,no,no,False
101100563,METROPOLITAN NASHVILLE POLICE DEPT,20160120354,Davidson,Nashville,2/5/2016 10:05:00 PM,1,0,0,36.152780,-86.778840,DREXEL ST,,,,142.00,Feet,East,8TH AVS,,,,0.00,N,Not at Intersection, ,OtherLocation,None,,,         ,John,Roberson,Clear,Not Collision with Motor Vehicle in Transport,no,no,no,yes,no,False
101100565,METROPOLITAN NASHVILLE POLICE DEPT,20160120568,Davidson,Nashville,2/5/2016 11:25:00 PM,2,0,0,36.157110,-86.780930,US HWY 31,,,,84.00,Feet,North,DEMONBREUN ST,,,,0.00,N,Not at Intersection, ,Non-Junction,None,,,         ,John,Anderson,Clear,Other,no,no,no,no,no,False
101100572,METROPOLITAN NASHVILLE POLICE DEPT,20160120584,Davidson,Nashville,2/6/2016 12:07:00 AM,1,0,0,36.169070,-86.779740,GAY ST,,,,0.00,,,,,,,0.00,,, ,Non-Junction,None,,,         ,Christopher,Augustin,Clear,Not Collision with Motor Vehicle in Transport,no,no,no,yes,no,False
101100573,METROPOLITAN NASHVILLE POLICE DEPT,20160120669,Davidson,Nashville,2/6/2016 12:00:00 AM,2,0,0,36.135730,-86.764510,RAINS AVE,,,,16.00,Feet,North,SOUTHGATE AVE,,,,0.00,N,Not at Intersection,N,Non-Junction,None,,,         ,Spencer,Pittman,Clear,Front to Rear,no,no,no,no,yes,False
101100575,METROPOLITAN NASHVILLE POLICE DEPT,20160120750,Davidson,Nashville,2/6/2016 12:30:00 AM,3,0,0,36.206090,-86.776280,I 65,,,,0.00,,,,,,,87.30,N,Not at Intersection,N,Non-Junction,Construction Zone,Work On Shoulder Or Median,Transition Area,         ,Edward,Conrads,Clear,Front to Rear,no,no,no,no,no,False
101100579,METROPOLITAN NASHVILLE POLICE DEPT,20160120811,Davidson,Nashville,2/6/2016 12:55:00 AM,1,0,0,36.056810,-86.740530,EDMONDSON PIKE,,,,0.00,,,,,,,0.00,,, ,Non-Junction,None,,,         ,Marc,Haugen,Clear,Not Collision with Motor Vehicle in Transport,no,no,no,yes,no,False
101100581,METROPOLITAN NASHVILLE POLICE DEPT,20160120641,Davidson,Nashville,2/6/2016 12:01:00 AM,2,1,0,36.152820,-86.683410,ELM HILL PKE,,,,0.00,,,MCGAVOCK PKE,,,,0.00,Y,Four-Way,N,Intersection,None,,,         ,Curtis,Fisher,Clear,Angle,no,no,no,no,no,False
101100582,METROPOLITAN NASHVILLE POLICE DEPT,20160120825,Davidson,Nashville,2/6/2016 1:10:00 AM,2,0,0,36.155650,-86.789720,BROADWAY,,,,0.00,,,14TH AVS,,,,0.00,Y,Four-Way, ,Intersection,None,,,         ,Ian,Hammond,Clear,Front to Rear,no,no,no,no,no,False
101100589,METROPOLITAN NASHVILLE POLICE DEPT,20160120791,Davidson,Nashville,2/6/2016 12:48:00 AM,2,0,0,36.206650,-86.778390,US HWY 431,,,,0.00,,,HAMPTON ST,,,,0.00,Y,T-Intersection,N,Intersection,None,,,         ,Geoffrey,Daugherty,Clear,HeadOn,no,no,no,no,no,False
101100614,METROPOLITAN NASHVILLE POLICE DEPT,20160120872,Davidson,Nashville,2/6/2016 1:26:00 AM,1,0,0,36.102460,-86.713400,I 24,,,,0.00,,,,,,,54.40,N,Not at Intersection,N,Non-Junction,None,,,         ,Erik,Dabbs,Clear,Not Collision with Motor Vehicle in Transport,no,no,no,no,no,False
101100635,METROPOLITAN NASHVILLE POLICE DEPT,20160117560,Davidson,Nashville,2/5/2016 6:10:00 AM,2,0,0,36.045400,-86.658920,I 24,,,,0.00,,,,,,,59.40,N,Not at Intersection,N,Non-Junction,None,,,         ,David,Moser,Clear,Front to Rear,no,no,no,no,no,False
101100641,METROPOLITAN NASHVILLE POLICE DEPT,2016-0106130,Davidson,Nashville,2/2/2016 5:20:00 AM,2,0,0,36.216580,-86.791010,COMBS DR,,,,7.00,Feet,East,COMBS TER,,,,0.00,N,Not at Intersection,N,Non-Junction,None,,,         ,Anthony,Cavis,Clear,HeadOn,no,no,no,no,no,False
101100648,METROPOLITAN NASHVILLE POLICE DEPT,20160113283,Davidson,Nashville,2/4/2016 2:18:00 AM,2,0,0,36.221090,-86.812540,AUGUSTA DR,,,,234.00,Feet,West,CRAVATH DR,,,,0.00,N,Not at Intersection,N,Non-Junction,None,,,         ,Micah,Wright,Cloudy,Front to Rear,no,no,no,no,yes,False
101100649,METROPOLITAN NASHVILLE POLICE DEPT,20160116747,Davidson,Nashville,2/4/2016 2:19:00 AM,2,0,0,36.221670,-86.813500,WOODWARD DR,,,,325.00,Feet,South,CRAVATH DR,,,,0.00,N,Not at Intersection,N,Non-Junction,None,,,         ,Micah,Wright,Clear,"Sideswipe, Opposite Direction",no,no,no,no,yes,False
101100653,METROPOLITAN NASHVILLE POLICE DEPT,20160121080,Davidson,Nashville,2/6/2016 12:00:00 AM,1,2,0,36.082300,-86.697850,I 24,,,,0.00,,,,,,,56.00,N,Not at Intersection,N,Non-Junction,None,,,         ,Douglas,Sykes,Clear,Not Collision with Motor Vehicle in Transport,no,no,no,no,no,False
101100655,METROPOLITAN NASHVILLE POLICE DEPT,20160120763,Davidson,Nashville,2/6/2016 12:00:00 AM,2,0,0,36.145490,-86.741190,I 40,,,,0.00,,,,,,,212.20,N,Not at Intersection,N,Non-Junction,None,,,         ,Joshua,Chick,Clear,Front to Rear,no,no,no,no,yes,False
101100656,METROPOLITAN NASHVILLE POLICE DEPT,20160120837,Davidson,Nashville,2/6/2016 1:45:00 AM,2,0,0,36.145490,-86.741190,I 40,,,,0.00,,,,,,,212.20,N,Not at Intersection, ,,None,,,         ,Joshua,Chick,,,no,no,no,no,no,False
101100671,METROPOLITAN NASHVILLE POLICE DEPT,20160121463,Davidson,Nashville,2/6/2016 7:26:00 AM,1,1,0,36.209710,-86.834130,HAYNES PARK DR,,,,192.00,Feet,North,EVE CIR,,,,0.00,N,Not at Intersection,N,Non-Junction,None,,,         ,Michael,Parman,Clear,Not Collision with Motor Vehicle in Transport,no,no,no,no,yes,False
101100677,METROPOLITAN NASHVILLE POLICE DEPT,20160121421,Davidson,Nashville,2/6/2016 6:37:00 AM,3,0,0,36.172600,-86.813860,24TH AVN,,,,174.00,Feet,South,HAMMOND DR,,,,0.00,N,Not at Intersection,N,Non-Junction,None,,,         ,Nathan,Mayo,Clear,Angle,no,no,no,no,no,False
101100679,METROPOLITAN NASHVILLE POLICE DEPT,20160121486,Davidson,Nashville,2/6/2016 7:41:00 AM,2,1,0,36.012850,-86.700730,SUGAR HILL DR,,,,1000.00,Feet,South,SUGAR VALLEY DR,,,,0.00,N,Not at Intersection,N,Non-Junction,None,,,         ,Brian,Lamb,Clear,Front to Rear,no,no,no,no,no,False
101100680,METROPOLITAN NASHVILLE POLICE DEPT,20160121415,Davidson,Nashville,2/6/2016 6:30:00 AM,1,0,0,36.057230,-86.636160,HAMILTON CHURCH RD,,,,845.00,Feet,North,ZELIDA AV,,,,0.00,N,Not at Intersection, ,Non-Junction,None,,,         ,Julius,Gallon,Clear,Not Collision with Motor Vehicle in Transport,no,no,no,no,no,False
101100691,METROPOLITAN NASHVILLE POLICE DEPT,20160121608,Davidson,Nashville,2/6/2016 9:05:00 AM,2,0,0,36.194230,-86.775620,I 65,,,,0.00,,,,,,,86.50,N,Not at Intersection, ,Non-Junction,None,,,         ,Jared,Eaves,Clear,"Sideswipe, Same Direction",no,no,no,no,no,False
101100693,METROPOLITAN NASHVILLE POLICE DEPT,20160121669,Davidson,Nashville,2/6/2016 3:43:00 AM,2,0,0,36.182760,-86.768630,MERIDIAN ST,,,,27.00,Feet,North,GRACE ST,,,,0.00,N,Not at Intersection,N,Non-Junction,None,,,         ,Randall,Smith,Clear,"Sideswipe, Opposite Direction",no,no,no,no,yes,False
101100695,METROPOLITAN NASHVILLE POLICE DEPT,2016-0114690,Davidson,Nashville,2/4/2016 12:19:00 PM,2,1,0,36.185880,-86.676170,MCGAVOCK PKE,,,,0.00,,,FERNBROOK LN,,,,0.00,Y,T-Intersection,N,Intersection,None,,,         ,Jeb,Johnston,Cloudy,Angle,no,no,no,no,no,False
101100697,METROPOLITAN NASHVILLE POLICE DEPT,20160121720,Davidson,Nashville,2/6/2016 9:15:00 AM,2,0,0,36.150050,-86.858330,RAMP,,,,0.00,,,US HWY 70,,,,0.00,Y,Four-Way, ,,None,,,         ,Brian,Myatt,,,no,no,no,no,no,False
101100702,METROPOLITAN NASHVILLE POLICE DEPT,2016-0117680,Davidson,Nashville,2/5/2016 7:12:00 AM,2,0,0,36.139530,-86.726790,I24E,,,,444.00,Feet,North,I24 W ENT RAMP,,,,0.00,N,Not at Intersection, ,Non-Junction,None,,,         ,Jeb,Johnston,Clear,"Sideswipe, Same Direction",no,no,no,no,no,False
101100705,METROPOLITAN NASHVILLE POLICE DEPT,20160121773,Davidson,Nashville,2/6/2016 9:51:00 AM,2,1,0,36.198440,-86.620270,LEBANON PKE,,,,0.00,,,OLD HICKORY BLVD,,,,0.00,Y,Four-Way,N,Intersection,None,,,         ,William,Mckay,Clear,Front to Rear,no,no,no,no,no,False
101100721,METROPOLITAN NASHVILLE POLICE DEPT,20160121545,Davidson,Goodlettsville,2/6/2016 12:31:00 AM,3,0,0,36.286830,-86.705730,W MONTICELLO AV,,,,86.00,Feet,West,GALLATIN PKEN,,,,0.00,N,Not at Intersection,N,"Driveway, Alley Access, etc",None,,,         ,Peter,Lynch,Clear,"Sideswipe, Same Direction",no,no,no,yes,yes,False
101100725,METROPOLITAN NASHVILLE POLICE DEPT,20160121879,Davidson,Nashville,2/6/2016 10:19:00 AM,2,0,0,36.155410,-86.773560,4TH AVE S,,,,225.00,Feet,South,ALMOND ST,,,,0.00,N,Not at Intersection, ,,None,,,         ,Christian,Martin,,,no,no,no,no,no,False
101100728,METROPOLITAN NASHVILLE POLICE DEPT,20160095454,Davidson,Nashville,1/29/2016 2:22:00 PM,4,3,0,36.145650,-86.741150,I 40,,,,0.00,,,,,,,212.20,N,Not at Intersection,N,Non-Junction,None,,,         ,Terry,Denton,Clear,Front to Rear,no,no,no,no,no,False
101100730,METROPOLITAN NASHVILLE POLICE DEPT,20160121881,Davidson,Nashville,2/6/2016 10:30:00 AM,2,0,0,36.137470,-86.799660,BLAKEMORE AVE,,,,265.00,Feet,North,US HWY 431,,,,0.00,N,Not at Intersection,N,Non-Junction,None,,,         ,Eric,Harvey,Clear,Angle,no,no,no,yes,yes,Campus
101100738,METROPOLITAN NASHVILLE POLICE DEPT,20160121902,Davidson,Nashville,2/6/2016 10:48:00 AM,2,0,0,0.000000,0.000000,JOYNER,AVE,SR308,JOYNER AVE,500.00,Feet,East,NOLENSVILLE,PIKE,SR,,0.00,N,Not at Intersection, ,Non-Junction,None,,,         ,Thomas,White,Clear,Rear to Side,no,no,no,no,no,False
101100739,METROPOLITAN NASHVILLE POLICE DEPT,20160121915,Davidson,Old Hickory,2/6/2016 11:02:00 AM,3,0,0,36.248340,-86.642380,STATE HWY 45,,,,105.00,Feet,West,22ND ST,,,,0.00,N,Not at Intersection,N,Non-Junction,None,,,         ,Evan,Hibschman,Clear,"Sideswipe, Same Direction",no,no,no,no,yes,False
101100744,METROPOLITAN NASHVILLE POLICE DEPT,20160121951,Davidson,Nashville,2/6/2016 12:00:00 AM,2,0,0,36.128370,-86.749610,HUTTON DR,,,,150.00,Feet,East,ROSEMARY LN,,,,0.00,N,Not at Intersection, ,Non-Junction,None,,,         ,Paul,Ellis,Unknown,"Sideswipe, Opposite Direction",no,no,no,no,yes,False
101100751,METROPOLITAN NASHVILLE POLICE DEPT,2016-0118346,Davidson,Nashville,2/5/2016 11:02:00 AM,2,0,0,36.078090,-86.640380,LAKEVILLA DR,,,,223.00,Feet,South,GRIGGS PL,,,,0.00,N,Not at Intersection,N,Non-Junction,None,,,         ,Jeb,Johnston,Cloudy,Front to Rear,no,no,no,yes,yes,False
101100755,METROPOLITAN NASHVILLE POLICE DEPT,2016-0117896,Davidson,Nashville,2/5/2016 8:02:00 AM,2,0,0,36.081650,-86.620470,MOSS SPRING DR,,,,130.00,Feet,East,OWENDALE DR,,,,0.00,N,Not at Intersection,N,Non-Junction,None,,,         ,Jeb,Johnston,Clear,Front to Rear,no,no,no,no,no,False
101100767,METROPOLITAN NASHVILLE POLICE DEPT,20160122018,Davidson,Goodlettsville,2/6/2016 12:13:00 PM,2,0,0,36.305090,-86.688400,US HWY 31E,,,,218.00,Feet,East,LIBERTY LN,,,,0.00,N,Not at Intersection, ,,None,,,         ,Joshua,Borum,,,no,no,no,no,no,False
101100789,METROPOLITAN NASHVILLE POLICE DEPT,20160121642,Davidson,Madison,2/6/2016 8:53:00 AM,2,1,0,36.264090,-86.723890,STATE HWY 45,,,,57.00,Feet,East,HERITAGE DR,,,,0.00,N,Not at Intersection,N,Non-Junction,None,,,         ,Brandon,Wood,Clear,Not Collision with Motor Vehicle in Transport,no,no,no,no,no,False
101100790,METROPOLITAN NASHVILLE POLICE DEPT,20160122108,Davidson,Nashville,2/6/2016 1:24:00 PM,2,0,0,36.157720,-86.773480,3RD AVE S,,,,0.00,,,GATEWAY BLVD,,,,0.00,Y,Four-Way, ,,None,,,         ,Christian,Martin,,,no,no,no,no,no,False
101100796,METROPOLITAN NASHVILLE POLICE DEPT,20160122034,Davidson,Nashville,2/6/2016 12:29:00 PM,2,1,0,36.151070,-86.677050,ROYAL PKWY,,,,234.00,Feet,South,EMERY DR,,,,0.00,N,Not at Intersection,N,Non-Junction,None,,,         ,Evan,Hibschman,Clear,HeadOn,no,no,no,no,no,False
101100798,METROPOLITAN NASHVILLE POLICE DEPT,20160122103,Davidson,Nashville,2/6/2016 12:45:00 PM,2,0,0,36.150150,-86.857900,STATE HWY 155,,,,0.00,,,US HWY 70,,,,0.00,Y,Four-Way, ,,None,,,         ,Brian,Myatt,,,no,no,no,no,no,False
101100803,METROPOLITAN NASHVILLE POLICE DEPT,20160121860,Davidson,Nashville,2/6/2016 9:42:00 AM,2,0,0,36.169510,-86.806400,JEFFERSON ST,,,,65.00,Feet,East,DR DB TODD JR BLVD,,,,0.00,N,Not at Intersection, ,Non-Junction,None,,,         ,James,Jarvis,Clear,Angle,no,no,no,no,no,False
101100809,METROPOLITAN NASHVILLE POLICE DEPT,20160121973,Davidson,Nashville,2/6/2016 11:40:00 AM,3,0,0,36.254360,-86.738920,I 65,,,,0.00,,,,,,,91.55,N,Not at Intersection, ,Non-Junction,None,,,         ,Peter,Lynch,Clear,Not Collision with Motor Vehicle in Transport,no,no,no,no,yes,False
101100829,METROPOLITAN NASHVILLE POLICE DEPT,20160108530,Davidson,Nashville,2/2/2016 7:00:00 PM,2,0,0,36.040900,-86.779380,STONE BROOK DR,,,,0.00,,,FRANKLIN PIKE CIR,,,,0.00,Y,Four-Way, ,Intersection,None,,,         ,Nicholas,Berens,Rain,Front to Rear,no,no,no,no,no,False
101100836,METROPOLITAN NASHVILLE POLICE DEPT,20160122240,Davidson,Nashville,2/6/2016 3:02:00 PM,1,1,0,36.160770,-86.793680,US HWY 70,,,,0.00,,,EXIT 209,,,,0.00,Y,Four-Way,N,Non-Junction,None,,,         ,David,Collins,Clear,Not Collision with Motor Vehicle in Transport,no,no,no,no,no,False
101100839,METROPOLITAN NASHVILLE POLICE DEPT,20160122221,Davidson,Nashville,2/6/2016 2:45:00 PM,2,0,0,36.084650,-86.704320,HARDING PL,,,,278.00,Feet,West,TRAVELERS INN DR,,,,0.00,N,Not at Intersection, ,Non-Junction,None,,,         ,Matthew,Johnson,Cloudy,Front to Rear,no,no,no,no,no,False
101100863,METROPOLITAN NASHVILLE POLICE DEPT,20160122231,Davidson,Nashville,2/6/2016 2:30:00 PM,2,0,0,36.103350,-86.816090,WARFIELD DR,,,,0.00,,,US HWY 431,,,,0.00,Y,Four-Way, ,,None,,,         ,Megan,Lamon,,,no,no,no,no,no,False
101100880,METROPOLITAN NASHVILLE POLICE DEPT,20160122294,Davidson,Madison,2/6/2016 3:23:00 PM,2,0,0,36.247770,-86.710990,E PALESTINE AV,,,,76.00,Feet,West,RED BUD TER,,,,0.00,N,Not at Intersection,N,Non-Junction,None,,,         ,Carlos,Urrutia,Cloudy,Angle,no,no,no,no,no,False
101100890,METROPOLITAN NASHVILLE POLICE DEPT,20160122396,Davidson,Nashville,2/6/2016 3:50:00 PM,2,1,0,36.064410,-86.628080,US HWY 41,,,,165.00,Feet,South,HAMILTON CHURCH RD,,,,0.00,N,Not at Intersection,N,Non-Junction,None,,,         ,Sandra,Fly,Clear,Other,no,no,no,no,no,False
101100895,METROPOLITAN NASHVILLE POLICE DEPT,20160122235,Davidson,Nashville,2/6/2016 2:08:00 PM,3,0,0,36.106010,-86.813780,HILLSBORO PKE,,,,65.00,Feet,North,ABBOTT MARTIN RD,,,,0.00,N,Not at Intersection, ,Non-Junction,None,,,         ,Adam,Reese,Cloudy,Front to Rear,no,no,no,no,no,False
101100906,METROPOLITAN NASHVILLE POLICE DEPT,20160122312,Davidson,Nashville,2/6/2016 3:30:00 PM,2,0,0,36.033870,-86.620630,RAINGLEN CV,,,,245.00,Feet,West,PRESERVE BLVD,,,,0.00,N,Not at Intersection, ,Non-Junction,None,,,         ,Jarred,Ruhlman,Clear,"Sideswipe, Same Direction",no,no,no,yes,no,False
101100927,METROPOLITAN NASHVILLE POLICE DEPT,20160122711,Davidson,Nashville,2/6/2016 6:49:00 PM,2,0,0,36.050160,-86.649070,STATE HWY 254,,,,123.00,Feet,North,RAMP,,,,0.00,N,Not at Intersection, ,,None,,,         ,Richard,Olive,,,no,no,no,no,no,False
101100928,METROPOLITAN NASHVILLE POLICE DEPT,2016-0122709,Davidson,Nashville,2/6/2016 6:08:00 PM,2,0,0,36.159240,-86.781310,BROADWAY,,,,106.00,Feet,West,7TH AVS,,,,0.00,N,Not at Intersection, ,,None,,,         ,Jason,Thomas,,,no,no,no,no,no,False
101100933,METROPOLITAN NASHVILLE POLICE DEPT,20160122612,Davidson,Not in City Limit,2/6/2016 5:28:00 PM,2,1,0,36.052830,-86.985070,MCCRORY LN,,,,0.00,,,POPLAR CREEK RD,,,,0.00,Y,Four-Way,Y,Intersection,None,,,         ,Adam,Reese,Cloudy,Angle,no,no,no,no,no,False
101100937,METROPOLITAN NASHVILLE POLICE DEPT,20160095710,Davidson,Nashville,2/6/2016 4:00:00 PM,2,0,0,36.195730,-86.627980,JACKSONIAN DR,,,,0.00,,,BONNACREEK DR,,,,0.00,Y,Four-Way, ,Intersection,None,,,         ,Dontaveous,Eubanks,Clear,Other,no,no,no,no,no,False
101100939,METROPOLITAN NASHVILLE POLICE DEPT,20160122735,Davidson,Nashville,2/6/2016 6:16:00 PM,1,1,0,36.227600,-86.859430,STATE HWY 155,,,,2282.00,Feet,East,EATONS CREEK RD,,,,0.00,N,Not at Intersection,Y,Non-Junction,None,,,         ,Kevin,Reynolds,Clear,Not Collision with Motor Vehicle in Transport,no,no,no,no,no,False
101100941,METROPOLITAN NASHVILLE POLICE DEPT,20160122771,Davidson,Nashville,2/6/2016 5:45:00 PM,1,0,0,36.048650,-86.714380,HICKORYVIEW DR,,,,216.00,Feet,West,NOLENSVILLE PKE,,,,0.00,N,Not at Intersection, ,Non-Junction,None,,,         ,Eric,Burford,Clear,Not Collision with Motor Vehicle in Transport,no,no,no,yes,no,False
101100945,METROPOLITAN NASHVILLE POLICE DEPT,20160122787,Davidson,Nashville,2/6/2016 6:39:00 PM,1,1,0,36.171030,-86.601670,STATE HWY 45,,,,0.00,,,RAMP,,,,0.00,,,N,Non-Junction,None,,,         ,David,Stanley,Clear,Not Collision with Motor Vehicle in Transport,yes,no,no,no,no,False
101100946,METROPOLITAN NASHVILLE POLICE DEPT,20160122767,Davidson,Nashville,2/6/2016 6:16:00 PM,2,1,0,36.226810,-86.860830,STATE HWY 155,,,,1780.00,Feet,East,EATONS CREEK RD,,,,0.00,N,Not at Intersection,N,Non-Junction,None,,,         ,Brandon,Rardin,Clear,Front to Rear,no,no,no,no,yes,False
101100957,METROPOLITAN NASHVILLE POLICE DEPT,20160122960,Davidson,Nashville,2/6/2016 5:48:00 PM,2,1,0,36.129830,-86.901700,CHARLOTTE PKE,,,,284.00,Feet,West,CABOT DR,,,,0.00,N,Not at Intersection,N,Non-Junction,None,,,         ,Adam,Reese,Clear,Angle,no,no,no,no,no,False
101100964,METROPOLITAN NASHVILLE POLICE DEPT,20160122965,Davidson,Nashville,2/6/2016 7:45:00 PM,2,3,0,36.141720,-86.778670,CHESTNUT ST,,,,0.00,,,8TH AVS,,,,0.00,Y,Four-Way,N,Intersection-Related,None,,,         ,David,Collins,Clear,HeadOn,no,no,no,no,no,False
101100987,METROPOLITAN NASHVILLE POLICE DEPT,20160123112,Davidson,Nashville,2/6/2016 8:26:00 PM,1,1,0,36.045590,-86.711350,STATE HWY 254,,,,392.00,Feet,East,RAMP,,,,0.00,N,Not at Intersection,N,Non-Junction,None,,,         ,Jacob,Masteller,Clear,Not Collision with Motor Vehicle in Transport,yes,no,no,no,yes,False
101101004,METROPOLITAN NASHVILLE POLICE DEPT,20160123224,Davidson,Nashville,2/6/2016 8:28:00 PM,1,0,0,36.065520,-86.680030,ANTIOCH PIKE,,,,0.00,,,REEVES RD,,,,0.00,Y,T-Intersection,N,Intersection-Related,None,,,         ,Brandon,Vance,Clear,Not Collision with Motor Vehicle in Transport,no,no,no,no,no,False
101101010,METROPOLITAN NASHVILLE POLICE DEPT,20160123177,Davidson,Nashville,2/6/2016 8:44:00 PM,2,0,0,36.108670,-86.812140,GLEN ECHO RD,,,,0.00,,,US HWY 431,,,,0.00,Y,Four-Way, ,,None,,,         ,Megan,Lamon,,,no,no,no,no,no,False
101101018,METROPOLITAN NASHVILLE POLICE DEPT,2016-0120747,Davidson,Nashville,2/6/2016 12:25:00 AM,2,0,0,36.149610,-86.797250,DIVISION ST,,,,187.00,Feet,West,LYLE AV,,,,0.00,N,Not at Intersection,N,Non-Junction,None,,,         ,Eugene,Martino,Clear,Angle,no,no,no,no,yes,False
101101029,METROPOLITAN NASHVILLE POLICE DEPT,2016-0115119,Davidson,Nashville,2/4/2016 2:37:00 PM,2,0,0,36.078380,-86.804550,OVERTON LEA RD,,,,350.00,Feet,East,GRANNY WHITE PKE,,,,0.00,N,Not at Intersection, ,Non-Junction,None,,,         ,William,King,Clear,Front to Rear,no,no,no,no,no,False
101101030,METROPOLITAN NASHVILLE POLICE DEPT,2016-0119474,Davidson,Nashville,2/5/2016 5:23:00 PM,2,0,0,36.111440,-86.758000,THOMPSON LN,,,,0.00,,,KRAFT DR,,,,0.00,Y,T-Intersection, ,Intersection,None,,,         ,William,King,Clear,"Sideswipe, Opposite Direction",no,no,no,no,no,False
101101031,METROPOLITAN NASHVILLE POLICE DEPT,20160122788,Davidson,Nashville,2/6/2016 5:50:00 PM,2,0,0,36.161580,-86.775980,3RD AVE N,,,,0.00,,,US HWY 70,,,,0.00,Y,Four-Way, ,Intersection,None,,,         ,Gilbert,Mana,Clear,"Sideswipe, Same Direction",no,no,no,no,no,False
101101040,METROPOLITAN NASHVILLE POLICE DEPT,2016-0121151,Davidson,Nashville,2/6/2016 4:56:00 AM,1,0,0,36.248060,-86.784080,I 24,,,,0.00,,,,,,,42.80,N,Not at Intersection, ,,None,,,         ,Anthony,Cavis,,,no,no,no,no,no,False