master_record_number,agency,agency_tracking_number,county,city,collision_date,vehicles_involved,number_injured,number_dead,latitude,longitude,roadway_name,roadway_suffix,roadway_number,roadway_local_id,distance_from_reference,miles-feet_indicator,direction_from_reference,intersection_road_name,intersection_road_name_suffix,intersection_road_number,intersection_local_id,mile_marker,intersection_indicator,intersect_type,interchange_related_indicator,relation_to_junction,work_zone_type,construction_maintenance_zone,construction_maintenance_zone_location,fatal_case_number,officer_first_name,officer_last_name,weather_condition(s),manner_of_crash,pedestrian,bicycle,scooter,parking,hitrun,mou
101101053,METROPOLITAN NASHVILLE POLICE DEPT,20160123656,Davidson,Nashville,2/6/2016 11:25:00 PM,2,0,0,36.044640,-86.659480,-- UNKNOWN RAMP/ROAD --,,,,0.00,Feet,East,STATE HWY 254,,,,0.00,N,Not at Intersection, ,Entrance/Exit Ramp Related,None,,,         ,Autumn,Manning,Clear,Angle,no,no,no,no,yes,False
101101056,METROPOLITAN NASHVILLE POLICE DEPT,20160123765,Davidson,Not in City Limit,2/7/2016 12:50:00 AM,1,0,0,36.282440,-86.675910,SWINGING BRIDGE RD,,,,0.00,,,CINDER RD,,,,0.00,Y,T-Intersection,N,Intersection,None,,,         ,Bridget,Griepentrog,Clear,Not Collision with Motor Vehicle in Transport,no,no,no,no,no,False
101101064,METROPOLITAN NASHVILLE POLICE DEPT,20160123451,Davidson,Nashville,2/6/2016 12:00:00 AM,1,0,0,36.199250,-86.592280,TULIP GROVE RD,,,,88.00,Feet,North,TULIP BLOSSOM DR,,,,0.00,N,Not at Intersection,N,Non-Junction,None,,,         ,Blake,Giles,Clear,Not Collision with Motor Vehicle in Transport,no,no,no,no,no,False
101101085,METROPOLITAN NASHVILLE POLICE DEPT,20160124020,Davidson,Nashville,2/7/2016 3:09:00 AM,2,0,0,36.154110,-86.836890,I 40,,,,0.00,,,,,,,205.10,N,Not at Intersection,N,Non-Junction,None,,,         ,Steven,Popp,Clear,Front to Rear,no,no,no,no,yes,False
101101089,METROPOLITAN NASHVILLE POLICE DEPT,20160123856,Davidson,Nashville,2/7/2016 1:46:00 AM,1,1,0,36.210920,-86.691580,BRILEY PKWY,,,,485.00,Feet,North,OPRYLAND DR,,,,0.00,N,Not at Intersection,N,Non-Junction,None,,,         ,Leonard,Spadavecchia,Clear,Not Collision with Motor Vehicle in Transport,no,no,no,yes,no,False
101101104,METROPOLITAN NASHVILLE POLICE DEPT,20160121690,Davidson,Nashville,2/6/2016 9:00:00 AM,2,0,0,36.214670,-86.597680,ANDREW JACKSON PKWY,,,,165.00,Feet,South,LEBANON PKE,,,,0.00,N,Not at Intersection,N,Non-Junction,None,,,         ,Kevin,Crawford,Clear,Angle,no,no,no,no,no,False
101101115,METROPOLITAN NASHVILLE POLICE DEPT,20160124259,Davidson,Nashville,2/7/2016 5:56:00 AM,1,0,0,36.121590,-86.717730,E THOMPSON LN,,,,236.00,Feet,North,BROWNING RD,,,,0.00,N,Not at Intersection,N,Non-Junction,None,,,         ,Erik,Dabbs,Clear,Not Collision with Motor Vehicle in Transport,no,no,no,no,yes,False
101101119,METROPOLITAN NASHVILLE POLICE DEPT,20160122142,Davidson,Nashville,2/6/2016 1:45:00 PM,2,0,0,36.134310,-86.780790,WEDGEWOOD AV,,,,59.00,Feet,East,ACKLEN AV,,,,0.00,N,Not at Intersection, ,,None,,,         ,Ronald,Raynore,,,no,no,no,no,no,False
101101131,METROPOLITAN NASHVILLE POLICE DEPT,20160122039,Davidson,Nashville,2/6/2016 12:30:00 PM,2,3,0,36.133240,-86.801270,PORTLAND AVE,,,,0.00,,,US HWY 431,,,,0.00,Y,T-Intersection,N,Intersection,None,,,         ,Eric,Harvey,Clear,Angle,no,no,no,no,no,False
101101140,METROPOLITAN NASHVILLE POLICE DEPT,2016-0121979,Davidson,Nashville,2/6/2016 12:10:00 PM,2,0,0,36.050890,-86.646670,STATE HWY 254,,,,83.00,Feet,East,BELL FORGE LN E,,,,0.00,N,Not at Intersection, ,Non-Junction,None,,,         ,Roderic,Williams,Clear,Front to Rear,no,no,no,no,no,False
101101162,GOODLETTSVILLE POLICE DEPT,16-04853,Davidson,Goodlettsville,2/7/2016 7:40:00 AM,1,0,0,36.310960,-86.702580,I 65,,,,0.00,,,I65 S EXT RAMP,,,,0.00,Y,T-Intersection,Y,Entrance/Exit Ramp Related,None,,,         ,Brian,Hajdu,Clear,Not Collision with Motor Vehicle in Transport,no,no,no,no,no,False
101101223,METROPOLITAN NASHVILLE POLICE DEPT,20160124443,Davidson,Nashville,2/7/2016 7:58:00 AM,2,1,0,36.151210,-86.822530,I 440,,,,0.00,,,,,,,1.55,N,Not at Intersection,N,Non-Junction,None,,,         ,George,Ward,Clear,Front to Rear,no,no,no,no,no,False
101101242,METROPOLITAN NASHVILLE POLICE DEPT,20160124837,Davidson,Not in City Limit,2/7/2016 5:00:00 AM,1,0,0,36.000200,-86.635840,OLD HICKORY BLVD,,,,0.00,,,CANE RIDGE RD,,,,0.00,Y,T-Intersection, ,Non-Junction,None,,,         ,Steven,Williams,Clear,Not Collision with Motor Vehicle in Transport,no,no,no,no,no,False
101101247,METROPOLITAN NASHVILLE POLICE DEPT,20160122049,Davidson,Nashville,2/6/2016 12:42:00 PM,3,0,0,36.177870,-86.800990,I 65,,,,0.00,,,,,,,84.85,N,Not at Intersection,N,Unknown,None,,,         ,Randal,Owsley,Clear,"Sideswipe, Same Direction",no,no,no,no,no,False
101101264,METROPOLITAN NASHVILLE POLICE DEPT,20160124824,Davidson,Nashville,2/7/2016 11:00:00 AM,2,0,0,36.087420,-86.692190,ANTIOCH PIKE,,,,0.00,,,STATE HWY 255,,,,0.00,Y,Four-Way,N,Intersection,None,,,         ,Neil,Cook,Clear,Not Collision with Motor Vehicle in Transport,no,no,no,no,no,False
101101279,METROPOLITAN NASHVILLE POLICE DEPT,20160122830,Davidson,Nashville,2/6/2016 6:50:00 PM,2,0,0,36.214610,-86.604660,LEBANON PKE,,,,0.00,Feet,,SHUTE LN,,,,0.00,Y,T-Intersection,N,Intersection-Related,None,,,         ,Dontaveous,Eubanks,Clear,Angle,no,no,no,no,yes,False
101101280,METROPOLITAN NASHVILLE POLICE DEPT,2016-0124907,Davidson,Nashville,2/7/2016 11:25:00 AM,2,0,0,36.143340,-86.704620,I 40,,,,0.00,,,,,,,214.50,N,Not at Intersection, ,Non-Junction,None,,,         ,Scott,Toney,Clear,"Sideswipe, Same Direction",no,no,no,no,no,False
101101284,METROPOLITAN NASHVILLE POLICE DEPT,20160125037,Davidson,Nashville,2/7/2016 12:50:00 PM,2,0,0,36.067400,-86.631210,US HWY 41,,,,0.00,,,FOREST VIEW DR,,,,0.00,Y,T-Intersection,N,Non-Junction,None,,,         ,Steven,Williams,Clear,Angle,no,no,no,no,no,False
101101304,METROPOLITAN NASHVILLE POLICE DEPT,20160124552,Davidson,Nashville,2/7/2016 8:40:00 AM,1,1,0,36.234640,-86.810040,STATE HWY 155,,,,0.00,,,EXIT 19,,,,0.00,Y,OTHER,N,Non-Junction,None,,,         ,James,Wray,Clear,Not Collision with Motor Vehicle in Transport,no,no,no,no,no,False
101101315,METROPOLITAN NASHVILLE POLICE DEPT,20160123271,Davidson,Nashville,2/6/2016 9:20:00 PM,1,2,0,36.144030,-86.748080,MURFREESBORO PKE,,,,151.00,Feet,West,PARRIS AV,,,,0.00,N,Not at Intersection,N,Non-Junction,None,,,         ,Reuben,Hewit,Clear,Not Collision with Motor Vehicle in Transport,no,no,no,no,no,False
101101318,METROPOLITAN NASHVILLE POLICE DEPT,20160123104,Davidson,Nashville,2/6/2016 8:23:00 PM,2,0,0,36.059070,-86.716220,TUSCULUM RD,,,,0.00,Feet,,NOLENSVILLE PKE,,,,0.00,Y,Four-Way,Y,Intersection,None,,,         ,Nakia,Reid,Clear,"Sideswipe, Opposite Direction",no,no,no,no,no,False
101101328,METROPOLITAN NASHVILLE POLICE DEPT,2016-0124988,Davidson,Nashville,2/7/2016 12:37:00 PM,2,0,0,36.081600,-86.726930,US HWY 31 ALT,,,,400.00,Feet,South,WELSHWOOD DR,,,,0.00,N,Not at Intersection,N,Non-Junction,None,,,         ,Allen,Bates,Clear,"Sideswipe, Same Direction",no,no,no,no,yes,False
101101330,METROPOLITAN NASHVILLE POLICE DEPT,20160119110,Davidson,Nashville,2/5/2016 3:15:00 PM,2,0,0,36.160760,-86.793690,14TH AVN,,,,0.00,,,CHARLOTTE AV,,,,0.00,Y,Four-Way,N,Intersection,None,,,         ,Craig,Oakley,Clear,Front to Rear,no,no,no,no,no,False
101101333,METROPOLITAN NASHVILLE POLICE DEPT,20160125142,Davidson,Nashville,2/7/2016 2:50:00 PM,2,0,0,36.090550,-86.626250,BELL RD,,,,6.00,Feet,South,RAMP,,,,0.00,N,Not at Intersection,N,Non-Junction,None,,,         ,Colby,Mathis,Clear,Front to Rear,no,no,no,no,no,False
101101336,METROPOLITAN NASHVILLE POLICE DEPT,20160125087,Davidson,Nashville,2/7/2016 1:54:00 PM,2,0,0,0.000000,0.000000,CHARLOTTE,PIKE,,,0.00,,,OLD CHARLOTTE,PIKE,US,,0.00,Y,Four-Way, ,Intersection,None,,,         ,Jeremy,Huffine,Clear,Angle,no,no,no,no,no,False
101101359,METROPOLITAN NASHVILLE POLICE DEPT,20160125175,Davidson,Nashville,2/7/2016 2:25:00 PM,2,0,0,36.143200,-86.814770,US HWY 70S,,,,193.00,Feet,South,30TH AVE S,,,,0.00,N,Not at Intersection,N,Non-Junction,None,,,         ,Jose,Salazar,Clear,Front to Rear,no,no,no,yes,yes,Campus
101101374,METROPOLITAN NASHVILLE POLICE DEPT,20160125290,Davidson,Nashville,2/7/2016 4:45:00 PM,2,0,0,36.077110,-86.641390,US HWY 41,,,,0.00,,,LAKEVILLA DR,,,,0.00,Y,Four-Way, ,,None,,,         ,Richard,Olive,,,no,no,no,no,no,False
101101406,METROPOLITAN NASHVILLE POLICE DEPT,20160125362,Davidson,Nashville,2/7/2016 4:30:00 PM,1,0,0,36.097440,-86.660630,HARDING PL,,,,17.00,Feet,North,CANTERCHASE PVTDR,,,,0.00,N,Not at Intersection,N,Non-Junction,None,,,         ,Matthew,Johnson,Cloudy,Not Collision with Motor Vehicle in Transport,no,no,no,no,yes,False
101101425,METROPOLITAN NASHVILLE POLICE DEPT,20160125498,Davidson,Nashville,2/7/2016 5:38:00 PM,1,0,0,36.081040,-86.630180,BELL RD,,,,0.00,,,,,,,0.00,,Not at Intersection,N,"Driveway, Alley Access, etc",None,,,         ,Brian,Smith,Clear,Not Collision with Motor Vehicle in Transport,no,no,no,yes,no,False
101101448,METROPOLITAN NASHVILLE POLICE DEPT,20160125639,Davidson,Nashville,2/7/2016 12:00:00 AM,2,0,0,36.149290,-86.804900,23RD AVN,,,,190.00,Feet,North,WEST END AV,,,,0.00,N,Not at Intersection,N,Non-Junction,None,,,         ,Eric,Burford,Clear,Unknown,no,no,no,no,yes,Campus
101101449,METROPOLITAN NASHVILLE POLICE DEPT,20160125618,Davidson,Not in City Limit,2/7/2016 6:45:00 PM,2,0,0,36.260750,-86.712720,GALLATIN PKES,,,,200.00,Feet,South,MAPLE ST,,,,0.00,N,Not at Intersection, ,Non-Junction,None,,,         ,Christopher,Littles,Clear,Front to Rear,no,no,no,no,no,False
101101450,METROPOLITAN NASHVILLE POLICE DEPT,20160125659,Davidson,Nashville,2/7/2016 7:19:00 PM,2,1,0,36.047580,-86.713400,US HWY 31 ALT,,,,433.00,Feet,South,HICKORYVIEW DR,,,,0.00,N,Not at Intersection,N,Non-Junction,None,,,         ,Alyson,Cook,Clear,Angle,no,no,no,no,no,False
101101465,METROPOLITAN NASHVILLE POLICE DEPT,20160125687,Davidson,Not in City Limit,2/7/2016 6:16:00 PM,1,0,0,36.310820,-86.860950,US HWY 431,,,,1384.00,Feet,East,OLD CLARKSVILLE PIKE,,,,0.00,N,Not at Intersection,N,Non-Junction,None,,,         ,Kevin,Reynolds,Clear,Not Collision with Motor Vehicle in Transport,no,no,no,no,no,False
101101497,METROPOLITAN NASHVILLE POLICE DEPT,20160125723,Davidson,Nashville,2/7/2016 7:56:00 PM,2,0,0,36.248590,-86.728630,DUE WEST AVE W,,,,0.00,,,SAUNDERS AVE,,,,0.00,Y,OTHER, ,Non-Junction,None,,,         ,William,Crowe,Clear,Front to Rear,no,no,no,no,no,False
101101520,METROPOLITAN NASHVILLE POLICE DEPT,20160125892,Davidson,Nashville,2/7/2016 9:35:00 PM,2,0,0,36.134230,-86.777680,WEDGEWOOD AVE,,,,337.00,Feet,West,RIDLEY BLVD,,,,0.00,N,Not at Intersection,N,Entrance/Exit Ramp Related,None,,,         ,Wesley,Feinstein,Clear,Front to Rear,no,no,no,no,yes,False
101101532,METROPOLITAN NASHVILLE POLICE DEPT,20160122388,Davidson,Nashville,2/6/2016 4:02:00 PM,2,0,0,36.169680,-86.821300,W HEIMAN ST,,,,0.00,,,ED TEMPLE BLVD,,,,0.00,Y,Four-Way, ,Intersection,None,,,         ,Royce,McLester,Clear,Front to Rear,no,no,no,no,no,False
101101534,GOODLETTSVILLE POLICE DEPT,16-04928,Davidson,Goodlettsville,2/7/2016 10:50:00 PM,2,0,0,36.311900,-86.701560,I 65,,,,0.00,,,,,,,96.15,N,Not at Intersection,N,Non-Junction,None,,,         ,Jeremy,Baker,Clear,Not Collision with Motor Vehicle in Transport,no,no,no,no,no,False
101101539,METROPOLITAN NASHVILLE POLICE DEPT,20160126123,Davidson,Nashville,2/7/2016 11:40:00 PM,2,0,0,36.050820,-86.647110,STATE HWY 254,,,,0.00,,,,,,,0.00,,, ,Non-Junction,None,,,         ,William,Coy,Clear,"Sideswipe, Same Direction",no,no,no,yes,yes,False
101101543,METROPOLITAN NASHVILLE POLICE DEPT,2016-0123105,Davidson,Nashville,2/6/2016 8:12:00 PM,2,0,0,36.175830,-86.789960,6TH AVN,,,,179.00,Feet,South,MONROE ST,,,,0.00,N,Not at Intersection,N,Non-Junction,None,,,         ,Royce,McLester,Clear,"Sideswipe, Same Direction",no,no,no,no,no,False
101101565,METROPOLITAN NASHVILLE POLICE DEPT,2016-0124182,Davidson,Not in City Limit,2/7/2016 5:00:00 AM,1,0,0,36.291810,-86.908590,GRAYS POINT RD,,,,0.62,Miles,West,CRAFT RD,,,,0.00,N,Not at Intersection,N,Non-Junction,None,,,         ,Armonty,Houston,Clear,Not Collision with Motor Vehicle in Transport,no,no,no,no,yes,False
101101573,METROPOLITAN NASHVILLE POLICE DEPT,20160126177,Davidson,Nashville,2/8/2016 12:13:00 AM,2,0,0,36.069330,-86.692540,HAYWOOD LN,,,,236.00,Feet,East,RAMP,,,,0.00,N,Not at Intersection,N,Unknown,None,,,         ,Megan,Arnett,Clear,"Sideswipe, Same Direction",no,no,no,no,no,False
101101590,METROPOLITAN NASHVILLE POLICE DEPT,20160126539,Davidson,Nashville,2/8/2016 4:22:00 AM,2,0,0,36.069120,-86.683840,ANTIOCH PKE,,,,0.00,,,RICHARDS RD,,,,0.00,Y,T-Intersection, ,Intersection,None,,,         ,Kevin,Breeding,Clear,Front to Rear,no,no,no,no,no,False
101101601,METROPOLITAN NASHVILLE POLICE DEPT,20160126431,Davidson,Not in City Limit,2/8/2016 3:01:00 AM,2,1,0,36.270900,-86.736290,I 65,,,,0.00,,,,,,,92.70,N,Not at Intersection,Y,Entrance/Exit Ramp Related,None,,,         ,Patrick,McGinnis,Clear,Angle,no,no,no,no,no,False
101101604,METROPOLITAN NASHVILLE POLICE DEPT,2016-0126438,Davidson,Nashville,2/8/2016 3:00:00 AM,2,0,0,0.000000,0.000000,TOWNES,DR,,,0.00,,,TUSCULUM,CT,,,0.00,Y,Four-Way,N,Intersection,None,,,         ,Leonard,Cato,Clear,"Sideswipe, Same Direction",no,no,no,no,yes,False
101101613,METROPOLITAN NASHVILLE POLICE DEPT,20160124163,Davidson,Nashville,2/7/2016 4:50:00 AM,1,0,0,36.126710,-86.710990,US HWY 41,,,,0.00,,,THOMPSON PL,,,,0.00,Y,Four-Way,N,Intersection,None,,,         ,Justin,Franklin,Clear,Not Collision with Motor Vehicle in Transport,no,no,no,no,no,False
101101615,GOODLETTSVILLE POLICE DEPT,16-04958,Davidson,Goodlettsville,2/8/2016 5:40:00 AM,2,0,0,36.313810,-86.701360,I 65,,,,0.00,,,,,,,96.30,N,Not at Intersection,N,Non-Junction,None,,,         ,Jason,Ayers,Clear,Front to Rear,no,no,no,no,yes,False
101101618,METROPOLITAN NASHVILLE POLICE DEPT,20160125090,Davidson,Nashville,2/7/2016 12:00:00 AM,1,0,0,36.149560,-86.702440,ELM HILL PKE,,,,355.00,Feet,East,APPLETON DR,,,,0.00,N,Not at Intersection,N,Non-Junction,None,,,         ,Michael,Dance,Clear,Not Collision with Motor Vehicle in Transport,no,no,no,no,no,False
101101629,METROPOLITAN NASHVILLE POLICE DEPT,2016-0125056,Davidson,Nashville,2/7/2016 1:22:00 PM,2,0,0,36.236100,-86.727700,BRILEY PKWYE,,,,400.00,Feet,West,BRILEY PKWYW,,,,0.00,N,Not at Intersection, ,Non-Junction,None,,,         ,David,Boone,Clear,"Sideswipe, Same Direction",no,no,no,no,no,False
101101634,METROPOLITAN NASHVILLE POLICE DEPT,20160118851,Davidson,Nashville,2/5/2016 12:55:00 PM,3,0,0,36.263070,-86.711920,STATE RT 45,,,,0.00,,,GALLATIN PKEN,,,,0.00,Y,Four-Way, ,Intersection,None,,,         ,Jeffery,Burnette,Clear,Front to Rear,no,no,no,no,no,False
101101643,METROPOLITAN NASHVILLE POLICE DEPT,2016-0126796,Davidson,Nashville,2/8/2016 7:10:00 AM,2,0,0,36.083920,-86.891660,PERCY WARNER BLVD,,,,0.00,,,SHADOWOOD DR,,,,0.00,Y,T-Intersection,N,Intersection,None,,,         ,Curtis,Rich,Clear,Angle,no,no,no,no,no,False
101101651,METROPOLITAN NASHVILLE POLICE DEPT,2016-0126771,Davidson,Nashville,2/8/2016 7:00:00 AM,1,1,0,36.160800,-86.777710,BROADWAY,,,,170.00,Feet,West,4TH AVN,,,,0.00,N,Not at Intersection,N,Non-Junction,None,,,         ,Tyler,Adcock,Clear,Not Collision with Motor Vehicle in Transport,yes,no,no,no,no,False
101101654,METROPOLITAN NASHVILLE POLICE DEPT,2016-0118881,Davidson,Nashville,2/5/2016 2:00:00 PM,2,0,0,36.181710,-86.749220,CALVIN AVE,,,,0.00,,,GALLATIN AVE,,,,0.00,Y,T-Intersection, ,Intersection,None,,,         ,Coleman,Womack,Clear,Front to Rear,no,no,no,no,no,False
101101657,METROPOLITAN NASHVILLE POLICE DEPT,20160117588,Davidson,Nashville,2/5/2016 6:30:00 AM,2,0,0,36.131080,-86.695260,STATE HWY 155,,,,116.00,Feet,South,RAMP,,,,0.00,N,Not at Intersection,N,Non-Junction,None,,,         ,Carey,Steel,Clear,Not Collision with Motor Vehicle in Transport,no,no,no,no,no,False
101101667,METROPOLITAN NASHVILLE POLICE DEPT,20160126948,Davidson,Nashville,2/8/2016 7:47:00 AM,2,0,0,36.202040,-86.617020,LEBANON PKE,,,,0.00,,,SWEDEN DR,,,,0.00,Y,T-Intersection, ,Intersection,None,,,         ,James,Curtis,Clear,Angle,no,no,no,no,no,False
101101681,METROPOLITAN NASHVILLE POLICE DEPT,20160125160,Davidson,Nashville,2/7/2016 2:13:00 PM,2,1,0,36.141360,-86.761840,US HWY 31 ALT,,,,178.00,Feet,South,OLD RADNOR CAR LINE RD,,,,0.00,N,Not at Intersection,N,Non-Junction,None,,,         ,David,Smith,Clear,Angle,no,no,no,no,no,False
101101682,METROPOLITAN NASHVILLE POLICE DEPT,20160126822,Davidson,Nashville,2/8/2016 7:24:00 AM,2,0,0,36.109480,-86.727670,STATE HWY 155,,,,50.00,Feet,East,RAMP,,,,0.00,N,Not at Intersection, ,,None,,,         ,David,Smith,,,no,no,no,no,no,False
101101686,METROPOLITAN NASHVILLE POLICE DEPT,2016-0126788,Davidson,Nashville,2/8/2016 7:10:00 AM,2,0,0,36.221130,-86.726590,MCALPINE AVE,,,,0.00,,,GALLATIN PIKE,,,,0.00,Y,T-Intersection,N,Intersection,None,,,         ,Coleman,Womack,Clear,"Sideswipe, Same Direction",no,no,no,no,no,False
101101689,METROPOLITAN NASHVILLE POLICE DEPT,20160126994,Davidson,Nashville,2/8/2016 7:50:00 AM,2,0,0,36.160490,-86.794300,US HWY 70,,,,210.00,Feet,West,EXIT 209,,,,0.00,N,Not at Intersection, ,Non-Junction,None,,,         ,Nathaniel,Clemons,Clear,"Sideswipe, Same Direction",no,no,no,no,no,False
101101692,METROPOLITAN NASHVILLE POLICE DEPT,201601269461,Davidson,Nashville,2/8/2016 12:00:00 AM,2,0,0,36.165720,-86.777590,2ND AVE N,,,,85.00,Feet,South,UNION ST,,,,0.00,N,Not at Intersection,N,Non-Junction,None,,,         ,Clint,Gilleland,,Unknown,no,no,no,no,yes,False
101101693,METROPOLITAN NASHVILLE POLICE DEPT,20160126870,Davidson,Nashville,2/8/2016 7:30:00 AM,2,0,0,0.000000,0.000000,HAMILTON CHURCH,RD,,,100.00,Feet,North,MT . VIEW,RD,SR,,0.00,N,Not at Intersection, ,Non-Junction,None,,,         ,Steven,Williams,Clear,Angle,no,no,no,no,yes,False
101101694,METROPOLITAN NASHVILLE POLICE DEPT,20160126753,Davidson,Nashville,2/8/2016 5:50:00 AM,2,0,0,36.173580,-86.591320,VALLEY GROVE DR,,,,164.00,Feet,South,CENTRAL VALLEY DR,,,,0.00,N,Not at Intersection,N,Non-Junction,None,,,         ,James,Curtis,Clear,Angle,no,no,no,no,yes,False
101101696,METROPOLITAN NASHVILLE POLICE DEPT,20160125002,Davidson,Nashville,2/7/2016 12:52:00 PM,2,0,0,36.116030,-86.810570,US HWY 431,,,,0.00,,,HAMPTON AVE,,,,0.00,Y,T-Intersection,N,Intersection,None,,,         ,Michael,Pyle,Clear,Angle,no,no,no,no,no,False
101101706,METROPOLITAN NASHVILLE POLICE DEPT,20160126797,Davidson,Not in City Limit,2/8/2016 7:10:00 AM,2,0,0,36.318350,-86.889260,CLARKSVILLE PKE,,,,200.00,Feet,West,CHAMBLISS RD,,,,0.00,N,Not at Intersection, ,Non-Junction,None,,,         ,Garren,Hoskins,Clear,"Sideswipe, Same Direction",no,no,no,no,no,False
101101707,METROPOLITAN NASHVILLE POLICE DEPT,20160126991,Davidson,Nashville,2/8/2016 8:00:00 AM,2,0,0,36.037860,-86.784680,I65 S EXT RAMP,,,,0.00,,,OLD HICKORY BLVD,,,,0.00,Y,OTHER, ,Entrance/Exit Ramp Related,None,,,         ,Brent,Bauer,Clear,Front to Rear,no,no,no,no,no,False
101101711,METROPOLITAN NASHVILLE POLICE DEPT,2016-0127079,Davidson,Nashville,2/8/2016 9:00:00 AM,2,0,0,36.152770,-86.779320,8TH AVS,,,,0.00,,,DREXEL ST,,,,0.00,Y,T-Intersection, ,Non-Junction,None,,,         ,Tyler,Adcock,Clear,Other,no,no,no,no,no,False
101101712,METROPOLITAN NASHVILLE POLICE DEPT,2016-0127068,Davidson,Nashville,2/8/2016 8:55:00 AM,2,0,0,36.153530,-86.842300,46TH AVE N,,,,79.00,Feet,North,-- UNKNOWN RAMP/ROAD --,,,,0.00,N,Not at Intersection, ,,None,,,         ,Curtis,Rich,,,no,no,no,no,no,False
101101713,METROPOLITAN NASHVILLE POLICE DEPT,20160117625,Davidson,Nashville,2/5/2016 6:58:00 AM,2,0,0,36.194750,-86.687540,BRILEY PKWYS,,,,182.00,Feet,South,BRILEY PKWYN,,,,0.00,N,Not at Intersection, ,Non-Junction,None,,,         ,James,Curtis,Clear,"Sideswipe, Same Direction",no,no,no,no,no,False
101101714,METROPOLITAN NASHVILLE POLICE DEPT,20160125094,Davidson,Nashville,2/7/2016 2:02:00 PM,2,0,0,36.187960,-86.794050,I 65,,,,0.00,,,,,,,85.50,N,Not at Intersection, ,,None,,,         ,Nathan,Mayo,,,no,no,no,no,no,False
101101717,METROPOLITAN NASHVILLE POLICE DEPT,20160126978,Davidson,Nashville,2/8/2016 12:00:00 AM,2,0,0,36.166740,-86.795400,I 40,,,,0.00,,,,,,,208.30,N,Not at Intersection,N,Non-Junction,None,,,         ,Isaac,Wood,Clear,Front to Rear,no,no,no,no,no,False
101101718,METROPOLITAN NASHVILLE POLICE DEPT,2016-0101088,Davidson,Nashville,1/31/2016 12:00:00 AM,2,1,0,36.235890,-86.781160,RICHMOND HILL DR,,,,0.00,,,BRICK CHURCH PIKE,,,,0.00,Y,T-Intersection,N,Intersection,None,,,         ,Joel,Callies,Clear,"Sideswipe, Same Direction",no,no,no,no,no,False
101101723,METROPOLITAN NASHVILLE POLICE DEPT,20160126806,Davidson,Nashville,2/8/2016 7:20:00 AM,2,0,0,36.093420,-86.736270,NOLENSVILLE PKE,,,,0.00,,,NATCHEZ CT,,,,0.00,Y,T-Intersection,N,Intersection,None,,,         ,Paul,Ellis,Clear,Front to Rear,no,no,no,no,no,False
101101724,METROPOLITAN NASHVILLE POLICE DEPT,20160127147,Davidson,Nashville,2/8/2016 9:37:00 AM,2,0,0,36.143920,-86.813940,WEST END AV,,,,115.00,Feet,South,29TH AVS,,,,0.00,N,Not at Intersection,N,Non-Junction,None,,,         ,Nathan,Kemp,Clear,"Sideswipe, Same Direction",no,no,no,no,no,Campus
101101730,METROPOLITAN NASHVILLE POLICE DEPT,20160126953,Davidson,Nashville,2/8/2016 8:08:00 AM,2,0,0,36.209060,-86.777930,BRICK CHURCH PIKE,,,,0.00,Feet,,AVONDALE CIR,,,,0.00,Y,T-Intersection,N,Non-Junction,None,,,         ,Michael,Parman,Cloudy,Angle,no,no,no,no,yes,False
101101734,METROPOLITAN NASHVILLE POLICE DEPT,2016-0124984,Davidson,Goodlettsville,2/7/2016 12:39:00 PM,2,1,0,36.299890,-86.696400,US HWY 31E,,,,76.00,Feet,East,CUDE LN,,,,0.00,N,Not at Intersection,N,Non-Junction,None,,,         ,Brandon,Wood,Clear,Angle,no,no,no,no,no,False
101101740,METROPOLITAN NASHVILLE POLICE DEPT,2016-0127171,Davidson,Nashville,2/8/2016 9:31:00 AM,2,0,0,36.153290,-86.764800,I 40,,,,0.00,,,,,,,210.70,N,Not at Intersection, ,Non-Junction,None,,,         ,Frank,Campbell,Cloudy,Front to Rear,no,no,no,no,no,False
101101742,METROPOLITAN NASHVILLE POLICE DEPT,20160127043,Davidson,Nashville,2/8/2016 8:35:00 AM,3,0,0,36.040750,-86.650920,I 24,,,,0.00,,,,,,,59.95,N,Not at Intersection,N,Non-Junction,None,,,         ,Kenneth,Alexandrow,Clear,Front to Rear,no,no,no,no,no,False
101101749,METROPOLITAN NASHVILLE POLICE DEPT,20160127249,Davidson,Nashville,2/8/2016 10:19:00 AM,2,0,0,36.143910,-86.697460,BRILEY PKWYN,,,,606.00,Feet,North,I40 E ENT RAMP,,,,0.00,N,Not at Intersection, ,Non-Junction,None,,,         ,James,Curtis,Cloudy,Not Collision with Motor Vehicle in Transport,no,no,no,no,no,False
101101756,METROPOLITAN NASHVILLE POLICE DEPT,20160127243,Davidson,Nashville,2/8/2016 10:10:00 AM,2,1,0,36.047390,-86.656140,BELL RD,,,,84.00,Feet,West,HICKORY HOLLOW PKWY,,,,0.00,N,Not at Intersection,N,Non-Junction,None,,,         ,Jessie,Meadows,Clear,Front to Rear,no,no,no,no,no,False
101101761,METROPOLITAN NASHVILLE POLICE DEPT,20160127043,Davidson,Nashville,2/8/2016 8:12:00 AM,2,0,0,36.040700,-86.650830,I 24,,,,0.00,,,,,,,60.00,N,Not at Intersection,N,Non-Junction,None,,,         ,Kenneth,Alexandrow,Clear,Front to Rear,no,no,no,no,no,False