master_record_number,agency,agency_tracking_number,county,city,collision_date,vehicles_involved,number_injured,number_dead,latitude,longitude,roadway_name,roadway_suffix,roadway_number,roadway_local_id,distance_from_reference,miles-feet_indicator,direction_from_reference,intersection_road_name,intersection_road_name_suffix,intersection_road_number,intersection_local_id,mile_marker,intersection_indicator,intersect_type,interchange_related_indicator,relation_to_junction,work_zone_type,construction_maintenance_zone,construction_maintenance_zone_location,fatal_case_number,officer_first_name,officer_last_name,weather_condition(s),manner_of_crash,pedestrian,bicycle,scooter,parking,hitrun,mou
101101775,METROPOLITAN NASHVILLE POLICE DEPT,20160127482,Davidson,Nashville,2/8/2016 11:54:00 AM,2,0,0,36.134260,-86.777930,WEDGEWOOD AV,,,,341.00,Feet,East,8TH AVS,,,,0.00,N,Not at Intersection, ,Non-Junction,None,,,         ,Nathan,Kemp,Clear,"Sideswipe, Same Direction",no,no,no,no,no,False
101101778,METROPOLITAN NASHVILLE POLICE DEPT,20160110850,Davidson,Nashville,2/3/2016 10:44:00 AM,2,1,0,36.157070,-86.586100,S NEW HOPE RD,,,,401.00,Feet,South,REGATTA BLVD,,,,0.00,N,Not at Intersection,N,Non-Junction,None,,,         ,James,Curtis,Clear,Other,no,no,no,no,no,False
101101782,METROPOLITAN NASHVILLE POLICE DEPT,2016-0127392,Davidson,Nashville,2/8/2016 11:10:00 AM,2,0,0,36.109170,-86.811840,US HWY 431,,,,0.00,,,CRESTMOOR RD,,,,0.00,Y,T-Intersection, ,Intersection,None,,,         ,Walter,Gray II,Cloudy,Angle,no,no,no,no,no,False
101101789,METROPOLITAN NASHVILLE POLICE DEPT,20160127190,Davidson,Nashville,2/8/2016 10:15:00 AM,2,0,0,36.244950,-86.746880,I65 S EXT RAMP,,,,0.00,,,I 65,,,,0.00,Y,OTHER,N,Entrance/Exit Ramp Related,None,,,         ,Jeffery,Burnette,Cloudy,"Sideswipe, Same Direction",no,no,no,no,no,False
101101806,METROPOLITAN NASHVILLE POLICE DEPT,20160127583,Davidson,Nashville,2/8/2016 12:28:00 PM,3,0,0,36.149380,-86.773340,I 40,,,,0.00,,,,,,,210.20,N,Not at Intersection, ,Non-Junction,None,,,         ,Nathan,Kemp,Clear,Angle,no,no,no,no,no,False
101101809,METROPOLITAN NASHVILLE POLICE DEPT,2016-0126805,Davidson,Nashville,2/8/2016 7:00:00 AM,2,0,0,36.230630,-86.718540,LOG CABIN RD,,,,0.00,,,HAYSBORO AVE,,,,0.00,Y,T-Intersection, ,"Driveway, Alley Access, etc",None,,,         ,Eric,Knight,Cloudy,Rear to Side,no,no,no,no,no,False
101101811,METROPOLITAN NASHVILLE POLICE DEPT,20160127495,Davidson,Nashville,2/8/2016 12:05:00 PM,1,0,0,36.244990,-86.746810,I65 S EXT RAMP,,,,0.00,,,I 65,,,,0.00,Y,OTHER,N,Entrance/Exit Ramp Related,None,,,         ,Jeffery,Burnette,Cloudy,Not Collision with Motor Vehicle in Transport,no,no,no,no,no,False
101101812,METROPOLITAN NASHVILLE POLICE DEPT,20160127307,Davidson,Nashville,2/8/2016 10:00:00 AM,2,1,0,36.152330,-86.771570,4TH AVE S,,,,0.00,,,ASH ST,,,,0.00,Y,Four-Way,N,Intersection,None,,,         ,Daniel,Russett,Clear,HeadOn,no,no,no,no,no,False
101101846,METROPOLITAN NASHVILLE POLICE DEPT,20160125295,Davidson,Goodlettsville,2/7/2016 4:08:00 PM,2,2,0,36.294920,-86.700940,GALLATIN PKEN,,,,0.00,,,MCHENRY CENTER PVTDR,,,,0.00,Y,Four-Way,N,Intersection,None,,,         ,Bradley,Campbell,Clear,Angle,no,no,no,no,no,False
101101847,METROPOLITAN NASHVILLE POLICE DEPT,20160127742,Davidson,Nashville,2/8/2016 1:33:00 PM,2,0,0,36.086290,-86.699200,HARDING PL,,,,165.00,Feet,West,I24 W EXT RAMP,,,,0.00,N,Not at Intersection,N,Non-Junction,None,,,         ,Jessie,Meadows,Clear,Front to Rear,no,no,no,no,yes,False
101101850,METROPOLITAN NASHVILLE POLICE DEPT,2016-0127610,Davidson,Nashville,2/8/2016 12:34:00 PM,2,0,0,36.152750,-86.840920,45TH AVE N,,,,192.00,Feet,North,US HWY 70,,,,0.00,N,Not at Intersection,N,Non-Junction,None,,,         ,Walter,Gray II,Cloudy,Other,no,no,no,no,yes,False
101101854,METROPOLITAN NASHVILLE POLICE DEPT,20160127736,Davidson,Nashville,2/8/2016 1:14:00 PM,2,0,0,36.142970,-86.744340,FESSLERS LN,,,,63.00,Feet,North,MURFREESBORO PKE,,,,0.00,N,Not at Intersection,N,Non-Junction,None,,,         ,Wesley,Young,Cloudy,Front to Rear,no,no,no,no,yes,False
101101863,METROPOLITAN NASHVILLE POLICE DEPT,2016-0127697,Davidson,Nashville,2/8/2016 11:49:00 AM,2,0,0,36.137860,-86.820640,WEST END AV,,,,0.00,,,I440 W EXT RAMP,,,,0.00,Y,T-Intersection, ,Intersection,None,,,         ,Emily,Davies,Clear,"Sideswipe, Same Direction",no,no,no,no,no,False
101101875,METROPOLITAN NASHVILLE POLICE DEPT,20160127632,Davidson,Not in City Limit,2/8/2016 12:35:00 PM,2,1,0,36.313550,-86.865160,RAMP,,,,0.00,,,US HWY 431,,,,0.00,Y,Y-Intersection,N,Intersection,None,,,         ,Brandon,Evans,Cloudy,Angle,no,no,no,no,no,False
101101890,METROPOLITAN NASHVILLE POLICE DEPT,20160125575,Davidson,Nashville,2/7/2016 6:15:00 PM,2,0,0,36.116330,-86.736900,RASCOE ST,,,,153.00,Feet,South,LUTIE ST,,,,0.00,N,Not at Intersection, ,Non-Junction,None,,,         ,Ian,Lynch,Clear,Rear to Side,no,no,no,no,yes,False
101101897,METROPOLITAN NASHVILLE POLICE DEPT,2016-119415,Davidson,Nashville,2/5/2016 3:48:00 PM,2,0,0,36.168450,-86.766110,I 24,,,,0.00,,,,,,,48.80,N,Not at Intersection,N,Non-Junction,None,,,         ,Michael,Schlegel,Cloudy,Front to Rear,no,no,no,no,yes,False
101101898,METROPOLITAN NASHVILLE POLICE DEPT,2016-0127961,Davidson,Nashville,2/8/2016 2:27:00 PM,2,0,0,36.129740,-86.796560,BLAIR BLVD,,,,299.00,Feet,West,BELMONT BLVD,,,,0.00,N,Not at Intersection,N,Non-Junction,None,,,         ,Austin,Kendrick,Snow,"Sideswipe, Same Direction",no,no,no,no,yes,False
101101905,GOODLETTSVILLE POLICE DEPT,16-04997,Davidson,Goodlettsville,2/8/2016 2:10:00 PM,2,0,0,36.324480,-86.704320,I 65,,,,0.00,,,STATE HWY 174,,,,0.00,Y,OTHER, ,Entrance/Exit Ramp Related,None,,,         ,Charles,Hauskin,Clear,Front to Rear,no,no,no,no,no,False
101101915,METROPOLITAN NASHVILLE POLICE DEPT,20160128042,Davidson,Nashville,2/8/2016 3:23:00 PM,2,0,0,36.103560,-86.772610,GLEN LEVEN DR,,,,0.00,,,FRANKLIN PKE,,,,0.00,Y,T-Intersection,N,Intersection,None,,,         ,Nicholas,Smith,Snow,Front to Rear,no,no,no,no,no,False
101101917,METROPOLITAN NASHVILLE POLICE DEPT,2016119423,Davidson,Nashville,2/5/2016 4:47:00 PM,2,0,0,36.154480,-86.779450,8TH AVS,,,,0.00,,,LAFAYETTE ST,,,,0.00,Y,Roundabout, ,OtherLocation,None,,,         ,Jacob,Paul,Cloudy,"Sideswipe, Same Direction",no,no,no,no,no,False
101101931,METROPOLITAN NASHVILLE POLICE DEPT,20160128139,Davidson,Nashville,2/8/2016 3:43:00 PM,2,1,0,36.166170,-86.764700,I 24,,,,0.00,,,,,,,49.00,N,Not at Intersection,N,Non-Junction,None,,,         ,Rachael,Sacco,Snow,Front to Rear,no,no,no,no,no,False
101101932,VANDERBILT UNIVERSITY POLICE,16-0128043,Davidson,Nashville,2/8/2016 2:57:00 PM,2,0,0,36.141990,-86.800980,MEDICAL CENTER DR,,,,0.00,,,,,,,0.00,,Not at Intersection, ,Non-Junction,None,,,         ,William,Gladu,Cloudy,Front to Rear,no,no,no,yes,no,Campus
101101937,METROPOLITAN NASHVILLE POLICE DEPT,20160128213,Davidson,Nashville,2/8/2016 4:09:00 PM,2,1,0,36.072690,-86.636920,US HWY 41,,,,348.00,Feet,North,BELL RD,,,,0.00,N,Not at Intersection,N,Non-Junction,None,,,         ,Michael,Apsey,Snow,Front to Rear,no,no,no,no,no,False
101101940,METROPOLITAN NASHVILLE POLICE DEPT,20160128128,Davidson,Nashville,2/8/2016 3:44:00 PM,2,0,0,36.174970,-86.784400,RAMP,,,,0.00,,,3RD AVE N,,,,0.00,Y,OTHER,Y,Entrance/Exit Ramp Related,None,,,         ,Joshua,Hollins,Snow,Front to Rear,no,no,no,no,no,False
101101941,METROPOLITAN NASHVILLE POLICE DEPT,20160128235,Davidson,Nashville,2/8/2016 4:05:00 PM,2,0,0,36.149470,-86.773860,I 40,,,,0.00,,,,,,,210.20,N,Not at Intersection,N,Non-Junction,None,,,         ,Derek,Betty,Snow,Front to Rear,no,no,no,no,yes,False
101101942,METROPOLITAN NASHVILLE POLICE DEPT,20160128288,Davidson,Nashville,2/8/2016 4:32:00 PM,2,1,0,36.151790,-86.752640,I 40,,,,0.00,,,,,,,211.45,N,Not at Intersection,N,Non-Junction,None,,,         ,Leslie,Hale,Snow,Front to Rear,no,no,no,no,no,False
101101943,METROPOLITAN NASHVILLE POLICE DEPT,20160128133,Davidson,Nashville,2/8/2016 3:50:00 PM,1,0,0,36.074190,-86.693420,LINBAR DR,,,,357.00,Feet,North,BAKERTOWN RD,,,,0.00,N,Not at Intersection,N,Non-Junction,None,,,         ,Jessie,Meadows,Snow,Not Collision with Motor Vehicle in Transport,no,no,no,no,no,False
101101944,METROPOLITAN NASHVILLE POLICE DEPT,20160125790,Davidson,Nashville,2/7/2016 8:25:00 PM,2,0,0,36.216620,-86.762850,BRUNSWICK DR,,,,234.00,Feet,South,LORRAINE AVE,,,,0.00,N,Not at Intersection, ,Non-Junction,None,,,         ,Christopher,Valdez,Clear,"Sideswipe, Opposite Direction",no,no,no,no,yes,False
101101945,METROPOLITAN NASHVILLE POLICE DEPT,20160128126,Davidson,Nashville,2/8/2016 3:40:00 PM,2,1,0,36.171650,-86.765220,WOODLAND ST,,,,155.00,Feet,West,S 5TH ST,,,,0.00,N,Not at Intersection,N,Non-Junction,None,,,         ,Christopher,Valdez,Snow,"Sideswipe, Same Direction",no,no,no,no,no,False
101101957,METROPOLITAN NASHVILLE POLICE DEPT,20160128300,Davidson,Nashville,2/8/2016 4:15:00 PM,2,0,0,36.097720,-86.709560,I 24,,,,0.00,,,,,,,54.75,N,Not at Intersection, ,Non-Junction,None,,,         ,Ian,Lynch,Cloudy,Front to Rear,no,no,no,no,no,False
101101958,BELLE MEADE POLICE DEPT,16-0031,Davidson,Nashville,2/8/2016 2:43:00 PM,2,1,0,36.115750,-86.860440,HARDING PKE,,,,0.00,,,EVELYN AV,,,,0.00,Y,T-Intersection,N,Intersection,None,,,         ,Doris,Howell,Sleet/Hail,Front to Rear,no,no,no,no,no,False
101101959,METROPOLITAN NASHVILLE POLICE DEPT,20160128127,Davidson,Goodlettsville,2/8/2016 3:25:00 PM,2,1,0,36.285160,-86.692620,MYATT DR,,,,0.00,,,NORTHGATE BUSINESS PKWY,,,,0.00,Y,T-Intersection,N,Intersection-Related,None,,,         ,Jordan,Lowry,Snow,Angle,no,no,no,no,no,False
101101964,METROPOLITAN NASHVILLE POLICE DEPT,2016-0128217,Davidson,Nashville,2/8/2016 4:10:00 PM,3,1,0,36.154670,-86.832020,I 40,,,,0.00,,,,,,,205.40,N,Not at Intersection,N,Non-Junction,None,,,         ,Walter,Gray II,Cloudy,Front to Rear,no,no,no,no,no,False
101101971,METROPOLITAN NASHVILLE POLICE DEPT,20160128330,Davidson,Nashville,2/8/2016 4:45:00 PM,2,0,0,36.157110,-86.708700,LEBANON PKE,,,,86.00,Feet,East,OMOHUNDRO DR,,,,0.00,N,Not at Intersection,N,Non-Junction,None,,,         ,John,Kelley,Rain,Front to Rear,no,no,no,no,no,False
101101981,METROPOLITAN NASHVILLE POLICE DEPT,20160128272,Davidson,Nashville,2/8/2016 4:28:00 PM,1,1,0,36.090470,-86.889740,HARDING PKE,,,,162.00,Feet,East,ST LUKE DR,,,,0.00,N,Not at Intersection,N,Non-Junction,None,,,         ,Brandon,Pedigo,Cloudy,Not Collision with Motor Vehicle in Transport,no,no,no,no,no,False
101101986,METROPOLITAN NASHVILLE POLICE DEPT,20160128369,Davidson,Nashville,2/8/2016 5:00:00 PM,2,0,0,36.084900,-86.761820,SIDCO DR,,,,0.00,,,ELYSIAN FIELDS RD,,,,0.00,Y,T-Intersection,N,Intersection,None,,,         ,Nicholas,Smith,Snow,Angle,no,no,no,no,no,False
101101987,METROPOLITAN NASHVILLE POLICE DEPT,20160128434,Davidson,Nashville,2/8/2016 5:15:00 PM,2,0,0,36.147070,-86.797120,19TH AVS,,,,47.00,Feet,South,GRAND AV,,,,0.00,N,Not at Intersection, ,Non-Junction,None,,,         ,Charles,Griffin,Snow,"Sideswipe, Same Direction",no,no,no,no,no,Campus
101101993,METROPOLITAN NASHVILLE POLICE DEPT,20160128482,Davidson,Nashville,2/8/2016 5:35:00 PM,2,1,0,36.184870,-86.759260,CLEVELAND ST,,,,0.00,,,-- UNKNOWN RAMP/ROAD --,,,,0.00,Y,T-Intersection,Y,Intersection-Related,None,,,         ,Terence,Maahs,Sleet/Hail,Angle,no,no,no,no,no,False
101101995,METROPOLITAN NASHVILLE POLICE DEPT,20160128467,Davidson,Nashville,2/8/2016 12:00:00 AM,2,0,0,36.204710,-86.690170,OPRY MILLS DR,,,,0.00,,,OPRYLAND DR,,,,0.00,Y,OTHER,N,Non-Junction,None,,,         ,Craig,Gentry,Sleet/Hail,"Sideswipe, Opposite Direction",no,no,no,no,no,False
101101996,METROPOLITAN NASHVILLE POLICE DEPT,20160128498,Davidson,Nashville,2/8/2016 5:11:00 PM,2,0,0,36.075500,-86.920920,STATE HWY 251,,,,377.00,Feet,North,US HWY 70S,,,,0.00,N,Not at Intersection,N,Non-Junction,None,,,         ,Benjamin,Spees,Rain,Angle,no,no,no,no,no,False
101102007,METROPOLITAN NASHVILLE POLICE DEPT,20160128368,Davidson,Nashville,2/8/2016 5:05:00 PM,2,0,0,36.147360,-86.877590,I 40,,,,0.00,,,,,,,202.80,N,Not at Intersection, ,Non-Junction,None,,,         ,Adam,Reese,Snow,Front to Rear,no,no,no,no,no,False
101102008,METROPOLITAN NASHVILLE POLICE DEPT,20160128578,Davidson,Nashville,2/8/2016 6:06:00 PM,2,0,0,36.130890,-86.806040,BLAIR BLVD,,,,0.00,,,24TH AVS,,,,0.00,Y,T-Intersection, ,Intersection,None,,,         ,Charles,Griffin,Rain,Angle,no,no,no,no,no,False
101102012,METROPOLITAN NASHVILLE POLICE DEPT,20160128594,Davidson,Nashville,2/8/2016 5:43:00 PM,3,0,0,36.069440,-86.689620,I 24,,,,0.00,,,,,,,57.00,N,Not at Intersection,N,Non-Junction,None,,,         ,Brandon,Vance,Snow,Front to Rear,no,no,no,no,yes,False
101102013,METROPOLITAN NASHVILLE POLICE DEPT,20160128325,Davidson,Nashville,2/8/2016 5:15:00 PM,2,4,0,36.045610,-86.710760,OLD HICKORY BLVD,,,,744.00,Feet,East,NOLENSVILLE PKE,,,,0.00,N,Not at Intersection,N,Non-Junction,None,,,         ,Jessie,Meadows,Snow,Angle,no,no,no,no,no,False
101102016,METROPOLITAN NASHVILLE POLICE DEPT,20160128223,Davidson,Nashville,2/8/2016 4:11:00 PM,2,0,0,36.035630,-86.638310,OLD FRANKLIN RD,,,,66.00,Feet,North,CROSSINGS BLVD,,,,0.00,N,Not at Intersection, ,Non-Junction,None,,,         ,William,Durham,Snow,"Sideswipe, Opposite Direction",no,no,no,no,no,False
101102017,METROPOLITAN NASHVILLE POLICE DEPT,20160128408,Davidson,Nashville,2/8/2016 4:18:00 PM,2,0,0,36.044670,-86.670470,HICKORY PARK DR,,,,72.00,Feet,South,BELL RD,,,,0.00,N,Not at Intersection, ,Non-Junction,None,,,         ,William,Durham,Snow,Front to Rear,no,no,no,no,no,False
101102019,METROPOLITAN NASHVILLE POLICE DEPT,20160128509,Davidson,Nashville,2/8/2016 5:50:00 PM,2,0,0,36.115980,-86.787480,I 440,,,,0.00,,,,,,,4.10,N,Not at Intersection, ,Non-Junction,None,,,         ,Nicholas,Smith,Snow,Front to Rear,no,no,no,no,no,False
101102038,METROPOLITAN NASHVILLE POLICE DEPT,20160128693,Davidson,Not in City Limit,2/8/2016 6:53:00 PM,1,0,0,36.276860,-86.768460,OLD HICKORY BLVD,,,,456.00,Feet,East,GOOD DAY CT,,,,0.00,N,Not at Intersection,N,Non-Junction,None,,,         ,Bradley,Campbell,Snow,Not Collision with Motor Vehicle in Transport,no,no,no,no,no,False
101102050,METROPOLITAN NASHVILLE POLICE DEPT,20160128696,Davidson,Nashville,2/8/2016 6:50:00 PM,2,0,0,36.088570,-86.615420,CASTLEGATE DR,,,,256.00,Feet,South,SMITH SPRINGS RD,,,,0.00,N,Not at Intersection,N,OtherLocation,None,,,         ,Reuben,Hewit,Snow,Angle,no,no,no,no,no,False
101102058,METROPOLITAN NASHVILLE POLICE DEPT,2016-0125160,Davidson,Nashville,2/7/2016 3:08:00 PM,2,2,0,36.163090,-86.835640,ALAMEDA ST,,,,142.00,Feet,West,TSU CONNECTOR,,,,0.00,N,Not at Intersection,N,Non-Junction,None,,,         ,Ryan,Allen,Clear,"Sideswipe, Opposite Direction",no,no,no,no,no,False
101102059,METROPOLITAN NASHVILLE POLICE DEPT,2016-0128722,Davidson,Nashville,2/8/2016 5:13:00 PM,2,0,0,36.132400,-86.831320,WEST END AV,,,,64.00,Feet,East,CARDEN AV,,,,0.00,N,Not at Intersection, ,Non-Junction,None,,,         ,Ryan,Allen,Snow,Front to Rear,no,no,no,no,no,False
101102060,METROPOLITAN NASHVILLE POLICE DEPT,20160128569,Davidson,Nashville,2/8/2016 6:09:00 PM,3,0,0,36.222740,-86.761290,DICKERSON PKE,,,,397.00,Feet,North,HART LN,,,,0.00,N,Not at Intersection,N,Non-Junction,None,,,         ,Akira,McSwain,Sleet/Hail,Front to Rear,no,no,no,no,no,False
101102067,METROPOLITAN NASHVILLE POLICE DEPT,20160128829,Davidson,Nashville,2/8/2016 8:03:00 PM,2,0,0,36.083100,-86.692830,JOSAM DR,,,,675.00,Feet,West,JANSING DR,,,,0.00,N,Not at Intersection, ,,None,,,         ,Brandon,Vance,,,no,no,no,no,no,False
101102071,METROPOLITAN NASHVILLE POLICE DEPT,20160128614,Davidson,Nashville,2/8/2016 6:00:00 PM,2,0,0,36.039460,-86.781640,STATE HWY 254,,,,169.00,Feet,South,-- UNKNOWN RAMP/ROAD --,,,,0.00,N,Not at Intersection, ,Non-Junction,None,,,         ,John,Stanfield,Snow,Front to Rear,no,no,no,no,no,False
101102092,METROPOLITAN NASHVILLE POLICE DEPT,20160128490,Davidson,Nashville,2/8/2016 5:41:00 PM,2,0,0,36.170360,-86.768400,INTERSTATE DR,,,,0.00,,,WOODLAND ST,,,,0.00,Y,T-Intersection,Y,Intersection,None,,,         ,Joshua,Hollins,Snow,Angle,no,no,no,no,no,False
101102098,METROPOLITAN NASHVILLE POLICE DEPT,2016-0128896,Davidson,Nashville,2/8/2016 8:39:00 PM,2,1,0,36.074480,-86.920940,OLD HICKORY BLVD,,,,0.00,,,HIGHWAY 70S,,,,0.00,Y,Four-Way,N,Intersection,None,,,         ,Michael,Rogers,Snow,Angle,no,no,no,no,no,False
101102103,METROPOLITAN NASHVILLE POLICE DEPT,20160128529,Davidson,Nashville,2/8/2016 5:53:00 PM,2,1,0,36.198680,-86.826540,KIRK AV,,,,0.00,,,BUENA VISTA PKE,,,,0.00,Y,T-Intersection,N,"Driveway, Alley Access, etc",None,,,         ,Thomas,Burns,Snow,Rear to Side,no,no,no,no,no,False
101102105,METROPOLITAN NASHVILLE POLICE DEPT,20160128296,Davidson,Nashville,2/8/2016 4:35:00 PM,2,0,0,36.184340,-86.798130,I 65,,,,0.00,,,,,,,85.30,N,Not at Intersection, ,Non-Junction,None,,,         ,Michael,Brooks,Snow,Front to Rear,no,no,no,no,no,False
101102106,METROPOLITAN NASHVILLE POLICE DEPT,20160128595,Davidson,Not in City Limit,2/8/2016 6:10:00 PM,1,0,0,36.319060,-86.844450,I 24,,,,0.00,,,,,,,36.30,N,Not at Intersection, ,Non-Junction,None,,,         ,Michael,Brooks,Snow,Not Collision with Motor Vehicle in Transport,no,no,no,no,no,False
101102107,METROPOLITAN NASHVILLE POLICE DEPT,20160128652,Davidson,Nashville,2/8/2016 6:23:00 PM,1,1,0,36.173270,-86.791400,ROSA L PARKS BLVD,,,,0.00,,,JEFFERSON ST,,,,0.00,Y,Four-Way,N,Intersection,None,,,         ,Michael,Brooks,Snow,Not Collision with Motor Vehicle in Transport,no,no,no,no,no,False
101102108,METROPOLITAN NASHVILLE POLICE DEPT,20160128782,Davidson,Nashville,2/8/2016 7:37:00 PM,2,0,0,36.184760,-86.798170,ROSA L PARKS BLVD,,,,0.00,,,I65 S ENT RAMP,,,,0.00,Y,OTHER,Y,Intersection,None,,,         ,Michael,Brooks,Snow,Angle,no,no,no,no,no,False
101102111,METROPOLITAN NASHVILLE POLICE DEPT,20160129008,Davidson,Nashville,2/8/2016 9:05:00 PM,1,0,0,36.135790,-86.701560,GLASTONBURY RD,,,,254.00,Feet,North,SOUTHWOOD PARK PL,,,,0.00,N,Not at Intersection,N,Non-Junction,None,,,         ,Colby,Mathis,Snow,Not Collision with Motor Vehicle in Transport,no,no,no,no,no,False
101102112,METROPOLITAN NASHVILLE POLICE DEPT,20160120326,Davidson,Not in City Limit,2/5/2016 9:56:00 PM,2,1,0,36.269260,-86.755740,OLD HICKORY BLVDW,,,,0.00,,,DICKERSON PKE,,,,0.00,Y,Four-Way,Y,Intersection,None,,,         ,Samuel,Miller,Clear,HeadOn,no,no,no,no,no,False
101102113,METROPOLITAN NASHVILLE POLICE DEPT,20160128084,Davidson,Goodlettsville,2/8/2016 3:31:00 PM,2,0,0,36.300770,-86.694820,GALLATIN PKEN,,,,0.00,,,SHEPHERD HILLS DR,,,,0.00,Y,Four-Way, ,Intersection,None,,,         ,Samuel,Miller,Snow,Front to Rear,no,no,no,no,no,False
101102114,METROPOLITAN NASHVILLE POLICE DEPT,20160128524,Davidson,Not in City Limit,2/8/2016 5:52:00 PM,2,0,0,36.262820,-86.680970,STATE RT 45,,,,0.00,,,RIO VISTA DR,,,,0.00,Y,Four-Way, ,Intersection,None,,,         ,Samuel,Miller,Snow,Angle,no,no,no,no,no,False
101102115,METROPOLITAN NASHVILLE POLICE DEPT,20160128800,Davidson,Nashville,2/8/2016 7:14:00 PM,2,0,0,36.241910,-86.785650,I 24,,,,0.00,,,,,,,43.25,N,Not at Intersection,N,Entrance/Exit Ramp Related,None,,,         ,Samuel,Miller,Snow,"Sideswipe, Same Direction",no,no,no,no,yes,False
101102116,METROPOLITAN NASHVILLE POLICE DEPT,20160128657,Davidson,Not in City Limit,2/8/2016 6:44:00 PM,1,0,0,36.276680,-86.751760,DICKERSON PKE,,,,400.00,Feet,South,HUNTERS LN,,,,0.00,N,Not at Intersection,N,Non-Junction,None,,,         ,Christopher,Littles,Snow,Not Collision with Motor Vehicle in Transport,no,no,no,no,no,False
101102119,METROPOLITAN NASHVILLE POLICE DEPT,20160128706,Davidson,Not in City Limit,2/8/2016 6:47:00 PM,2,0,0,36.275250,-86.709910,US HWY 31E,,,,658.00,Feet,North,ANDERSON LN,,,,0.00,N,Not at Intersection, ,Non-Junction,None,,,         ,Jordan,Lowry,Snow,Front to Rear,no,no,no,no,no,False
101102131,BERRY HILL POLICE DEPT,16-0485,Davidson,Berry Hill,2/8/2016 6:18:00 AM,2,1,0,36.119180,-86.760300,MELROSE AV,,,,346.00,Feet,East,FOUR FORTY CENTER PVTDR,,,,0.00,N,Not at Intersection,N,Non-Junction,None,,,         ,Kevin,Spencer,Clear,Angle,no,no,no,no,no,False
101102140,METROPOLITAN NASHVILLE POLICE DEPT,2016-0125672,Davidson,Nashville,2/7/2016 7:28:00 PM,3,0,0,36.117190,-86.740870,LUTIE ST,,,,0.00,,,,,,,0.00,,, ,Non-Junction,None,,,         ,Ian,Lynch,Clear,Angle,no,no,no,yes,no,False
101102141,METROPOLITAN NASHVILLE POLICE DEPT,20160126730,Davidson,Nashville,2/8/2016 6:30:00 AM,1,1,0,36.158530,-86.798840,CHARLOTTE AV,,,,72.00,Feet,East,FISK ST,,,,0.00,N,Not at Intersection,N,Non-Junction,None,,,         ,Kevin,Frei,Clear,Not Collision with Motor Vehicle in Transport,yes,no,no,no,no,False
101102142,METROPOLITAN NASHVILLE POLICE DEPT,20160126631,Davidson,Nashville,2/8/2016 5:20:00 AM,2,0,0,36.086910,-86.648680,UNA ANTIOCH PKE,,,,0.00,,,NASHBORO BLVD,,,,0.00,Y,Five Point Or More,N,OtherLocation,None,,,         ,Cecilia,Gomez,Clear,Other,no,no,no,no,no,False
101102145,METROPOLITAN NASHVILLE POLICE DEPT,20160129196,Davidson,Nashville,2/8/2016 11:20:00 PM,1,0,0,36.133050,-86.792180,15TH AVE S,,,,203.00,Feet,South,CALDWELL AVE,,,,0.00,N,Not at Intersection, ,Non-Junction,None,,,         ,Spencer,Pittman,Snow,Not Collision with Motor Vehicle in Transport,no,no,no,no,no,False
101102149,METROPOLITAN NASHVILLE POLICE DEPT,20160129112,Davidson,Nashville,2/8/2016 10:37:00 PM,2,1,0,36.048780,-86.613020,US HWY 41,,,,713.00,Feet,South,MOUNT VIEW RD,,,,0.00,N,Not at Intersection,N,Non-Junction,None,,,         ,David,Moser,Snow,Front to Rear,no,no,no,no,no,False
101102151,METROPOLITAN NASHVILLE POLICE DEPT,20160129327,Davidson,Madison,2/9/2016 12:15:00 AM,1,0,0,36.275870,-86.709660,US HWY 31E,,,,281.00,Feet,North,PIERCE RD,,,,0.00,N,Not at Intersection, ,Non-Junction,None,,,         ,Chad,Brown,Cloudy,Not Collision with Motor Vehicle in Transport,no,no,no,no,no,False
101102156,METROPOLITAN NASHVILLE POLICE DEPT,20160129253,Davidson,Nashville,2/8/2016 11:40:00 PM,1,0,0,36.112450,-86.772600,-- UNKNOWN RAMP/ROAD --,,,,0.00,Feet,East,I 65,,,,0.00,N,Not at Intersection,N,Entrance/Exit Ramp Related,None,,,         ,Spencer,Pittman,Snow,Not Collision with Motor Vehicle in Transport,no,no,no,no,no,False
101102158,METROPOLITAN NASHVILLE POLICE DEPT,20160129337,Davidson,Nashville,2/9/2016 12:15:00 AM,1,0,0,36.131820,-86.794970,BERNARD AVE,,,,150.00,Feet,East,BELMONT BLVD,,,,0.00,N,Not at Intersection, ,Non-Junction,None,,,         ,Spencer,Pittman,Snow,Not Collision with Motor Vehicle in Transport,no,no,no,no,no,False
101102159,METROPOLITAN NASHVILLE POLICE DEPT,20160129423,Davidson,Not in City Limit,2/9/2016 12:55:00 AM,1,0,0,36.077340,-87.010160,I 40,,,,0.00,,,,,,,193.10,N,Not at Intersection,N,Non-Junction,None,,,         ,Jackson,Smythe,Snow,Not Collision with Motor Vehicle in Transport,no,no,no,no,no,False
101102161,METROPOLITAN NASHVILLE POLICE DEPT,20160129249,Davidson,Nashville,2/8/2016 11:40:00 PM,1,0,0,36.115710,-86.773210,I 65,,,,0.00,,,,,,,80.15,N,Not at Intersection,N,Non-Junction,None,,,         ,Tyler,Bryson,Snow,Not Collision with Motor Vehicle in Transport,no,no,no,no,no,False