master_record_number,agency,agency_tracking_number,county,city,collision_date,vehicles_involved,number_injured,number_dead,latitude,longitude,roadway_name,roadway_suffix,roadway_number,roadway_local_id,distance_from_reference,miles-feet_indicator,direction_from_reference,intersection_road_name,intersection_road_name_suffix,intersection_road_number,intersection_local_id,mile_marker,intersection_indicator,intersect_type,interchange_related_indicator,relation_to_junction,work_zone_type,construction_maintenance_zone,construction_maintenance_zone_location,fatal_case_number,officer_first_name,officer_last_name,weather_condition(s),manner_of_crash,pedestrian,bicycle,scooter,parking,hitrun,mou
101104338,METROPOLITAN NASHVILLE POLICE DEPT,20160130734,Davidson,Nashville,2/9/2016 11:21:00 AM,3,0,0,36.141920,-86.816280,US HWY 70S,,,,26.00,Feet,South,32ND AVE S,,,,0.00,N,Not at Intersection,N,Non-Junction,None,,,         ,Darrell,Osment,Snow,Front to Rear,no,no,no,no,yes,False
101104341,METROPOLITAN NASHVILLE POLICE DEPT,20160142104,Davidson,Nashville,2/12/2016 9:50:00 AM,2,1,0,36.202260,-86.820670,BUENA VISTA PIKE,,,,173.00,Feet,South,EAST LN,,,,0.00,N,Not at Intersection,N,Non-Junction,None,,,         ,Alan,Jordan,Cloudy,"Sideswipe, Same Direction",no,no,no,no,no,False
101104346,METROPOLITAN NASHVILLE POLICE DEPT,20160142197,Davidson,Nashville,2/12/2016 10:18:00 AM,2,0,0,36.167870,-86.778160,US HWY 31,,,,155.00,Feet,East,PUBLIC SQ,,,,0.00,N,Not at Intersection, ,,None,,,         ,Pedro,Rivera Chaparro,,,no,no,no,no,no,False
101104352,METROPOLITAN NASHVILLE POLICE DEPT,2016-0142569,Davidson,Nashville,2/12/2016 12:20:00 PM,3,0,0,36.150910,-86.857880,STATE HWY 155,,,,81.00,Feet,North,OBRIEN AVE,,,,0.00,N,Not at Intersection,N,Non-Junction,None,,,         ,Curtis,Rich,Clear,Front to Rear,no,no,no,no,no,False
101104356,METROPOLITAN NASHVILLE POLICE DEPT,2016-0142209,Davidson,Not in City Limit,2/12/2016 10:22:00 AM,1,0,0,36.083720,-86.951040,I 40,,,,0.00,,,,,,,196.70,N,Not at Intersection, ,,None,,,         ,Curtis,Rich,,,no,no,no,no,no,False
101104358,METROPOLITAN NASHVILLE POLICE DEPT,20160130459,Davidson,Nashville,2/9/2016 8:40:00 AM,2,0,0,36.055100,-86.742660,MCMURRAY DR,,,,0.00,,,EDMONDSON PKE,,,,0.00,Y,Four-Way, ,Intersection-Related,None,,,         ,Nathan,Smith,Snow,Angle,no,no,no,no,no,False
101104359,METROPOLITAN NASHVILLE POLICE DEPT,2016-0138827,Davidson,Nashville,2/11/2016 12:50:00 PM,2,1,0,36.205890,-86.768610,E TRINITY LN,,,,0.00,,,DICKERSON PKE,,,,0.00,Y,Four-Way,N,Intersection,None,,,         ,Jeffrey,Thomas,Clear,Front to Rear,no,no,no,no,no,False
101104365,METROPOLITAN NASHVILLE POLICE DEPT,2016-0142370,Davidson,Nashville,2/12/2016 11:11:00 AM,2,1,0,36.153150,-86.853070,I 40,,,,0.00,,,,,,,204.25,N,Not at Intersection,N,Non-Junction,None,,,         ,Walter,Gray II,Cloudy,"Sideswipe, Same Direction",no,no,no,no,no,False
101104375,METROPOLITAN NASHVILLE POLICE DEPT,20160138810,Davidson,Nashville,2/11/2016 1:18:00 PM,2,1,0,36.167090,-86.765080,I 24,,,,0.00,,,,,,,48.90,N,Not at Intersection,Y,Non-Junction,None,,,         ,Martin,Gonzalez,Cloudy,Front to Rear,no,no,no,no,no,False
101104379,METROPOLITAN NASHVILLE POLICE DEPT,2016-0142584,Davidson,Nashville,2/12/2016 12:15:00 PM,2,2,0,36.209760,-86.733880,SHELTON AVE,,,,0.00,,,GALLATIN PIKE,,,,0.00,Y,T-Intersection,N,Intersection,None,,,         ,Coleman,Womack,Clear,Front to Rear,no,no,no,no,no,False
101104391,METROPOLITAN NASHVILLE POLICE DEPT,20160142349,Davidson,Not in City Limit,2/12/2016 11:00:00 AM,2,0,0,36.264420,-86.711420,US HWY 31E,,,,518.00,Feet,North,STATE HWY 45,,,,0.00,N,Not at Intersection,N,Non-Junction,None,,,         ,Brian,Otto,Clear,Angle,no,no,no,no,yes,False
101104392,METROPOLITAN NASHVILLE POLICE DEPT,2016-0138698,Davidson,Nashville,2/11/2016 12:51:00 PM,2,1,0,36.058560,-86.741570,EDMONDSON PIKE,,,,1300.00,Feet,North,MCMURRAY DR,,,,0.00,N,Not at Intersection,N,"Driveway, Alley Access, etc",None,,,         ,Allen,Bates,Clear,Angle,no,no,no,no,no,False
101104393,METROPOLITAN NASHVILLE POLICE DEPT,20160142604,Davidson,Nashville,2/12/2016 12:24:00 PM,2,0,0,36.081100,-86.758360,TROUSDALE DR,,,,0.00,,,HARDING PL,,,,0.00,Y,Four-Way, ,Intersection,None,,,         ,Nathan,Kemp,Clear,Angle,no,no,no,no,no,False
101104394,METROPOLITAN NASHVILLE POLICE DEPT,20160142682,Davidson,Nashville,2/12/2016 12:43:00 PM,2,0,0,36.082100,-86.761700,I65 N EXT RAMP,,,,0.00,,,HARDING PL,,,,0.00,Y,Four-Way, ,,None,,,         ,Nathan,Kemp,,,no,no,no,no,no,False
101104396,METROPOLITAN NASHVILLE POLICE DEPT,20160130726,Davidson,Nashville,2/9/2016 11:16:00 AM,2,0,0,36.139380,-86.819130,US HWY 70S,,,,0.00,,,MURPHY RD,,,,0.00,Y,Four-Way, ,Non-Junction,None,,,         ,Darrell,Osment,Snow,"Sideswipe, Same Direction",no,no,no,no,no,False
101104400,METROPOLITAN NASHVILLE POLICE DEPT,2016-0142140,Davidson,Nashville,2/12/2016 11:28:00 AM,2,1,0,36.153190,-86.852760,I 40,,,,0.00,,,,,,,204.25,N,Not at Intersection,N,Non-Junction,None,,,         ,Walter,Gray II,Cloudy,Front to Rear,no,no,no,no,no,False
101104411,VANDERBILT UNIVERSITY POLICE,16-0142266,Davidson,Nashville,2/12/2016 9:45:00 AM,2,0,0,36.142150,-86.801030,MEDICAL CENTER DR,,,,229.00,Feet,South,MEDICAL CENTER DR,,,,0.00,,Not at Intersection,N,OtherLocation,None,,,         ,Roger,Tidwell,Cloudy,"Sideswipe, Same Direction",no,no,no,yes,yes,Campus
101104413,METROPOLITAN NASHVILLE POLICE DEPT,20160142254,Davidson,Nashville,2/12/2016 10:30:00 AM,2,0,0,36.143430,-86.703070,I 40,,,,0.00,,,,,,,214.55,N,Not at Intersection,N,Non-Junction,None,,,         ,Robert,Magner,Clear,Front to Rear,no,no,no,no,no,False
101104439,THP District 3 - Nashville,316008589,Davidson,Nashville,2/10/2016 7:41:00 PM,2,2,0,36.169300,-86.577890,I 40,,,,0.00,,,,,,,222.10,N,Not at Intersection,N,Non-Junction,None,,,         ,John,Fleming,Snow,Front to Rear,no,no,no,no,no,False
101104445,METROPOLITAN NASHVILLE POLICE DEPT,20160142871,Davidson,Nashville,2/12/2016 1:29:00 PM,2,0,0,36.148420,-86.780640,I 40,,,,0.00,,,,,,,209.80,N,Not at Intersection,Y,Entrance/Exit Ramp Related,None,,,         ,Ronald,Raynore,Clear,"Sideswipe, Same Direction",no,no,no,no,yes,False
101104479,METROPOLITAN NASHVILLE POLICE DEPT,20160143080,Davidson,Goodlettsville,2/12/2016 2:45:00 PM,1,0,0,36.289750,-86.693600,MYATT DR,,,,500.00,Feet,South,EDENWOLD RD,,,,0.00,N,Not at Intersection, ,Non-Junction,None,,,         ,Christopher,Littles,Cloudy,Not Collision with Motor Vehicle in Transport,no,no,no,no,no,False
101104480,METROPOLITAN NASHVILLE POLICE DEPT,20160141932,Davidson,Nashville,2/12/2016 8:00:00 AM,2,0,0,36.169220,-86.740360,S 17TH ST,,,,0.00,,,LONG AVE,,,,0.00,Y,Four-Way,N,Intersection,None,,,         ,Martin,Gonzalez,Cloudy,"Sideswipe, Same Direction",no,no,no,no,no,False
101104503,METROPOLITAN NASHVILLE POLICE DEPT,20160139991,Davidson,Nashville,2/11/2016 7:21:00 PM,2,0,0,36.134530,-86.888520,CHARLOTTE PKE,,,,150.00,Feet,West,W HILLWOOD DR,,,,0.00,N,Not at Intersection,N,Non-Junction,None,,,         ,Shaun,Heath,Clear,Front to Rear,no,no,no,no,yes,False
101104509,METROPOLITAN NASHVILLE POLICE DEPT,20160143150,Davidson,Nashville,2/12/2016 3:38:00 PM,2,0,0,36.040010,-86.743470,OLD HICKORY BLVD,,,,0.00,,,EDMONDSON PKE,,,,0.00,Y,Four-Way, ,Intersection-Related,None,,,         ,Tien,Nguyen,Cloudy,Front to Rear,no,no,no,no,no,False
101104539,METROPOLITAN NASHVILLE POLICE DEPT,20160143300,Davidson,Nashville,2/12/2016 4:26:00 PM,2,2,0,36.160450,-86.664380,STATE HWY 255,,,,0.00,,,WOODBERRY DR,,,,0.00,Y,T-Intersection,Y,Intersection,None,,,         ,Mikala,Moore,Cloudy,Angle,no,no,no,no,no,False
101104546,METROPOLITAN NASHVILLE POLICE DEPT,20160143074,Davidson,Nashville,2/12/2016 3:12:00 PM,2,1,0,36.202330,-86.738360,LITTON AV,,,,236.00,Feet,East,GALLATIN PKE,,,,0.00,N,Not at Intersection,N,Non-Junction,None,,,         ,Kimberly,Brown,Clear,Front to Rear,no,no,no,no,no,False
101104547,METROPOLITAN NASHVILLE POLICE DEPT,20160143229,Davidson,Nashville,2/12/2016 12:00:00 AM,2,0,0,36.082670,-86.763650,I 65,,,,0.00,,,,,,,77.85,N,Not at Intersection,N,Non-Junction,None,,,         ,Felipe,Pereira,Clear,Not Collision with Motor Vehicle in Transport,no,no,no,no,yes,False
101104548,METROPOLITAN NASHVILLE POLICE DEPT,20160143330,Davidson,Not in City Limit,2/12/2016 4:35:00 PM,3,0,0,36.296560,-86.811070,I 24,,,,0.00,,,,,,,39.00,N,Not at Intersection,N,Non-Junction,None,,,         ,Brandon,Rardin,Cloudy,Front to Rear,no,no,no,no,no,False
101104549,METROPOLITAN NASHVILLE POLICE DEPT,20160143245,Davidson,Nashville,2/12/2016 4:05:00 PM,2,0,0,36.106610,-86.719260,I 24,,,,0.00,,,,,,,54.00,N,Not at Intersection, ,Non-Junction,None,,,         ,Sandra,Fly,Clear,Front to Rear,no,no,no,no,no,False
101104555,METROPOLITAN NASHVILLE POLICE DEPT,20160143485,Davidson,Nashville,2/12/2016 5:30:00 PM,2,0,0,36.154840,-86.627210,-- UNKNOWN RAMP/ROAD --,,,,0.00,Feet,East,I 40,,,,0.00,N,Not at Intersection, ,,None,,,         ,Marcus,Mitchell,,,no,no,no,no,no,False
101104558,METROPOLITAN NASHVILLE POLICE DEPT,20160143338,Davidson,Nashville,2/12/2016 4:40:00 PM,2,0,0,36.168790,-86.766110,I 24,,,,0.00,,,,,,,48.80,N,Not at Intersection,N,Non-Junction,None,,,         ,Christopher,Valdez,Cloudy,Front to Rear,no,no,no,no,no,False
101104560,METROPOLITAN NASHVILLE POLICE DEPT,20160143482,Davidson,Nashville,2/12/2016 5:10:00 PM,1,0,0,36.172370,-86.765800,ELLINGTON PKWY N ENT RAMP,,,,0.00,Feet,East,MAIN ST,,,,0.00,N,Not at Intersection,Y,Entrance/Exit Ramp Related,None,,,         ,Randy,Heinze,Clear,Not Collision with Motor Vehicle in Transport,no,no,no,no,no,False
101104561,METROPOLITAN NASHVILLE POLICE DEPT,20160143192,Davidson,Not in City Limit,2/12/2016 3:08:00 PM,1,0,0,36.019150,-86.648880,CAMILLE DR,,,,20.00,Feet,West,CAMILLE CT,,,,0.00,N,Not at Intersection,N,Non-Junction,None,,,         ,Sandra,Fly,Clear,Not Collision with Motor Vehicle in Transport,no,no,no,no,no,False
101104565,METROPOLITAN NASHVILLE POLICE DEPT,20160143435,Davidson,Nashville,2/12/2016 5:00:00 PM,2,0,0,36.151820,-86.768620,2ND AVE S,,,,0.00,,,-- UNKNOWN RAMP/ROAD --,,,,0.00,Y,Four-Way,N,Intersection-Related,None,,,         ,Michael,Baron,Clear,Angle,no,no,no,no,no,False
101104569,METROPOLITAN NASHVILLE POLICE DEPT,20160143478,Davidson,Nashville,2/12/2016 5:30:00 PM,2,0,0,36.133440,-86.770440,WEDGEWOOD AV,,,,0.00,,,MARTIN ST,,,,0.00,Y,T-Intersection,N,Intersection-Related,None,,,         ,Tien,Nguyen,Clear,Angle,no,no,no,no,no,False
101104584,METROPOLITAN NASHVILLE POLICE DEPT,20160143568,Davidson,Nashville,2/12/2016 5:57:00 PM,2,0,0,36.145380,-86.740730,I 40,,,,0.00,,,,,,,212.25,N,Not at Intersection, ,Non-Junction,None,,,         ,Felipe,Pereira,Clear,"Sideswipe, Same Direction",no,no,no,no,no,False
101104587,METROPOLITAN NASHVILLE POLICE DEPT,20160143358,Davidson,Nashville,2/12/2016 4:44:00 PM,2,4,0,36.149800,-86.772930,-- UNKNOWN RAMP/ROAD --,,,,0.00,Feet,East,I 40,,,,0.00,N,Not at Intersection,Y,Entrance/Exit Ramp Related,None,,,         ,Jason,Thomas,Clear,Front to Rear,no,no,no,no,no,False
101104588,METROPOLITAN NASHVILLE POLICE DEPT,2016-0143552,Davidson,Nashville,2/12/2016 5:55:00 PM,2,0,0,36.132320,-86.894310,CHARLOTTE PKE,,,,291.00,Feet,West,I40 E ENT RAMP,,,,0.00,N,Not at Intersection, ,Non-Junction,None,,,         ,Ryan,Allen,Clear,"Sideswipe, Same Direction",no,no,no,no,no,False
101104589,METROPOLITAN NASHVILLE POLICE DEPT,20160143615,Davidson,Nashville,2/12/2016 6:00:00 PM,2,0,0,36.154950,-86.665230,STATE HWY 255,,,,0.00,,,LAKELAND DR,,,,0.00,Y,Four-Way, ,Non-Junction,None,,,         ,Alex,Lampley,Clear,Front to Rear,no,no,no,no,yes,False
101104590,METROPOLITAN NASHVILLE POLICE DEPT,20160143630,Davidson,Nashville,2/12/2016 12:00:00 AM,2,0,0,36.142800,-86.736540,I 40,,,,0.00,,,,,,,212.70,N,Not at Intersection,N,Non-Junction,None,,,         ,Craig,Gentry,Clear,Front to Rear,no,no,no,no,no,False
101104591,METROPOLITAN NASHVILLE POLICE DEPT,20160143495,Davidson,Nashville,2/12/2016 5:32:00 PM,2,2,0,36.038570,-86.712970,US HWY 31 ALT,,,,1097.00,Feet,North,BRENTWOOD HIGHLANDS DR,,,,0.00,N,Not at Intersection,N,Non-Junction,None,,,         ,Joseph,Progar,Clear,Front to Rear,no,no,no,no,yes,False
101104593,METROPOLITAN NASHVILLE POLICE DEPT,20160143042,Davidson,Nashville,2/12/2016 2:54:00 PM,2,2,0,36.185260,-86.798150,RAMP,,,,0.00,Feet,,I 65,,,,0.00,Y,Four-Way,N,Intersection,None,,,         ,Christopher,Templin,Clear,"Sideswipe, Opposite Direction",no,no,no,no,no,False
101104598,METROPOLITAN NASHVILLE POLICE DEPT,20160143707,Davidson,Nashville,2/12/2016 7:00:00 PM,2,0,0,36.149060,-86.775910,I 40,,,,0.00,,,,,,,210.10,N,Not at Intersection, ,Non-Junction,None,,,         ,Wesley,Feinstein,Clear,"Sideswipe, Same Direction",no,no,no,no,no,False
101104600,METROPOLITAN NASHVILLE POLICE DEPT,20160143680,Davidson,Nashville,2/12/2016 6:31:00 PM,2,1,0,36.190920,-86.615210,OLD LEBANON DIRT RD,,,,0.00,,,STATE HWY 45,,,,0.00,Y,Four-Way,N,Intersection,None,,,         ,Noah,Melton,Clear,Front to Rear,no,no,no,no,no,False
101104601,METROPOLITAN NASHVILLE POLICE DEPT,20160143564,Davidson,Nashville,2/12/2016 5:35:00 PM,2,0,0,36.090090,-86.762830,I 65,,,,0.00,,,,,,,78.35,N,Not at Intersection, ,Non-Junction,None,,,         ,William,King,Clear,Front to Rear,no,no,no,no,no,False
101104602,METROPOLITAN NASHVILLE POLICE DEPT,20160139091,Davidson,Nashville,2/11/2016 2:40:00 PM,2,0,0,36.170830,-86.803940,I 40,,,,0.00,,,,,,,207.65,N,Not at Intersection, ,Non-Junction,None,,,         ,Royce,McLester,Cloudy,Other,no,no,no,no,no,False
101104608,METROPOLITAN NASHVILLE POLICE DEPT,20160143750,Davidson,Nashville,2/12/2016 6:19:00 PM,2,0,0,36.117720,-86.725790,I 24,,,,0.00,,,,,,,53.10,N,Not at Intersection,N,Non-Junction,None,,,         ,Mikala,Moore,Clear,"Sideswipe, Same Direction",no,no,no,no,yes,False
101104611,METROPOLITAN NASHVILLE POLICE DEPT,20160143541,Davidson,Not in City Limit,2/12/2016 5:25:00 PM,2,0,0,36.276020,-86.689650,MYATT DR,,,,0.00,,,MYATT CIRCLE LN,,,,0.00,Y,T-Intersection, ,,None,,,         ,Edward,Draves,,,no,no,no,no,no,False
101104614,METROPOLITAN NASHVILLE POLICE DEPT,20160143659,Davidson,Nashville,2/12/2016 6:15:00 PM,3,0,0,36.074190,-86.737770,BLACKMAN RD,,,,0.00,,,SHADESCREST DR,,,,0.00,Y,T-Intersection,Y,Intersection,None,,,         ,Jacob,Masteller,Clear,Angle,no,no,no,no,no,False
101104634,METROPOLITAN NASHVILLE POLICE DEPT,20160143732,Davidson,Nashville,2/12/2016 6:41:00 PM,2,0,0,36.150270,-86.785090,I 40,,,,0.00,,,,,,,209.50,N,Not at Intersection,Y,Entrance/Exit Ramp Related,None,,,         ,Megan,Lamon,Clear,Front to Rear,no,no,no,no,no,False
101104636,METROPOLITAN NASHVILLE POLICE DEPT,20160142999,Davidson,Nashville,2/12/2016 3:05:00 PM,3,4,0,36.067300,-86.631130,MURFREESBORO PKE,,,,52.00,Feet,South,FOREST VIEW DR,,,,0.00,N,Not at Intersection,N,Non-Junction,None,,,         ,Jessie,Meadows,Clear,HeadOn,no,no,no,no,no,False
101104637,METROPOLITAN NASHVILLE POLICE DEPT,20160143445,Davidson,Not in City Limit,2/12/2016 5:49:00 PM,2,2,0,36.022550,-86.680570,OLD HICKORY BLVD,,,,27.00,Feet,South,BARNES RD,,,,0.00,N,Not at Intersection,N,Non-Junction,None,,,         ,Jessie,Meadows,Clear,Angle,no,no,no,no,no,False
101104639,METROPOLITAN NASHVILLE POLICE DEPT,20160143895,Davidson,Nashville,2/12/2016 7:49:00 PM,2,0,0,36.143120,-86.704940,I 40,,,,0.00,,,,,,,214.50,N,Not at Intersection,N,Non-Junction,None,,,         ,Michael,Apsey,Clear,Angle,no,no,no,no,yes,False
101104640,GOODLETTSVILLE POLICE DEPT,16-05491,Davidson,Goodlettsville,2/12/2016 4:50:00 PM,2,1,0,36.305400,-86.694009,CONFERENCE,DR,,,0.00,Feet,,VIETNAM VETERANS,BLVD,SR386,,0.00,Y,Y-Intersection,N,Entrance/Exit Ramp Related,None,,,         ,Charles,Hauskin,Clear,Angle,no,no,no,no,no,False
101104647,METROPOLITAN NASHVILLE POLICE DEPT,20160143311,Davidson,Not in City Limit,2/12/2016 4:30:00 PM,1,1,0,36.268640,-86.710540,GALLATIN PKEN,,,,0.00,,,,,,,0.00,,,N,Non-Junction,None,,,         ,Samuel,Miller,Cloudy,Not Collision with Motor Vehicle in Transport,yes,no,no,yes,no,False
101104648,METROPOLITAN NASHVILLE POLICE DEPT,20160143543,Davidson,Nashville,2/12/2016 5:53:00 PM,2,0,0,36.244710,-86.784460,I 24,,,,0.00,,,,,,,43.05,N,Not at Intersection,N,Non-Junction,None,,,         ,Samuel,Miller,Cloudy,Front to Rear,no,no,no,no,no,False
101104649,METROPOLITAN NASHVILLE POLICE DEPT,20160143695,Davidson,Nashville,2/12/2016 6:38:00 PM,1,0,0,36.255200,-86.747910,DUE WEST AVN,,,,735.00,Feet,East,DUE WEST VALLEY DR,,,,0.00,N,Not at Intersection, ,Non-Junction,None,,,         ,Samuel,Miller,Cloudy,Not Collision with Motor Vehicle in Transport,no,no,no,no,no,False
101104654,METROPOLITAN NASHVILLE POLICE DEPT,20160143853,Davidson,Nashville,2/12/2016 7:00:00 PM,2,0,0,36.136210,-86.876820,HILLWOOD BLVD,,,,0.00,,,FLEETWOOD DR,,,,0.00,Y,Four-Way,N,Intersection,None,,,         ,Brandon,Pedigo,Cloudy,Angle,no,no,no,no,yes,False
101104657,METROPOLITAN NASHVILLE POLICE DEPT,20160143772,Davidson,Nashville,2/12/2016 12:00:00 AM,3,0,0,36.178370,-86.788430,4TH AVN,,,,165.00,Feet,South,TAYLOR ST,,,,0.00,N,Not at Intersection,N,Non-Junction,None,,,         ,Royce,McLester,Clear,Front to Rear,no,no,no,no,yes,False
101104671,METROPOLITAN NASHVILLE POLICE DEPT,20160143758,Davidson,Nashville,2/12/2016 6:55:00 PM,2,0,0,36.135150,-86.727080,I 24,,,,0.00,,,,,,,52.15,N,Not at Intersection, ,Non-Junction,None,,,         ,Rickie,Corman,Clear,Front to Rear,no,no,no,no,no,False
101104674,METROPOLITAN NASHVILLE POLICE DEPT,20160143421,Davidson,Nashville,2/12/2016 4:30:00 PM,2,0,0,36.135120,-86.811390,FAIRFAX AVE,,,,0.00,,,NATCHEZ TRC,,,,0.00,Y,Four-Way, ,Intersection,None,,,         ,Craig,Oakley,Clear,Front to Rear,no,no,no,no,no,Campus
101104676,METROPOLITAN NASHVILLE POLICE DEPT,20160143754,Davidson,Nashville,2/12/2016 6:50:00 PM,2,0,0,36.242090,-86.736600,ELLINGTON PKWY,,,,165.00,Feet,South,BRIARVILLE RD,,,,0.00,N,Not at Intersection, ,Non-Junction,None,,,         ,Jerry,Pirtle,Cloudy,Front to Rear,no,no,no,no,no,False
101104677,METROPOLITAN NASHVILLE POLICE DEPT,20160143663,Davidson,Nashville,2/12/2016 6:26:00 PM,3,0,0,36.228510,-86.780180,I 24,,,,0.00,,,,,,,44.30,N,Not at Intersection,N,Non-Junction,Work Zone,Lane Shift-Crossover,Transition Area,         ,Thomas,Burns,Cloudy,Front to Rear,no,no,no,no,no,False
101104679,METROPOLITAN NASHVILLE POLICE DEPT,20160143858,Davidson,Nashville,2/12/2016 6:53:00 PM,2,1,0,36.124760,-86.735100,I 440,,,,0.00,,,,,,,7.10,N,Not at Intersection,N,Non-Junction,None,,,         ,Jarret,Sonnenberg,Clear,Front to Rear,no,no,no,no,no,False
101104680,METROPOLITAN NASHVILLE POLICE DEPT,20160143834,Davidson,Nashville,2/12/2016 7:27:00 PM,2,0,0,36.172840,-86.765340,JAMES ROBERTSON PKWY,,,,0.00,,,SPRING ST,,,,0.00,Y,Four-Way,N,Intersection-Related,None,,,         ,Randy,Heinze,Clear,"Sideswipe, Same Direction",no,no,no,no,no,False
101104681,METROPOLITAN NASHVILLE POLICE DEPT,20160143329,Davidson,Goodlettsville,2/12/2016 4:10:00 PM,2,0,0,36.288730,-86.724680,I 65,,,,0.00,,,,,,,94.10,N,Not at Intersection, ,Non-Junction,None,,,         ,Carlos,Urrutia,Cloudy,Front to Rear,no,no,no,no,no,False
101104682,METROPOLITAN NASHVILLE POLICE DEPT,20160143636,Davidson,Not in City Limit,2/12/2016 6:15:00 PM,2,0,0,36.271350,-86.794180,I 24,,,,0.00,,,,,,,41.05,N,Not at Intersection, ,Non-Junction,None,,,         ,Carlos,Urrutia,Cloudy,Front to Rear,no,no,no,no,no,False
101104694,METROPOLITAN NASHVILLE POLICE DEPT,20160143536,Davidson,Nashville,2/12/2016 5:50:00 PM,2,0,0,36.168400,-86.688130,LEBANON PKE,,,,49.00,Feet,West,BRILEY PKWY N ENT RAMP,,,,0.00,N,Not at Intersection,N,Entrance/Exit Ramp Related,None,,,         ,Bryan,Byrnes,Clear,Angle,no,no,no,no,yes,False
101104712,METROPOLITAN NASHVILLE POLICE DEPT,20160143961,Davidson,Not in City Limit,2/12/2016 6:14:00 PM,2,0,0,35.998270,-86.691880,US HWY 31 ALT,,,,631.00,Feet,East,CONCORD HILLS DR,,,,0.00,N,Not at Intersection,N,Non-Junction,None,,,         ,Joseph,Progar,Clear,Angle,no,no,no,no,no,False
101104714,METROPOLITAN NASHVILLE POLICE DEPT,20160144115,Davidson,Nashville,2/12/2016 9:19:00 PM,2,2,0,36.230530,-86.745810,BROADMOOR DR,,,,6.00,Feet,West,ELLINGTON PKWY N EXT RAMP,,,,0.00,N,Not at Intersection,N,Entrance/Exit Ramp Related,None,,,         ,Christopher,Valdez,Clear,Angle,no,no,no,no,no,False
101104718,METROPOLITAN NASHVILLE POLICE DEPT,20160143870,Davidson,Nashville,2/12/2016 7:42:00 PM,2,0,0,36.141200,-86.665480,I 40,,,,0.00,,,,,,,218.00,N,Not at Intersection,N,Non-Junction,None,,,         ,Jaby,Djabbarov,Clear,Front to Rear,no,no,no,no,no,False
101104719,METROPOLITAN NASHVILLE POLICE DEPT,20160143675,Davidson,Nashville,2/12/2016 6:24:00 PM,2,0,0,36.172420,-86.794810,JEFFERSON ST,,,,0.00,,,10TH AVN,,,,0.00,Y,Four-Way, ,Intersection,None,,,         ,Andy,Esqueda,Clear,Front to Rear,no,no,no,no,no,False
101104721,METROPOLITAN NASHVILLE POLICE DEPT,20160144196,Davidson,Nashville,2/12/2016 9:35:00 PM,2,0,0,36.167600,-86.762220,S 5TH ST,,,,0.00,,,SHELBY AV,,,,0.00,Y,Four-Way, ,,None,,,         ,Randy,Heinze,,,no,no,no,no,no,False
101104722,METROPOLITAN NASHVILLE POLICE DEPT,2016-0144086,Davidson,Nashville,2/12/2016 9:07:00 PM,2,0,0,36.122320,-86.851300,LYNNWOOD BLVD,,,,0.00,,,US HWY 70S,,,,0.00,Y,Four-Way, ,Intersection,None,,,         ,Ryan,Allen,Clear,"Sideswipe, Same Direction",no,no,no,no,no,False
101104723,METROPOLITAN NASHVILLE POLICE DEPT,20160143782,Davidson,Nashville,2/12/2016 7:09:00 PM,1,0,0,36.072090,-86.691630,I 24,,,,0.00,,,,,,,56.80,N,Not at Intersection, ,Non-Junction,None,,,         ,Tamara,Zurawski,Clear,Not Collision with Motor Vehicle in Transport,no,no,no,no,no,False
101104724,METROPOLITAN NASHVILLE POLICE DEPT,20160143973,Davidson,Nashville,2/12/2016 8:22:00 PM,2,0,0,36.109520,-86.721740,I 24,,,,0.00,,,,,,,53.70,N,Not at Intersection,Y,Entrance/Exit Ramp Related,None,,,         ,Nakia,Reid,Clear,"Sideswipe, Same Direction",no,no,no,no,yes,False
101104725,METROPOLITAN NASHVILLE POLICE DEPT,20160144224,Davidson,Nashville,2/12/2016 9:56:00 PM,2,0,0,36.134280,-86.779690,WEDGEWOOD AV,,,,176.00,Feet,West,8TH AVS,,,,0.00,N,Not at Intersection,N,Non-Junction,None,,,         ,Nicholas,Smith,Clear,HeadOn,no,no,no,no,no,False
101104726,METROPOLITAN NASHVILLE POLICE DEPT,20160143399,Davidson,Nashville,2/12/2016 4:45:00 PM,2,0,0,36.126810,-86.700620,GOODBAR DR,,,,0.00,,,,,,,0.00,,,N,Non-Junction,None,,,         ,Brian,Smith,Clear,"Sideswipe, Same Direction",no,no,no,no,no,False
101104728,METROPOLITAN NASHVILLE POLICE DEPT,20160143934,Davidson,Nashville,2/12/2016 8:08:00 PM,1,0,0,36.135830,-86.727710,I24 E EXT RAMP,,,,0.00,Feet,East,I 24,,,,0.00,N,Not at Intersection,N,Non-Junction,None,,,         ,Jarret,Sonnenberg,Clear,Not Collision with Motor Vehicle in Transport,no,no,no,no,no,False
101104731,METROPOLITAN NASHVILLE POLICE DEPT,20160144377,Davidson,Nashville,2/12/2016 10:42:00 PM,2,0,0,36.069220,-86.680360,RICHARDS RD,,,,0.00,,,,,,,0.00,,,N,Non-Junction,None,,,         ,Benjamin,Smith,Clear,Front to Rear,no,no,no,no,yes,False
101104739,METROPOLITAN NASHVILLE POLICE DEPT,20160143037,Davidson,Nashville,2/12/2016 2:40:00 PM,2,0,0,36.149670,-86.779220,US HWY 31,,,,0.00,,,DIVISION ST,,,,0.00,Y,Four-Way, ,,None,,,         ,Gilbert,Mana,,,no,no,no,no,no,False