master_record_number,agency,agency_tracking_number,county,city,collision_date,vehicles_involved,number_injured,number_dead,latitude,longitude,roadway_name,roadway_suffix,roadway_number,roadway_local_id,distance_from_reference,miles-feet_indicator,direction_from_reference,intersection_road_name,intersection_road_name_suffix,intersection_road_number,intersection_local_id,mile_marker,intersection_indicator,intersect_type,interchange_related_indicator,relation_to_junction,work_zone_type,construction_maintenance_zone,construction_maintenance_zone_location,fatal_case_number,officer_first_name,officer_last_name,weather_condition(s),manner_of_crash,pedestrian,bicycle,scooter,parking,hitrun,mou
101107276,METROPOLITAN NASHVILLE POLICE DEPT,20160157026,Davidson,Nashville,2/17/2016 8:50:00 AM,2,0,0,36.173570,-86.602000,CENTRAL PKE,,,,45.00,Feet,East,OLD HICKORY BLVD,,,,0.00,N,Not at Intersection, ,Non-Junction,None,,,         ,Gregory,Lindstrom,Cloudy,Front to Rear,no,no,no,yes,no,False
101107277,METROPOLITAN NASHVILLE POLICE DEPT,2016-0150599,Davidson,Nashville,2/15/2016 10:53:00 AM,2,0,0,36.135990,-86.698810,BRILEY PKWY,,,,0.00,,,ARBOR CREEK BLVD,,,,0.00,Y,Four-Way,N,Intersection,None,,,         ,Jeb,Johnston,Rain,Angle,no,no,no,no,no,False
101107285,METROPOLITAN NASHVILLE POLICE DEPT,20160157004,Davidson,Nashville,2/17/2016 8:45:00 AM,1,1,0,36.101890,-86.819530,HILLSBORO CIR,,,,155.00,Feet,South,HILLSBORO DR,,,,0.00,N,Not at Intersection,N,"Driveway, Alley Access, etc",None,,,         ,Gregory,McDaniel,Cloudy,Not Collision with Motor Vehicle in Transport,no,yes,no,no,no,False
101107303,METROPOLITAN NASHVILLE POLICE DEPT,20160156948,Davidson,Nashville,2/17/2016 8:20:00 AM,2,0,0,36.228390,-86.855000,BRILEY PKWYW,,,,1492.00,Feet,West,BRILEY PKWYE,,,,0.00,N,Not at Intersection, ,Non-Junction,None,,,         ,Blake,Lutz,Cloudy,Front to Rear,no,no,no,no,no,False
101107305,METROPOLITAN NASHVILLE POLICE DEPT,20160156778,Davidson,Nashville,2/17/2016 7:15:00 AM,2,0,0,36.147340,-86.743820,I 40,,,,0.00,,,,,,,212.00,N,Not at Intersection, ,Non-Junction,None,,,         ,Jason,Smith,Cloudy,Front to Rear,no,no,no,no,no,False
101107309,METROPOLITAN NASHVILLE POLICE DEPT,20160154493,Davidson,Nashville,2/16/2016 1:47:00 PM,2,1,0,36.206760,-86.781000,US HWY 431,,,,768.00,Feet,West,HAMPTON ST,,,,0.00,N,Not at Intersection,N,"Driveway, Alley Access, etc",None,,,         ,Michael,McCord,Rain,Angle,no,no,no,no,no,False
101107310,METROPOLITAN NASHVILLE POLICE DEPT,20160157146,Davidson,Nashville,2/17/2016 9:19:00 AM,2,0,0,36.219790,-86.774790,I 65,,,,0.00,,,,,,,88.30,N,Not at Intersection,Y,Non-Junction,Construction Zone,Lane Shift-Crossover,Activity Area,         ,Michael,McCord,Cloudy,Front to Rear,no,no,no,no,no,False
101107316,METROPOLITAN NASHVILLE POLICE DEPT,2016-0155018,Davidson,Nashville,2/16/2016 5:08:00 PM,2,0,0,36.148260,-86.857890,STATE HWY 155,,,,50.00,Feet,South,LENOX AVE,,,,0.00,N,Not at Intersection,N,Non-Junction,None,,,         ,Walter,Gray II,Cloudy,Angle,no,no,no,no,yes,False
101107322,METROPOLITAN NASHVILLE POLICE DEPT,20160157390,Davidson,Nashville,2/17/2016 11:08:00 AM,1,1,0,36.081100,-86.758360,TROUSDALE DR,,,,0.00,,,HARDING PL,,,,0.00,Y,Four-Way,N,Intersection,None,,,         ,Nathan,Kemp,Clear,Not Collision with Motor Vehicle in Transport,yes,no,no,no,no,False
101107331,Metro Park Police,20160514612,Davidson,Nashville,2/16/2016 2:15:00 PM,2,0,0,36.162150,-86.800490,17TH AVN,,,,0.00,Feet,East,JO JOHNSTON AV,,,,0.00,N,Not at Intersection, ,Non-Junction,None,,,         ,Martin,Owens,Rain,Angle,no,no,no,yes,no,False
101107337,METROPOLITAN NASHVILLE POLICE DEPT,20160154925,Davidson,Nashville,2/16/2016 4:58:00 PM,2,0,0,36.079230,-86.695720,I 24,,,,0.00,,,,,,,56.25,N,Not at Intersection, ,Non-Junction,None,,,         ,Jessie,Meadows,Rain,Angle,no,no,no,no,no,False
101107338,METROPOLITAN NASHVILLE POLICE DEPT,20160155166,Davidson,Nashville,2/16/2016 5:53:00 PM,2,0,0,36.075800,-86.693890,I 24,,,,0.00,,,,,,,56.50,N,Not at Intersection, ,Non-Junction,None,,,         ,Jessie,Meadows,Rain,Front to Rear,no,no,no,no,no,False
101107347,METROPOLITAN NASHVILLE POLICE DEPT,20160157515,Davidson,Nashville,2/17/2016 11:45:00 AM,2,0,0,36.141730,-86.674170,I 40,,,,0.00,,,,,,,215.00,N,Not at Intersection, ,Non-Junction,None,,,         ,William,Mckay,Cloudy,"Sideswipe, Same Direction",no,no,no,no,no,False
101107354,METROPOLITAN NASHVILLE POLICE DEPT,20160157530,Davidson,Nashville,2/17/2016 12:02:00 PM,2,7,0,36.110960,-86.745900,THOMPSON LN,,,,0.00,,,ELIZABETH ST,,,,0.00,Y,T-Intersection,N,Intersection-Related,None,,,         ,Nathan,Kemp,Clear,Angle,no,no,no,no,no,False
101107359,METROPOLITAN NASHVILLE POLICE DEPT,20160157526,Davidson,Nashville,2/17/2016 12:48:00 PM,2,0,0,36.070240,-86.634370,MURFREESBORO PKE,,,,799.00,Feet,South,BELL RD,,,,0.00,N,Not at Intersection,N,Non-Junction,None,,,         ,Jessie,Meadows,Clear,Angle,no,no,no,no,yes,False
101107360,METROPOLITAN NASHVILLE POLICE DEPT,20160157635,Davidson,Nashville,2/17/2016 12:30:00 PM,2,0,0,36.169550,-86.600980,I40 E EXT RAMP,,,,0.00,,,I 40,,,,0.00,Y,Four-Way, ,Intersection,None,,,         ,William,Mckay,Clear,Front to Rear,no,no,no,no,yes,False
101107373,METROPOLITAN NASHVILLE POLICE DEPT,20160157638,Davidson,Nashville,2/17/2016 12:44:00 PM,2,0,0,36.166100,-86.781310,CHARLOTTE AVE,,,,195.00,Feet,East,5TH AVE N,,,,0.00,N,Not at Intersection, ,Non-Junction,None,,,         ,Michael,Johnson,Cloudy,Front to Rear,no,no,no,no,no,False
101107387,METROPOLITAN NASHVILLE POLICE DEPT,2016-0154465,Davidson,Nashville,2/16/2016 1:30:00 PM,3,0,0,36.170080,-86.596870,I 40,,,,0.00,,,,,,,221.05,N,Not at Intersection, ,Non-Junction,None,,,         ,Michael,Baker,Rain,Not Collision with Motor Vehicle in Transport,no,no,no,no,no,False
101107394,METROPOLITAN NASHVILLE POLICE DEPT,20160157502,Davidson,Nashville,2/17/2016 11:45:00 AM,2,0,0,36.050820,-86.717610,OCALA DR,,,,451.00,Feet,West,HICKORY PLZ,,,,0.00,N,Not at Intersection, ,Non-Junction,None,,,         ,Edin,Plancic,Cloudy,Not Collision with Motor Vehicle in Transport,no,no,no,yes,yes,False
101107399,METROPOLITAN NASHVILLE POLICE DEPT,2016-0156768,Davidson,Not in City Limit,2/17/2016 7:12:00 AM,1,0,0,36.055320,-86.583440,HAMILTON CHURCH RD,,,,180.00,Feet,East,S SHORE DR,,,,0.00,N,Not at Intersection, ,Non-Junction,None,,,         ,William,Whitworth,Cloudy,Not Collision with Motor Vehicle in Transport,no,no,no,no,no,False
101107400,METROPOLITAN NASHVILLE POLICE DEPT,20160157507,Davidson,Nashville,2/17/2016 11:52:00 AM,2,0,0,36.044380,-86.661540,TARGET DR,,,,0.00,,,CANE RIDGE RD,,,,0.00,Y,T-Intersection, ,Intersection,None,,,         ,William,Whitworth,Cloudy,Angle,no,no,no,no,no,False
101107404,METROPOLITAN NASHVILLE POLICE DEPT,20160157517,Davidson,Nashville,2/17/2016 11:45:00 AM,2,1,0,36.040260,-86.816400,OLD HICKORY BLVD,,,,0.00,,,GRANNY WHITE PKE,,,,0.00,Y,Four-Way,N,Intersection,None,,,         ,Brent,Bauer,Cloudy,Front to Rear,no,no,no,no,no,False
101107418,METROPOLITAN NASHVILLE POLICE DEPT,20160154523,Davidson,Nashville,2/16/2016 2:00:00 PM,2,0,0,36.107670,-86.676790,US HWY 41,,,,0.00,,,DELL PKWY,,,,0.00,Y,T-Intersection,N,Non-Junction,None,,,         ,Steven,Williams,Rain,Front to Rear,no,no,no,no,no,False
101107419,METROPOLITAN NASHVILLE POLICE DEPT,2016-0157956,Davidson,Nashville,2/17/2016 12:00:00 AM,2,0,0,36.150400,-86.833220,ELKINS AVE,,,,153.00,Feet,East,40TH AVE N,,,,0.00,N,Not at Intersection,N,Non-Junction,None,,,         ,Walter,Gray II,Cloudy,Unknown,no,no,no,no,yes,False
101107426,METROPOLITAN NASHVILLE POLICE DEPT,16-0157497,Davidson,Nashville,2/17/2016 11:49:00 AM,3,2,0,36.157500,-86.760420,I 24,,,,0.00,,,,,,,49.60,N,Not at Intersection,Y,Entrance/Exit Ramp Related,None,,,         ,Frank,Campbell,Cloudy,Front to Rear,no,no,no,no,no,False
101107432,METROPOLITAN NASHVILLE POLICE DEPT,20160155221,Davidson,Nashville,2/16/2016 6:00:00 PM,2,0,0,36.112410,-86.723480,I 24,,,,0.00,,,,,,,53.50,N,Not at Intersection, ,Non-Junction,None,,,         ,Michael,Russell,Clear,Front to Rear,no,no,no,no,no,False
101107444,METROPOLITAN NASHVILLE POLICE DEPT,2016-0155812,Davidson,Nashville,2/16/2016 11:30:00 PM,1,0,0,36.247310,-86.743730,I 65,,,,0.00,,,,,,,91.00,N,Not at Intersection,N,Non-Junction,None,,,         ,Matthew,Johnson,Cloudy,Not Collision with Motor Vehicle in Transport,no,no,no,no,no,False
101107446,METROPOLITAN NASHVILLE POLICE DEPT,20160157799,Davidson,Nashville,2/17/2016 2:19:00 PM,2,0,0,36.068570,-86.693880,APACHE TRL,,,,21.00,Feet,North,HAYWOOD SQUARE PVTDR,,,,0.00,N,Not at Intersection, ,Non-Junction,None,,,         ,Jessie,Meadows,Clear,Angle,no,no,no,no,no,False
101107447,METROPOLITAN NASHVILLE POLICE DEPT,20160158083,Davidson,Nashville,2/17/2016 2:59:00 PM,2,0,0,36.086800,-86.697460,HARDING PL,,,,120.00,Feet,East,I24 W ENT RAMP,,,,0.00,N,Not at Intersection, ,Non-Junction,None,,,         ,William,Durham,Cloudy,Front to Rear,no,no,no,no,no,False
101107448,METROPOLITAN NASHVILLE POLICE DEPT,2016-0157027,Davidson,Nashville,2/17/2016 8:56:00 AM,1,1,0,36.143490,-86.754820,HART ST,,,,550.00,Feet,West,CREEK ST,,,,0.00,N,Not at Intersection,N,Non-Junction,None,,,         ,William,Whitworth,Cloudy,Not Collision with Motor Vehicle in Transport,no,yes,no,yes,yes,False
101107460,GOODLETTSVILLE POLICE DEPT,16-06154,Davidson,Goodlettsville,2/17/2016 12:55:00 PM,2,1,0,36.298905,-86.700277,RIVERGATE,PKWY,,,0.00,,,GLANCY,ST,,,0.00,Y,T-Intersection,N,Intersection-Related,None,,,         ,Charles,Hauskin,Clear,Other,no,no,no,no,no,False
101107461,METROPOLITAN NASHVILLE POLICE DEPT,20160158146,Davidson,Not in City Limit,2/17/2016 3:05:00 PM,2,0,0,36.021860,-86.711790,US HWY 31 ALT,,,,205.00,Feet,North,BIENVILLE DR,,,,0.00,N,Not at Intersection, ,OtherLocation,None,,,         ,Tien,Nguyen,Cloudy,Front to Rear,no,no,no,yes,no,False
101107469,METROPOLITAN NASHVILLE POLICE DEPT,20160155540,Davidson,Not in City Limit,2/16/2016 8:58:00 PM,2,0,0,36.263060,-86.711910,STATE HWY 45,,,,0.00,,,US HWY 31E,,,,0.00,Y,Four-Way, ,Intersection,None,,,         ,Edward,Draves,Cloudy,"Sideswipe, Same Direction",no,no,no,no,yes,False
101107489,METROPOLITAN NASHVILLE POLICE DEPT,20160158268,Davidson,Nashville,2/17/2016 4:00:00 PM,3,1,0,36.201590,-86.607480,RACHELS SQUARE DR,,,,0.00,,,ANDREW JACKSON PKWY,,,,0.00,Y,T-Intersection,N,Intersection-Related,None,,,         ,Tyler,Conrads,Clear,Front to Rear,no,no,no,no,no,False
101107505,METROPOLITAN NASHVILLE POLICE DEPT,20160158453,Davidson,Nashville,2/17/2016 4:53:00 PM,2,0,0,36.154740,-86.779120,8TH AVS,,,,41.00,Feet,North,LAFAYETTE ST,,,,0.00,N,Not at Intersection, ,OtherLocation,None,,,         ,Shawn,Taylor,Cloudy,"Sideswipe, Same Direction",no,no,no,no,no,False
101107510,METROPOLITAN NASHVILLE POLICE DEPT,2016-0158280,Davidson,Nashville,2/17/2016 12:00:00 AM,2,0,0,36.185590,-86.766910,WILBURN ST,,,,386.00,Feet,East,MERIDIAN ST,,,,0.00,N,Not at Intersection,N,Non-Junction,None,,,         ,Joshua,Lippert,Unknown,Front to Rear,no,no,no,no,yes,False
101107511,METROPOLITAN NASHVILLE POLICE DEPT,20160157753,Davidson,Nashville,2/17/2016 1:03:00 PM,2,2,0,36.137790,-86.857740,KNOB RD,,,,0.00,,,STATE HWY 155,,,,0.00,Y,Four-Way,N,Intersection,None,,,         ,Matthew,Carson,Cloudy,Angle,no,no,no,no,no,False
101107512,METROPOLITAN NASHVILLE POLICE DEPT,2016-0158305,Davidson,Nashville,2/17/2016 4:13:00 PM,1,0,0,36.124620,-86.858530,WILSONIA AVE,,,,50.00,Feet,East,RED OAK DR,,,,0.00,N,Not at Intersection,N,Non-Junction,None,,,         ,Walter,Gray II,Clear,Not Collision with Motor Vehicle in Transport,no,no,no,no,no,False
101107520,METROPOLITAN NASHVILLE POLICE DEPT,20160158227,Davidson,Antioch,2/17/2016 3:58:00 PM,1,0,0,36.049840,-86.562440,HURRICANE CREEK BOAT RMP,,,,0.00,Feet,East,STONES RIVER RD,,,,0.00,N,Not at Intersection,N,Non-Junction,None,,,         ,Jessie,Meadows,Clear,Not Collision with Motor Vehicle in Transport,no,no,no,no,no,False
101107524,METROPOLITAN NASHVILLE POLICE DEPT,20160150992,Davidson,Nashville,2/15/2016 12:15:00 PM,2,0,0,36.173540,-86.792790,9TH AVN,,,,0.00,,,REV DR ENOCH JONES BLVD,,,,0.00,Y,OTHER, ,Intersection,None,,,         ,Nathan,Mayo,Rain,Angle,no,no,no,no,no,False
101107525,METROPOLITAN NASHVILLE POLICE DEPT,2016-0157545,Davidson,Nashville,2/17/2016 11:57:00 AM,2,1,0,36.147460,-86.787150,SOUTH ST,,,,0.00,,,13TH AVE S,,,,0.00,Y,T-Intersection,N,Intersection-Related,None,,,         ,Allen,Bates,Cloudy,Angle,no,no,no,no,no,False
101107531,METROPOLITAN NASHVILLE POLICE DEPT,20160158433,Davidson,Nashville,2/17/2016 4:46:00 PM,2,1,0,36.107660,-86.720270,I 24,,,,0.00,,,,,,,53.85,N,Not at Intersection,N,Non-Junction,None,,,         ,William,Durham,Cloudy,Front to Rear,no,no,no,no,no,False
101107536,METROPOLITAN NASHVILLE POLICE DEPT,20160158588,Davidson,Nashville,2/17/2016 5:25:00 PM,2,0,0,36.155310,-86.627970,STEWARTS FERRY PKE,,,,0.00,,,,,,,0.00,,, ,,None,,,         ,Brian,Smith,,,no,no,no,no,no,False
101107539,METROPOLITAN NASHVILLE POLICE DEPT,20160158637,Davidson,Nashville,2/17/2016 5:58:00 PM,2,1,0,36.111020,-86.713540,I24 W ENT RAMP,,,,0.00,Feet,East,BRILEY PKWYS,,,,0.00,N,Not at Intersection,N,Non-Junction,None,,,         ,Jessie,Meadows,Clear,Front to Rear,no,no,no,no,no,False
101107541,VANDERBILT UNIVERSITY POLICE,16-0158212,Davidson,Nashville,2/17/2016 2:45:00 PM,2,0,0,36.138740,-86.803960,CHILDRENS WAY,,,,0.00,,,,,,,0.00,,Not at Intersection, ,Non-Junction,None,,,         ,Errikka,Wilbourn,Cloudy,Other,no,no,no,yes,no,Campus
101107551,METROPOLITAN NASHVILLE POLICE DEPT,20160158667,Davidson,Nashville,2/17/2016 5:50:00 PM,2,0,0,36.181800,-86.641570,JACKSON DOWNS BLVD,,,,0.00,,,LEBANON PKE,,,,0.00,Y,Four-Way, ,Non-Junction,None,,,         ,Bradley,McIntyre,Clear,Front to Rear,no,no,no,no,no,False
101107557,METROPOLITAN NASHVILLE POLICE DEPT,20160158727,Davidson,Nashville,2/17/2016 6:00:00 PM,2,2,0,36.194290,-86.618270,CONNECTING ROAD,,,,7.00,Feet,West,STATE HWY 45,,,,0.00,N,Not at Intersection,N,OtherLocation,None,,,         ,Christopher,Mackey,Clear,Other,no,no,no,no,no,False
101107558,METROPOLITAN NASHVILLE POLICE DEPT,20160158792,Davidson,Nashville,2/17/2016 6:29:00 PM,2,3,0,36.146020,-86.799540,US HWY 431,,,,0.00,,,SCARRITT PL,,,,0.00,Y,T-Intersection,N,Intersection-Related,None,,,         ,Tien,Nguyen,Clear,Angle,no,no,no,no,no,Campus
101107562,METROPOLITAN NASHVILLE POLICE DEPT,20160158536,Davidson,Not in City Limit,2/17/2016 5:13:00 PM,1,0,0,36.270900,-86.760310,OLD HICKORY BLVD,,,,481.00,Feet,East,MARYDALE DR,,,,0.00,N,Not at Intersection, ,Non-Junction,None,,,         ,Samuel,Miller,Cloudy,Not Collision with Motor Vehicle in Transport,no,no,no,no,no,False
101107563,METROPOLITAN NASHVILLE POLICE DEPT,20160158730,Davidson,Not in City Limit,2/17/2016 6:08:00 PM,2,0,0,36.264350,-86.732760,OLD HICKORY BLVDW,,,,144.00,Feet,West,N GRAYCROFT AV,,,,0.00,N,Not at Intersection,N,Non-Junction,None,,,         ,Samuel,Miller,Cloudy,Front to Rear,no,no,no,no,no,False
101107568,METROPOLITAN NASHVILLE POLICE DEPT,20160158801,Davidson,Nashville,2/17/2016 6:34:00 PM,2,0,0,36.168140,-86.777400,US HWY 31,,,,0.00,,,GAY ST,,,,0.00,Y,OTHER, ,Non-Junction,None,,,         ,Jacob,Partin,Clear,Front to Rear,no,no,no,no,no,False
101107575,METROPOLITAN NASHVILLE POLICE DEPT,20160158787,Davidson,Nashville,2/17/2016 6:12:00 PM,2,0,0,36.146090,-86.667700,ROYAL PKWY,,,,0.00,,,CLARIDGE DR,,,,0.00,Y,T-Intersection,Y,Intersection,None,,,         ,Bradley,McIntyre,Clear,Angle,no,no,no,no,no,False
101107578,METROPOLITAN NASHVILLE POLICE DEPT,20160158272,Davidson,Nashville,2/17/2016 3:45:00 PM,2,0,0,36.166370,-86.780700,4TH AVE N,,,,0.00,,,CHARLOTTE AVE,,,,0.00,Y,Y-Intersection,N,Intersection-Related,None,,,         ,Michael,Baron,Clear,Angle,no,no,no,no,yes,False
101107581,METROPOLITAN NASHVILLE POLICE DEPT,20160158804,Davidson,Nashville,2/17/2016 6:27:00 PM,2,3,0,36.183210,-86.748600,GALLATIN AVE,,,,0.00,,,W EASTLAND AVE,,,,0.00,Y,OTHER,N,Non-Junction,None,,,         ,Terence,Maahs,Cloudy,Front to Rear,no,no,no,no,no,False
101107583,METROPOLITAN NASHVILLE POLICE DEPT,20160158817,Davidson,Nashville,2/17/2016 6:30:00 PM,2,0,0,36.155320,-86.759220,I 24,,,,0.00,,,,,,,49.80,N,Not at Intersection,N,Non-Junction,None,,,         ,Wesley,Feinstein,Clear,Front to Rear,no,no,no,no,no,False
101107589,METROPOLITAN NASHVILLE POLICE DEPT,20160158249,Davidson,Nashville,2/17/2016 3:55:00 PM,2,0,0,36.224390,-86.774540,I 65,,,,0.00,,,,,,,88.55,N,Not at Intersection,N,Non-Junction,Construction Zone,Work On Shoulder Or Median,Activity Area,         ,Carlos,Urrutia,Cloudy,Not Collision with Motor Vehicle in Transport,no,no,no,no,no,False
101107603,METROPOLITAN NASHVILLE POLICE DEPT,20160158975,Davidson,Nashville,2/17/2016 7:34:00 PM,2,0,0,36.198540,-86.765370,PENNOCK AV,,,,323.00,Feet,South,GATEWOOD AV,,,,0.00,N,Not at Intersection, ,Non-Junction,None,,,         ,Cressie,Prill,Clear,"Sideswipe, Same Direction",no,no,no,no,no,False
101107604,METROPOLITAN NASHVILLE POLICE DEPT,20160159053,Davidson,Nashville,2/17/2016 8:14:00 PM,1,1,0,36.175440,-86.758610,MAIN ST,,,,70.00,Feet,East,N 8TH ST,,,,0.00,N,Not at Intersection,N,Non-Junction,None,,,         ,Cressie,Prill,Clear,Not Collision with Motor Vehicle in Transport,yes,no,no,no,yes,False
101117604,METROPOLITAN NASHVILLE POLICE DEPT,2016154715,Davidson,Nashville,2/16/2016 5:30:00 PM,2,0,0,36.156010,-86.788850,BROADWAY,,,,0.00,,,13TH AVS,,,,0.00,Y,Four-Way, ,Intersection-Related,None,,,         ,Jacob,Paul,Rain,Angle,no,no,no,no,no,False
101117611,METROPOLITAN NASHVILLE POLICE DEPT,20160159137,Davidson,Nashville,2/17/2016 8:43:00 PM,2,0,0,36.063950,-86.717100,US HWY 31 ALT,,,,397.00,Feet,North,RAMP,,,,0.00,N,Not at Intersection, ,Non-Junction,None,,,         ,Tien,Nguyen,Clear,Angle,no,no,no,no,no,False
101117613,METROPOLITAN NASHVILLE POLICE DEPT,20160159099,Davidson,Nashville,2/17/2016 8:25:00 PM,2,0,0,36.171370,-86.769000,INTERSTATE DR,,,,0.00,,,US HWY 31,,,,0.00,Y,Four-Way, ,Intersection-Related,None,,,         ,Michael,Baron,Clear,Angle,no,no,no,no,yes,False
101117614,METROPOLITAN NASHVILLE POLICE DEPT,2016154888,Davidson,Nashville,2/16/2016 4:20:00 PM,2,1,0,36.161240,-86.793140,I 40,,,,0.00,,,,,,,208.70,N,Not at Intersection,N,Non-Junction,None,,,         ,Jacob,Paul,Rain,Front to Rear,no,no,no,no,no,False
101117616,METROPOLITAN NASHVILLE POLICE DEPT,20160159131,Davidson,Nashville,2/17/2016 8:42:00 PM,2,1,0,36.087130,-86.708150,PARAGON MILLS RD,,,,43.00,Feet,West,DONNA KAY DR,,,,0.00,N,Not at Intersection,N,Non-Junction,None,,,         ,William,Durham,Cloudy,Front to Rear,no,no,no,no,no,False
101117617,METROPOLITAN NASHVILLE POLICE DEPT,20160158905,Davidson,Nashville,2/17/2016 7:08:00 PM,3,1,0,36.074050,-86.692570,I 24,,,,0.00,,,,,,,56.65,N,Not at Intersection,N,Non-Junction,None,,,         ,Matthew,Johnson,Cloudy,Angle,no,no,no,no,no,False
101117630,METROPOLITAN NASHVILLE POLICE DEPT,20160159212,Davidson,Nashville,2/17/2016 9:10:00 PM,2,1,0,36.026130,-86.712950,NOLENSVILLE PKE,,,,242.00,Feet,North,LENOX VILLAGE DR,,,,0.00,N,Not at Intersection,N,Non-Junction,None,,,         ,Nicholas,Berens,Cloudy,Front to Rear,no,no,no,no,no,False
101117634,METROPOLITAN NASHVILLE POLICE DEPT,2016-0146500,Davidson,Not in City Limit,2/13/2016 6:05:00 PM,2,0,0,36.272110,-86.689560,ANDERSON LN,,,,0.00,,,MYATT DR,,,,0.00,Y,Four-Way, ,Intersection,None,,,         ,Joel,Callies,Clear,Angle,no,no,no,no,no,False
101117636,METROPOLITAN NASHVILLE POLICE DEPT,20160158767,Davidson,Nashville,2/17/2016 6:18:00 PM,2,4,0,36.200040,-86.825250,BUENA VISTA PKE,,,,384.00,Feet,East,MATTIE ST,,,,0.00,N,Not at Intersection,N,Non-Junction,None,,,         ,Michael,Brooks,Cloudy,Angle,no,no,no,no,no,False
101117640,METROPOLITAN NASHVILLE POLICE DEPT,20160159184,Davidson,Nashville,2/17/2016 8:16:00 PM,2,1,0,36.087220,-86.701060,I 24,,,,0.00,,,,,,,55.65,N,Not at Intersection,N,Non-Junction,None,,,         ,Sandra,Fly,Cloudy,Front to Rear,no,no,no,no,no,False
101117642,METROPOLITAN NASHVILLE POLICE DEPT,2016-0156673,Davidson,Nashville,2/17/2016 6:25:00 AM,3,0,0,36.141350,-86.716440,I 40,,,,0.00,,,,,,,213.85,N,Not at Intersection, ,Non-Junction,None,,,         ,Joshua,Chick,Clear,Rear to Rear,no,no,no,no,no,False
101117646,METROPOLITAN NASHVILLE POLICE DEPT,20160159229,Davidson,Nashville,2/17/2016 8:38:00 PM,2,0,0,36.068610,-86.719610,NOLENSVILLE PKE,,,,208.00,Feet,North,HAYWOOD LN,,,,0.00,N,Not at Intersection, ,Non-Junction,None,,,         ,Miguel,Garcia,Clear,"Sideswipe, Same Direction",no,no,no,no,no,False
101117649,METROPOLITAN NASHVILLE POLICE DEPT,2016-0146128,Davidson,Madison,2/13/2016 12:00:00 AM,2,0,0,36.269230,-86.755700,STATE HWY 45,,,,0.00,,,US HWY 31W,,,,0.00,Y,Four-Way, ,,None,,,         ,Joel,Callies,,,no,no,no,no,no,False
101117656,METROPOLITAN NASHVILLE POLICE DEPT,20160158895,Davidson,Nashville,2/17/2016 6:36:00 PM,2,0,0,36.079130,-86.695910,I 24,,,,0.00,,,,,,,56.25,N,Not at Intersection,N,Non-Junction,None,,,         ,Jared,Jenkins,Clear,"Sideswipe, Same Direction",no,no,no,no,no,False
101117659,METROPOLITAN NASHVILLE POLICE DEPT,20160156562,Davidson,Nashville,2/17/2016 5:30:00 AM,1,0,0,36.192540,-86.778350,I 65,,,,0.00,,,,,,,86.40,N,Not at Intersection,N,Non-Junction,None,,,         ,Matthew,Lachance,Clear,Not Collision with Motor Vehicle in Transport,no,no,no,no,no,False
101117673,METROPOLITAN NASHVILLE POLICE DEPT,20160158890,Davidson,Antioch,2/17/2016 6:47:00 PM,2,1,0,36.042850,-86.606540,US HWY 41,,,,0.00,Feet,,STATE HWY 171,,,,0.00,Y,Four-Way,N,Intersection,None,,,         ,Victoria,Cunningham,Clear,Front to Rear,no,no,no,no,yes,False
101117682,METROPOLITAN NASHVILLE POLICE DEPT,2016-156656,Davidson,Nashville,2/17/2016 6:20:00 AM,2,0,0,36.142320,-86.710520,I 40,,,,0.00,,,,,,,214.20,N,Not at Intersection, ,,None,,,         ,Joshua,Chick,,,no,no,no,no,no,False
101117684,METROPOLITAN NASHVILLE POLICE DEPT,2016-0159573,Davidson,Nashville,2/17/2016 11:25:00 PM,2,0,0,36.145230,-86.666630,STATE HWY 255,,,,0.00,,,SHACKLETT DR,,,,0.00,Y,T-Intersection,N,Non-Junction,None,,,         ,Michael,Maclennan,Clear,Angle,no,no,no,yes,yes,False
101117695,METROPOLITAN NASHVILLE POLICE DEPT,2016-159484,Davidson,Nashville,2/17/2016 10:55:00 PM,1,0,0,36.157250,-86.759810,I24 W ENT RAMP,,,,0.00,Feet,East,I 24,,,,0.00,N,Not at Intersection,N,Non-Junction,None,,,         ,Joshua,Chick,Clear,Not Collision with Motor Vehicle in Transport,no,no,no,no,no,False
101117743,METROPOLITAN NASHVILLE POLICE DEPT,20160159593,Davidson,Nashville,2/17/2016 11:00:00 PM,3,0,0,0.000000,0.000000,4646 NOLENSVILLE PIKE,,,,0.10,Feet,North,4646 NOLENSVILLE PKE,,,,0.00,N,Not at Intersection,N,Non-Junction,None,,,         ,Caleb,Jernigan,Clear,Other,no,no,no,yes,yes,False
101117746,METROPOLITAN NASHVILLE POLICE DEPT,20160160102,Davidson,Nashville,2/18/2016 12:00:00 AM,1,0,0,36.137130,-86.641200,TIMBER VALLEY DR,,,,90.00,Feet,South,S TIMBER DR,,,,0.00,N,Not at Intersection,N,Non-Junction,None,,,         ,Kevin,Ott,Fog,Not Collision with Motor Vehicle in Transport,no,no,no,no,yes,False