master_record_number,agency,agency_tracking_number,county,city,collision_date,vehicles_involved,number_injured,number_dead,latitude,longitude,roadway_name,roadway_suffix,roadway_number,roadway_local_id,distance_from_reference,miles-feet_indicator,direction_from_reference,intersection_road_name,intersection_road_name_suffix,intersection_road_number,intersection_local_id,mile_marker,intersection_indicator,intersect_type,interchange_related_indicator,relation_to_junction,work_zone_type,construction_maintenance_zone,construction_maintenance_zone_location,fatal_case_number,officer_first_name,officer_last_name,weather_condition(s),manner_of_crash,pedestrian,bicycle,scooter,parking,hitrun,mou
101117752,METROPOLITAN NASHVILLE POLICE DEPT,20160160011,Davidson,Nashville,2/18/2016 2:15:00 AM,1,0,0,36.254100,-86.700970,NEELYS BEND RD,,,,61.00,Feet,West,IDLEWILD DR,,,,0.00,N,Not at Intersection,N,Non-Junction,None,,,         ,Michael,Reid,Fog,Not Collision with Motor Vehicle in Transport,no,no,no,no,yes,False
101117758,METROPOLITAN NASHVILLE POLICE DEPT,20160160168,Davidson,Not in City Limit,2/18/2016 12:00:00 AM,1,0,0,36.272030,-86.684700,ANDERSON LN,,,,40.00,Feet,West,RIO VISTA DR,,,,0.00,N,Not at Intersection,N,Non-Junction,None,,,         ,Michael,Reid,Fog,Not Collision with Motor Vehicle in Transport,no,no,no,no,yes,False
101117762,METROPOLITAN NASHVILLE POLICE DEPT,20160153307,Davidson,Nashville,2/16/2016 6:11:00 AM,2,0,0,36.189040,-86.820550,US HWY 41 ALT,,,,0.00,,,RAMP,,,,0.00,Y,OTHER,N,Intersection,None,,,         ,Kevin,Frei,Cloudy,Angle,no,no,no,no,yes,False
101117770,METROPOLITAN NASHVILLE POLICE DEPT,2016-0154535,Davidson,Nashville,2/16/2016 1:49:00 PM,2,0,0,36.074940,-86.920950,STATE HWY 251,,,,172.00,Feet,North,US HWY 70S,,,,0.00,N,Not at Intersection, ,,None,,,         ,Curtis,Rich,,,no,no,no,no,no,False
101117796,METROPOLITAN NASHVILLE POLICE DEPT,20160160404,Davidson,Nashville,2/18/2016 6:10:00 AM,2,0,0,36.045740,-86.674350,BELL RD,,,,0.00,,,BLUE HOLE RD,,,,0.00,Y,Four-Way,N,Intersection,None,,,         ,Caleb,Jernigan,Clear,Angle,no,no,no,no,no,False
101117801,METROPOLITAN NASHVILLE POLICE DEPT,20160160487,Davidson,Nashville,2/18/2016 7:17:00 AM,2,0,0,36.144250,-86.715850,ELM HILL PIKE,,,,1435.00,Feet,West,MASSMAN DR,,,,0.00,N,Not at Intersection, ,Non-Junction,None,,,         ,Michael,Dance,Fog,"Sideswipe, Opposite Direction",no,no,no,no,no,False
101117803,METROPOLITAN NASHVILLE POLICE DEPT,2016-0157442,Davidson,Nashville,2/17/2016 11:25:00 AM,2,0,0,36.172700,-86.762470,WOODLAND ST,,,,104.00,Feet,East,S 6TH ST,,,,0.00,N,Not at Intersection, ,Non-Junction,None,,,         ,Coleman,Womack,Cloudy,Angle,no,no,no,no,no,False
101117819,METROPOLITAN NASHVILLE POLICE DEPT,2016-0160619,Davidson,Nashville,2/18/2016 8:00:00 AM,2,0,0,36.109500,-86.922500,STATE HWY 251,,,,127.00,Feet,South,SONYA DR,,,,0.00,N,Not at Intersection, ,Non-Junction,None,,,         ,Curtis,Rich,Fog,Front to Rear,no,no,no,no,no,False
101117823,GOODLETTSVILLE POLICE DEPT,16-06278,Davidson,Goodlettsville,2/18/2016 4:55:00 AM,2,0,0,36.322080,-86.707830,500 SOUTH CARTWRIGHT,ST,,,300.00,Feet,South,LONG HOLLOW,PIKE,SR174,,0.00,N,Not at Intersection,N,Non-Junction,None,,,         ,David,Read,Fog,Front to Rear,no,no,no,yes,yes,False
101117829,METROPOLITAN NASHVILLE POLICE DEPT,20160157971,Davidson,Nashville,2/17/2016 2:10:00 PM,2,0,0,36.112330,-86.767020,THOMPSON LN,,,,0.00,,,BRANSFORD AV,,,,0.00,Y,Four-Way,N,Intersection,None,,,         ,Nathan,Kemp,Clear,Angle,no,no,no,no,no,False
101117831,METROPOLITAN NASHVILLE POLICE DEPT,20160160526,Davidson,Nashville,2/18/2016 7:30:00 AM,2,0,0,36.040950,-86.746160,OLD HICKORY BLVD,,,,861.00,Feet,West,COZY CREEK LN,,,,0.00,N,Not at Intersection, ,Non-Junction,None,,,         ,Nathan,Kemp,Clear,Angle,no,no,no,no,no,False
101117846,METROPOLITAN NASHVILLE POLICE DEPT,20160154450,Davidson,Nashville,2/16/2016 1:25:00 PM,2,0,0,36.092260,-86.705110,I 24,,,,0.00,,,,,,,55.20,N,Not at Intersection,N,Non-Junction,None,,,         ,James,Thomas,Rain,Front to Rear,no,no,no,no,no,False
101117852,METROPOLITAN NASHVILLE POLICE DEPT,20160160460,Davidson,Nashville,2/18/2016 6:52:00 AM,2,0,0,36.248320,-86.742730,I 65,,,,0.00,,,,,,,91.05,N,Not at Intersection, ,Non-Junction,None,,,         ,Seth,Quiles,Fog,Front to Rear,no,no,no,no,no,False
101117864,METROPOLITAN NASHVILLE POLICE DEPT,2016-0157627,Davidson,Nashville,2/17/2016 12:15:00 PM,2,0,0,36.157050,-86.759740,I 24,,,,0.00,,,,,,,49.65,N,Not at Intersection, ,Non-Junction,None,,,         ,Coleman,Womack,Cloudy,"Sideswipe, Same Direction",no,no,no,no,no,False
101117867,METROPOLITAN NASHVILLE POLICE DEPT,2016-0160720,Davidson,Nashville,2/18/2016 8:30:00 AM,2,0,0,36.076000,-86.916340,US HWY 70S,,,,164.00,Feet,West,CHIMNEY HL,,,,0.00,N,Not at Intersection,N,Non-Junction,None,,,         ,Curtis,Rich,Clear,Front to Rear,no,no,no,no,no,False
101117869,Nashville Airport Police,2016-00398,Davidson,Nashville,2/18/2016 7:45:00 AM,2,0,0,36.116700,-86.668180,DONELSON PKE,,,,0.00,,,HANGAR LN,,,,0.00,Y,T-Intersection, ,Intersection,None,,,         ,Phillip,Schmidt,Fog,Angle,no,no,no,no,no,False
101117872,METROPOLITAN NASHVILLE POLICE DEPT,20160160819,Davidson,Nashville,2/18/2016 9:16:00 AM,2,0,0,36.134230,-86.774730,I65 N EXT RAMP,,,,0.00,,,WEDGEWOOD AV,,,,0.00,Y,Four-Way, ,,None,,,         ,Nathan,Kemp,,,no,no,no,no,no,False
101117876,METROPOLITAN NASHVILLE POLICE DEPT,20160160623,Davidson,Not in City Limit,2/18/2016 8:05:00 AM,1,1,0,36.270780,-86.894360,EATONS CREEK RD,,,,690.00,Feet,South,GLEN ECHO LAKE RD,,,,0.00,N,Not at Intersection,N,Non-Junction,None,,,         ,Blake,Lutz,Clear,Not Collision with Motor Vehicle in Transport,no,no,no,no,no,False
101117887,METROPOLITAN NASHVILLE POLICE DEPT,20160160535,Davidson,Nashville,2/18/2016 7:30:00 AM,2,0,0,36.201200,-86.822350,BUENA VISTA PKE,,,,725.00,Feet,West,EAST LN,,,,0.00,N,Not at Intersection, ,Non-Junction,None,,,         ,Joshua,Baker,Fog,Front to Rear,no,no,no,no,no,False
101117892,METROPOLITAN NASHVILLE POLICE DEPT,20160160702,Davidson,Nashville,2/18/2016 7:48:00 AM,2,0,0,36.125380,-86.742390,FOSTER AVE,,,,12.00,Feet,North,GLENROSE AVE,,,,0.00,N,Not at Intersection,N,Non-Junction,None,,,         ,James,Thomas,Clear,Front to Rear,no,no,no,no,yes,False
101117895,METROPOLITAN NASHVILLE POLICE DEPT,20160160496,Davidson,Nashville,2/18/2016 6:30:00 AM,2,0,0,36.046970,-86.680120,BELL RD,,,,0.00,,,BRENTRIDGE CIR,,,,0.00,Y,T-Intersection,N,"Driveway, Alley Access, etc",None,,,         ,Thomas,White,Fog,"Sideswipe, Same Direction",no,no,no,no,no,False
101117896,METROPOLITAN NASHVILLE POLICE DEPT,20160160771,Davidson,Nashville,2/18/2016 7:53:00 AM,2,0,0,0.000000,0.000000,BELL,RD,SR900,,500.00,Feet,West,HICKORY HOLLOW,PKWY,SR,,0.00,N,Not at Intersection,N,Non-Junction,None,,,         ,Thomas,White,Clear,Front to Rear,no,no,no,no,no,False
101117899,METROPOLITAN NASHVILLE POLICE DEPT,20160160878,Davidson,Nashville,2/18/2016 9:48:00 AM,2,0,0,36.133080,-86.759270,CRAIGHEAD ST,,,,353.00,Feet,South,NOLENSVILLE PKE,,,,0.00,N,Not at Intersection, ,Non-Junction,None,,,         ,Nathan,Kemp,Clear,Angle,no,no,no,no,no,False
101117906,METROPOLITAN NASHVILLE POLICE DEPT,2016-0160661,Davidson,Nashville,2/18/2016 6:52:00 AM,2,0,0,36.044820,-86.669610,BEECHWOOD TER,,,,248.00,Feet,East,STATE HWY 254,,,,0.00,N,Not at Intersection,N,Non-Junction,None,,,         ,Stanley,Collins,Clear,Angle,no,no,no,no,no,False
101117907,METROPOLITAN NASHVILLE POLICE DEPT,3016-0160553,Davidson,Not in City Limit,2/18/2016 7:43:00 AM,2,0,0,36.276180,-86.800650,I24 E ENT RAMP,,,,0.00,,,I 24,,,,0.00,Y,OTHER, ,Entrance/Exit Ramp Related,None,,,         ,William,Caillouette,Fog,Angle,no,no,no,no,no,False
101117915,METROPOLITAN NASHVILLE POLICE DEPT,20160160897,Davidson,Nashville,2/18/2016 9:56:00 AM,2,0,0,36.152570,-86.784890,12TH AVS,,,,0.00,,,PINE ST,,,,0.00,Y,OTHER, ,Intersection-Related,None,,,         ,Daniel,Massey,Clear,"Sideswipe, Same Direction",no,no,no,no,yes,False
101117918,Nashville Airport Police,2016-00293,Davidson,Nashville,2/4/2016 12:33:00 PM,2,0,0,0.000000,0.000000,DONELSON,PIKE,SR721,,0.10,Miles,East,DONELSON,PIKE,SR721,,0.00,N,Not at Intersection, ,Non-Junction,None,,,         ,Hardini,Carter,Clear,Other,no,no,no,yes,no,False
101117919,METROPOLITAN NASHVILLE POLICE DEPT,20160160609,Davidson,Nashville,2/18/2016 7:55:00 AM,2,1,0,36.113850,-86.707310,BRILEY PKWYS,,,,402.00,Feet,East,BRILEY PKWYN,,,,0.00,N,Not at Intersection,N,Non-Junction,None,,,         ,Jonathan,Cavezza,Clear,Front to Rear,no,no,no,no,no,False
101117920,METROPOLITAN NASHVILLE POLICE DEPT,2016-0157551,Davidson,Nashville,2/17/2016 12:10:00 PM,2,1,0,36.203580,-86.738480,GALLATIN PIKE,,,,0.00,,,E TRINITY LN,,,,0.00,Y,T-Intersection,N,Intersection,None,,,         ,Coleman,Womack,Cloudy,Front to Rear,no,no,no,no,no,False
101117926,METROPOLITAN NASHVILLE POLICE DEPT,2016-0160948,Davidson,Nashville,2/18/2016 10:15:00 AM,2,0,0,36.165610,-86.820240,28TH AVN,,,,0.00,,West,ALAMEDA ST,,,,0.00,N,Not at Intersection, ,,None,,,         ,Darryl,Morton,,,no,no,no,no,no,False
101117933,METROPOLITAN NASHVILLE POLICE DEPT,2016-0160856,Davidson,Not in City Limit,2/18/2016 12:00:00 AM,2,0,0,36.320810,-86.852530,I 24,,,,0.00,,,,,,,35.85,N,Not at Intersection,N,Non-Junction,None,,,         ,William,Caillouette,Clear,"Sideswipe, Same Direction",no,no,no,no,yes,False
101117934,METROPOLITAN NASHVILLE POLICE DEPT,2016-0157931,Davidson,Nashville,2/17/2016 1:15:00 PM,2,0,0,36.230200,-86.770780,EWING DR,,,,0.00,,,HILLHURST DR,,,,0.00,Y,T-Intersection,N,Intersection,None,,,         ,Coleman,Womack,Cloudy,"Sideswipe, Opposite Direction",no,no,no,no,yes,False
101117936,METROPOLITAN NASHVILLE POLICE DEPT,20160161062,Davidson,Nashville,2/18/2016 10:59:00 AM,2,0,0,36.125990,-86.804950,21ST AVS,,,,55.00,Feet,North,SWEETBRIAR AV,,,,0.00,N,Not at Intersection,N,Non-Junction,None,,,         ,Nathan,Kemp,Clear,Angle,no,no,no,no,no,False
101117937,METROPOLITAN NASHVILLE POLICE DEPT,20160160596,Davidson,Nashville,2/18/2016 7:52:00 AM,1,1,0,36.190670,-86.807890,KELLOW ST,,,,0.00,Feet,East,11TH AVN,,,,0.00,N,Not at Intersection,N,Non-Junction,None,,,         ,Spencer,Pittman,Clear,Not Collision with Motor Vehicle in Transport,yes,no,no,yes,no,False
101117938,METROPOLITAN NASHVILLE POLICE DEPT,20160160700,Davidson,Nashville,2/18/2016 7:55:00 AM,2,0,0,36.113850,-86.707310,BRILEY PKWYS,,,,402.00,Feet,East,BRILEY PKWYN,,,,0.00,N,Not at Intersection,N,Non-Junction,None,,,         ,Jonathan,Cavezza,Clear,Front to Rear,no,no,no,no,no,False
101117940,METROPOLITAN NASHVILLE POLICE DEPT,2016-0160676,Davidson,Nashville,2/18/2016 8:15:00 AM,3,0,0,36.178170,-86.763890,-- UNKNOWN RAMP/ROAD --,,,,0.00,,,US HWY 31E,,,,0.00,Y,OTHER, ,Non-Junction,None,,,         ,Coleman,Womack,Cloudy,Front to Rear,no,no,no,no,no,False
101117941,METROPOLITAN NASHVILLE POLICE DEPT,20160160910,Davidson,Nashville,2/18/2016 10:34:00 AM,2,1,0,36.044080,-86.661580,CANE RIDGE RD,,,,98.00,Feet,South,TARGET DR,,,,0.00,N,Not at Intersection,N,Non-Junction,None,,,         ,Jessie,Meadows,Clear,Front to Rear,no,no,no,no,no,False
101117949,METROPOLITAN NASHVILLE POLICE DEPT,20160160786,Davidson,Nashville,2/18/2016 9:07:00 AM,3,2,0,36.147300,-86.757850,US HWY 41,,,,0.00,,,FAIRFIELD AVE,,,,0.00,Y,Four-Way,N,Intersection,None,,,         ,Brian,Lamb,Clear,Angle,no,no,no,no,no,False
101117951,METROPOLITAN NASHVILLE POLICE DEPT,20160118524,Davidson,Nashville,2/5/2016 9:32:00 AM,2,1,0,36.079110,-86.644070,US HWY 41,,,,215.00,Feet,East,EDGE O LAKE DR,,,,0.00,N,Not at Intersection,N,Non-Junction,None,,,         ,Darrell,Osment,Clear,Front to Rear,no,no,no,no,no,False
101117978,METROPOLITAN NASHVILLE POLICE DEPT,20160161151,Davidson,Nashville,2/18/2016 11:23:00 AM,2,1,0,36.045370,-86.713260,NOLENSVILLE PKE,,,,20.00,Feet,North,OLD HICKORY BLVD,,,,0.00,N,Not at Intersection,N,Non-Junction,None,,,         ,Gregory,Scott,Clear,Front to Rear,no,no,no,no,no,False
101117986,METROPOLITAN NASHVILLE POLICE DEPT,20160160719,Davidson,Nashville,2/18/2016 8:43:00 AM,2,0,0,36.142920,-86.683750,I 40,,,,0.00,,,,,,,215.65,N,Not at Intersection,N,Non-Junction,None,,,         ,Wesley,Young,Clear,Front to Rear,no,no,no,no,no,False
101117988,METROPOLITAN NASHVILLE POLICE DEPT,20160161229,Davidson,Nashville,2/18/2016 11:55:00 AM,2,1,0,36.176900,-86.776130,COWAN ST,,,,0.00,,,SPRING ST,,,,0.00,Y,Four-Way,N,Intersection,None,,,         ,Michael,Johnson,Clear,Front to Rear,no,no,no,no,no,False
101117989,METROPOLITAN NASHVILLE POLICE DEPT,2016-0161191,Davidson,Nashville,2/18/2016 11:46:00 AM,2,1,0,36.152490,-86.833260,US HWY 70,,,,0.00,,,39TH AVE N,,,,0.00,Y,T-Intersection,N,Intersection,None,,,         ,Walter,Gray II,Clear,Angle,no,no,no,no,no,False
101117990,Nashville Airport Police,2016-00400,Davidson,Nashville,2/18/2016 11:45:00 AM,2,0,0,0.000000,0.000000,AIRWAYS,BLVD,,,1000.00,Feet,North,AIRWAYS,BLVD,,,0.00,N,Not at Intersection, ,Non-Junction,None,,,         ,Phillip,Schmidt,Clear,Rear to Side,no,no,no,yes,no,False
101118004,METROPOLITAN NASHVILLE POLICE DEPT,20160160867,Davidson,Nashville,2/18/2016 9:44:00 AM,2,0,0,36.141650,-86.714640,I 40,,,,0.00,,,,,,,213.95,N,Not at Intersection, ,Non-Junction,None,,,         ,Wesley,Young,Clear,Front to Rear,no,no,no,no,no,False
101118005,METROPOLITAN NASHVILLE POLICE DEPT,2016-0160448,Davidson,Nashville,2/18/2016 6:49:00 AM,1,3,0,36.031740,-86.654190,CANE RIDGE RD,,,,1691.00,Feet,South,OLD FRANKLIN RD,,,,0.00,N,Not at Intersection,N,Non-Junction,None,,,         ,William,Whitworth,Clear,Not Collision with Motor Vehicle in Transport,no,no,no,no,no,False
101118006,METROPOLITAN NASHVILLE POLICE DEPT,2016-0160610,Davidson,Nashville,2/18/2016 6:55:00 AM,2,0,0,36.031610,-86.653970,CANE RIDGE RD,,,,1765.00,Feet,South,OLD FRANKLIN RD,,,,0.00,N,Not at Intersection,N,Non-Junction,None,,,         ,William,Whitworth,Clear,"Sideswipe, Same Direction",no,no,no,no,yes,False
101118012,METROPOLITAN NASHVILLE POLICE DEPT,20160161445,Davidson,Nashville,2/18/2016 12:00:00 AM,2,0,0,36.144700,-86.712360,ELM HILL PIKE,,,,391.00,Feet,West,MASSMAN DR,,,,0.00,N,Not at Intersection, ,Non-Junction,None,,,         ,Michael,Dance,Clear,Angle,no,no,no,no,no,False
101118014,METROPOLITAN NASHVILLE POLICE DEPT,20160161426,Davidson,Nashville,2/18/2016 12:40:00 PM,2,0,0,36.152080,-86.626360,BLACKWOOD DR,,,,383.00,Feet,West,BELL RD,,,,0.00,N,Not at Intersection, ,Non-Junction,None,,,         ,Brian,Ewing,Clear,Angle,no,no,no,no,no,False
101118021,METROPOLITAN NASHVILLE POLICE DEPT,20160160576,Davidson,Nashville,2/18/2016 7:52:00 AM,2,1,0,36.079100,-86.720540,WALLACE RD,,,,0.00,,,RECOVERY RD,,,,0.00,Y,T-Intersection,N,Intersection,None,,,         ,Jason,Dudley,Clear,Angle,no,no,no,no,no,False
101118032,METROPOLITAN NASHVILLE POLICE DEPT,2016-0161485,Davidson,Nashville,2/18/2016 12:53:00 PM,2,0,0,36.167910,-86.822020,JOHN A MERRITT BLVD,,,,184.00,Feet,West,29TH AVN,,,,0.00,N,Not at Intersection, ,Non-Junction,None,,,         ,William,Caillouette,Clear,Front to Rear,no,no,no,no,no,False
101118034,METROPOLITAN NASHVILLE POLICE DEPT,20160161511,Davidson,Nashville,2/18/2016 1:19:00 PM,2,0,0,36.162530,-86.778980,COMMERCE ST,,,,263.00,Feet,North,5TH AVN,,,,0.00,N,Not at Intersection,N,"Driveway, Alley Access, etc",None,,,         ,Shawn,Taylor,Clear,Angle,no,no,no,no,no,False
101118039,METROPOLITAN NASHVILLE POLICE DEPT,20160161506,Davidson,Nashville,2/18/2016 12:00:00 AM,2,1,0,36.145330,-86.743990,FESSLERS LN,,,,245.00,Feet,North,ELM HILL PIKE,,,,0.00,N,Not at Intersection,N,Non-Junction,None,,,         ,Michael,Dance,Clear,Front to Rear,no,no,no,yes,no,False
101118043,METROPOLITAN NASHVILLE POLICE DEPT,20160160724,Davidson,Nashville,2/18/2016 8:36:00 AM,2,0,0,36.236650,-86.724540,RAMP,,,,0.00,,,US HWY 31E,,,,0.00,Y,OTHER, ,Entrance/Exit Ramp Related,None,,,         ,Michelle,Steidl,Clear,Angle,no,no,no,no,no,False
101118048,BERRY HILL POLICE DEPT,16-0589,Davidson,Berry Hill,2/18/2016 7:40:00 AM,2,0,0,36.125400,-86.776810,FRANKLIN PKE,,,,76.00,Feet,North,INVERNESS AV,,,,0.00,N,Not at Intersection, ,Non-Junction,None,,,         ,Ronnie,Hill,Fog,Not Collision with Motor Vehicle in Transport,no,no,no,no,no,False
101118078,METROPOLITAN NASHVILLE POLICE DEPT,20160161689,Davidson,Nashville,2/18/2016 2:09:00 PM,2,0,0,36.105460,-86.772790,FRANKLIN PKE,,,,0.00,,,CALDWELL LN,,,,0.00,Y,T-Intersection, ,Intersection,None,,,         ,Nathan,Kemp,Clear,Angle,no,no,no,no,no,False
101118081,METROPOLITAN NASHVILLE POLICE DEPT,2016-0161729,Davidson,Nashville,2/18/2016 12:00:00 AM,2,0,0,36.101020,-86.918700,TOLBERT RD,,,,2003.00,Feet,South,STATE HWY 251,,,,0.00,N,Not at Intersection,N,Non-Junction,None,,,         ,Walter,Gray II,Unknown,Unknown,no,no,no,yes,yes,False
101118082,BERRY HILL POLICE DEPT,16-0582,Davidson,Nashville,2/17/2016 4:00:00 PM,2,0,0,36.110370,-86.767120,POWELL AV,,,,0.00,,,,,,,0.00,,Not at Intersection,N,Non-Junction,None,,,         ,John,Gleixner,Cloudy,"Sideswipe, Same Direction",no,no,no,yes,no,False
101118089,METROPOLITAN NASHVILLE POLICE DEPT,20160161731,Davidson,Nashville,2/18/2016 2:53:00 PM,3,0,0,36.046160,-86.657750,BELL RD,,,,75.00,Feet,East,COLLINS PARK DR,,,,0.00,N,Not at Intersection,N,Non-Junction,None,,,         ,Jessie,Meadows,Clear,Front to Rear,no,no,no,no,no,False
101118101,METROPOLITAN NASHVILLE POLICE DEPT,20160161782,Davidson,Nashville,2/18/2016 2:55:00 PM,2,0,0,36.137180,-86.796940,18TH AVE S,,,,0.00,,,WEDGEWOOD AVE,,,,0.00,Y,Four-Way,Y,Intersection-Related,None,,,         ,Tien,Nguyen,Clear,Angle,no,no,no,no,no,Campus
101118125,METROPOLITAN NASHVILLE POLICE DEPT,20160162011,Davidson,Nashville,2/18/2016 3:51:00 PM,2,0,0,36.155700,-86.789760,14TH AVN,,,,0.00,,,BROADWAY,,,,0.00,Y,Four-Way, ,Intersection,None,,,         ,Charles,Griffin,Clear,Angle,no,no,no,no,no,False
101118133,METROPOLITAN NASHVILLE POLICE DEPT,20160162005,Davidson,Nashville,2/18/2016 3:52:00 PM,2,0,0,36.109470,-86.811680,US HWY 431,,,,119.00,Feet,North,CRESTMOOR RD,,,,0.00,N,Not at Intersection, ,Non-Junction,None,,,         ,Tien,Nguyen,Clear,Front to Rear,no,no,no,no,no,False
101118136,METROPOLITAN NASHVILLE POLICE DEPT,20150161805,Davidson,Nashville,2/18/2016 2:45:00 PM,2,0,0,36.231750,-86.700340,BRILEY PKWYN,,,,0.00,,,BRILEY PKWYW,,,,0.00,Y,OTHER, ,Non-Junction,None,,,         ,Lawrence,Lacy,Clear,"Sideswipe, Same Direction",no,no,no,no,no,False
101118137,METROPOLITAN NASHVILLE POLICE DEPT,2016-0162015,Davidson,Not in City Limit,2/18/2016 4:15:00 PM,2,0,0,36.077390,-86.947180,US HWY 70S,,,,0.00,,,CONNECTING ROAD,,,,0.00,Y,OTHER,N,Intersection,None,,,         ,Walter,Gray II,Clear,Angle,no,no,no,no,yes,False
101118138,METROPOLITAN NASHVILLE POLICE DEPT,20160162108,Davidson,Goodlettsville,2/18/2016 4:00:00 PM,2,0,0,36.294920,-86.700940,GALLATIN PKEN,,,,0.00,,,MCHENRY CENTER PVTDR,,,,0.00,Y,Four-Way,Y,Intersection-Related,None,,,         ,Jessica,Ware,Clear,Front to Rear,no,no,no,yes,yes,False
101118139,VANDERBILT UNIVERSITY POLICE,16-0161722,Davidson,Nashville,2/18/2016 2:35:00 PM,1,1,0,36.139080,-86.805070,CHILDRENS WAY,,,,0.00,,,24TH AVS,,,,0.00,Y,Four-Way,N,Intersection,None,,,         ,Donald,Dennis,Clear,Not Collision with Motor Vehicle in Transport,yes,no,no,no,no,Campus
101118158,METROPOLITAN NASHVILLE POLICE DEPT,20160162229,Davidson,Nashville,2/18/2016 5:18:00 PM,2,0,0,36.069730,-86.686440,HAYWOOD LN,,,,103.00,Feet,East,I24 W ENT RAMP,,,,0.00,N,Not at Intersection, ,Non-Junction,None,,,         ,William,Durham,Clear,Front to Rear,no,no,no,no,no,False
101118168,METROPOLITAN NASHVILLE POLICE DEPT,20160162176,Davidson,Nashville,2/18/2016 4:46:00 PM,2,0,0,36.239610,-86.742050,-- UNKNOWN RAMP/ROAD --,,,,0.00,,,US HWY 31E,,,,0.00,Y,OTHER, ,Entrance/Exit Ramp Related,None,,,         ,Edward,Draves,Cloudy,Front to Rear,no,no,no,no,no,False
101118171,METROPOLITAN NASHVILLE POLICE DEPT,20160162188,Davidson,Nashville,2/18/2016 5:00:00 PM,2,0,0,36.105740,-86.672070,MURFREESBORO PKE,,,,92.00,Feet,West,EZELL PKE,,,,0.00,N,Not at Intersection, ,Non-Junction,None,,,         ,Sandra,Fly,Clear,Front to Rear,no,no,no,no,no,False
101118173,METROPOLITAN NASHVILLE POLICE DEPT,20160162132,Davidson,Nashville,2/18/2016 5:38:00 PM,2,0,0,36.117200,-86.743170,LUTIE ST,,,,61.00,Feet,East,FOSTER AV,,,,0.00,N,Not at Intersection,N,Non-Junction,None,,,         ,Jessie,Meadows,Clear,Rear to Side,no,no,no,no,no,False
101118178,METROPOLITAN NASHVILLE POLICE DEPT,20160162366,Davidson,Not in City Limit,2/18/2016 6:20:00 PM,1,0,0,36.092090,-86.978270,US HWY 70,,,,466.00,Feet,East,RAMP,,,,0.00,N,Not at Intersection, ,,None,,,         ,Benjamin,Spees,,,no,no,no,no,no,False
101118181,METROPOLITAN NASHVILLE POLICE DEPT,20160162414,Davidson,Nashville,2/18/2016 6:10:00 PM,3,1,0,36.088330,-86.790960,BATTERY LN,,,,0.00,,,LEALAND LN,,,,0.00,Y,Four-Way,N,Intersection-Related,None,,,         ,Tien,Nguyen,Clear,Front to Rear,no,no,no,no,no,False
101118184,METROPOLITAN NASHVILLE POLICE DEPT,20160161930,Davidson,Nashville,2/18/2016 3:40:00 PM,2,0,0,36.228180,-86.759500,DICKERSON PKE,,,,438.00,Feet,South,BROADMOOR DR,,,,0.00,N,Not at Intersection, ,Non-Junction,None,,,         ,Audrean,Manquero,Clear,Angle,no,no,no,no,no,False
101118187,METROPOLITAN NASHVILLE POLICE DEPT,20160162155,Davidson,Nashville,2/18/2016 5:15:00 PM,2,0,0,36.205890,-86.768610,E TRINITY LN,,,,0.00,,,DICKERSON PKE,,,,0.00,Y,Four-Way, ,Intersection,None,,,         ,Randy,Heinze,Clear,"Sideswipe, Opposite Direction",no,no,no,no,yes,False
101118195,METROPOLITAN NASHVILLE POLICE DEPT,20160162411,Davidson,Nashville,2/18/2016 6:14:00 PM,2,0,0,36.115600,-86.773150,-- UNKNOWN RAMP/ROAD --,,,,0.00,Feet,East,I 440,,,,0.00,N,Not at Intersection, ,Non-Junction,None,,,         ,Megan,Lamon,Clear,Front to Rear,no,no,no,no,no,False
101118196,METROPOLITAN NASHVILLE POLICE DEPT,20160162374,Davidson,Nashville,2/18/2016 6:10:00 PM,2,0,0,36.063130,-86.916930,BELLEVUE RD,,,,0.00,Feet,,OLD HICKORY BLVD,,,,0.00,Y,Four-Way,N,Intersection-Related,None,,,         ,Brandon,Pedigo,Clear,Angle,no,no,no,no,no,False
101118197,METROPOLITAN NASHVILLE POLICE DEPT,20160162460,Davidson,Nashville,2/18/2016 6:28:00 PM,3,0,0,36.152900,-86.755460,I 40,,,,0.00,,,,,,,211.25,N,Not at Intersection, ,Non-Junction,None,,,         ,Leslie,Hale,Clear,Front to Rear,no,no,no,no,no,False
101118205,METROPOLITAN NASHVILLE POLICE DEPT,20160162213,Davidson,Nashville,2/18/2016 4:46:00 PM,2,0,0,36.145750,-86.666680,STATE HWY 255,,,,80.00,Feet,South,ROYAL PKWY,,,,0.00,N,Not at Intersection, ,Non-Junction,None,,,         ,Felipe,Pereira,Clear,"Sideswipe, Same Direction",no,no,no,no,no,False
101118206,METROPOLITAN NASHVILLE POLICE DEPT,20160162364,Davidson,Nashville,2/18/2016 5:55:00 PM,2,0,0,36.181730,-86.641490,JACKSON DOWNS BLVD,,,,0.00,,,US HWY 70,,,,0.00,Y,Four-Way, ,Intersection-Related,None,,,         ,Felipe,Pereira,Clear,Front to Rear,no,no,no,no,no,False
101118209,METROPOLITAN NASHVILLE POLICE DEPT,20160162523,Davidson,Nashville,2/18/2016 7:00:00 PM,2,0,0,36.192780,-86.687390,BRILEY PKWYS,,,,121.00,Feet,North,BRILEY PKWY S EXT RAMP,,,,0.00,N,Not at Intersection, ,,None,,,         ,Bryan,Byrnes,,,no,no,no,no,no,False