master_record_number,agency,agency_tracking_number,county,city,collision_date,vehicles_involved,number_injured,number_dead,latitude,longitude,roadway_name,roadway_suffix,roadway_number,roadway_local_id,distance_from_reference,miles-feet_indicator,direction_from_reference,intersection_road_name,intersection_road_name_suffix,intersection_road_number,intersection_local_id,mile_marker,intersection_indicator,intersect_type,interchange_related_indicator,relation_to_junction,work_zone_type,construction_maintenance_zone,construction_maintenance_zone_location,fatal_case_number,officer_first_name,officer_last_name,weather_condition(s),manner_of_crash,pedestrian,bicycle,scooter,parking,hitrun,mou
101118214,METROPOLITAN NASHVILLE POLICE DEPT,20160162401,Davidson,Nashville,2/18/2016 5:46:00 PM,2,1,0,36.195000,-86.743160,CHESTER AV,,,,0.00,,,GALLATIN AV,,,,0.00,Y,Four-Way,N,Intersection,None,,,         ,Nicholas,Diamond,Clear,Front to Rear,no,no,no,no,no,False
101118217,METROPOLITAN NASHVILLE POLICE DEPT,20160162252,Davidson,Nashville,2/18/2016 5:17:00 PM,2,1,0,36.176160,-86.772250,I 24,,,,0.00,,,,,,,48.00,N,Not at Intersection,N,Non-Junction,None,,,         ,Michael,Baron,Clear,Front to Rear,no,no,no,no,no,False
101118228,METROPOLITAN NASHVILLE POLICE DEPT,2016-0162599,Davidson,Nashville,2/18/2016 7:25:00 PM,2,0,0,36.040010,-86.743470,EDMONDSON PKE,,,,0.00,,,OLD HICKORY BLVD,,,,0.00,Y,Four-Way,N,Intersection,None,,,         ,William,King,Clear,Angle,no,no,no,no,no,False
101118232,METROPOLITAN NASHVILLE POLICE DEPT,20160162593,Davidson,Nashville,2/18/2016 7:23:00 PM,2,0,0,36.048470,-86.654190,BELL RD,,,,615.00,Feet,East,HICKORY HOLLOW MALL PVTDR PL,,,,0.00,N,Not at Intersection,N,Non-Junction,None,,,         ,William,Durham,Clear,"Sideswipe, Same Direction",no,no,no,no,no,False
101118238,METROPOLITAN NASHVILLE POLICE DEPT,2016-0162415,Davidson,Nashville,2/18/2016 6:26:00 PM,2,0,0,36.156130,-86.780360,8TH AVS,,,,305.00,Feet,South,DEMONBREUN ST,,,,0.00,N,Not at Intersection, ,Non-Junction,None,,,         ,Michael,Schlegel,Cloudy,Angle,no,no,no,no,no,False
101118240,METROPOLITAN NASHVILLE POLICE DEPT,2016161747,Davidson,Nashville,2/18/2016 2:38:00 PM,2,0,0,36.152350,-86.769010,2ND AVS,,,,0.00,,,LINDSLEY AV,,,,0.00,Y,T-Intersection, ,Intersection-Related,None,,,         ,Jacob,Paul,Clear,"Sideswipe, Same Direction",no,no,no,no,no,False
101118259,METROPOLITAN NASHVILLE POLICE DEPT,20160162623,Davidson,Nashville,2/18/2016 7:30:00 PM,2,0,0,36.226340,-86.603180,SAUNDERSVILLE RD,,,,0.00,,,SHUTE LN,,,,0.00,Y,T-Intersection, ,Intersection,None,,,         ,Tyler,Conrads,Clear,Angle,no,no,no,no,no,False
101118263,METROPOLITAN NASHVILLE POLICE DEPT,2016-0162228,Davidson,Nashville,2/18/2016 5:28:00 PM,2,1,0,36.160620,-86.786040,10TH AVN,,,,382.00,Feet,West,YMCA WAY,,,,0.00,N,Not at Intersection,N,Non-Junction,None,,,         ,Michael,Schlegel,Cloudy,Front to Rear,no,no,no,no,no,False
101118287,METROPOLITAN NASHVILLE POLICE DEPT,20160162770,Davidson,Nashville,2/18/2016 8:11:00 PM,2,0,0,36.130460,-86.899640,US HWY 70,,,,53.00,Feet,West,-- UNKNOWN RAMP/ROAD --,,,,0.00,N,Not at Intersection,Y,Entrance/Exit Ramp Related,None,,,         ,Benjamin,Spees,Clear,Angle,no,no,no,no,no,False
101118296,METROPOLITAN NASHVILLE POLICE DEPT,20160162480,Davidson,Nashville,2/18/2016 6:46:00 PM,3,1,0,36.153900,-86.762790,I 40,,,,0.00,,,,,,,210.80,N,Not at Intersection,Y,Non-Junction,None,,,         ,Felipe,Pereira,Clear,Front to Rear,no,no,no,no,no,False
101118301,METROPOLITAN NASHVILLE POLICE DEPT,20160162964,Davidson,Nashville,2/18/2016 9:00:00 PM,1,0,0,36.168510,-86.773640,WOODLAND ST,,,,469.00,Feet,West,US HWY 31,,,,0.00,N,Not at Intersection,N,Non-Junction,None,,,         ,Michael,Baron,Clear,Not Collision with Motor Vehicle in Transport,no,no,no,no,yes,False
101118317,METROPOLITAN NASHVILLE POLICE DEPT,20160162277,Davidson,Nashville,2/18/2016 5:16:00 PM,2,0,0,36.234660,-86.717440,BRILEY PKWYW,,,,178.00,Feet,West,TANGLEWOOD DRN,,,,0.00,N,Not at Intersection, ,Non-Junction,None,,,         ,Samuel,Miller,Cloudy,Front to Rear,no,no,no,no,no,False
101118319,METROPOLITAN NASHVILLE POLICE DEPT,20160162095,Davidson,Nashville,2/18/2016 4:39:00 PM,2,1,0,36.187990,-86.821560,CLARKSVILLE PKE,,,,0.00,,,ROSA L PARKS BLVD,,,,0.00,Y,Four-Way,N,Intersection,None,,,         ,Michael,Brooks,Clear,Front to Rear,no,no,no,no,no,False
101118320,METROPOLITAN NASHVILLE POLICE DEPT,20160162300,Davidson,Nashville,2/18/2016 5:51:00 PM,2,0,0,36.178080,-86.794660,ROSA L PARKS BLVD,,,,321.00,Feet,South,HUME ST,,,,0.00,N,Not at Intersection,N,Non-Junction,None,,,         ,Michael,Brooks,Clear,Front to Rear,no,no,no,no,no,False
101118321,METROPOLITAN NASHVILLE POLICE DEPT,20160162733,Davidson,Nashville,2/18/2016 8:08:00 PM,1,0,0,36.232690,-86.824340,BRILEY PKWYE,,,,255.00,Feet,East,BUENA VISTA PKE,,,,0.00,N,Not at Intersection, ,Non-Junction,None,,,         ,Michael,Brooks,Clear,Not Collision with Motor Vehicle in Transport,no,no,no,no,no,False
101118322,METROPOLITAN NASHVILLE POLICE DEPT,20160162874,Davidson,Nashville,2/18/2016 6:23:00 PM,2,0,0,36.160510,-86.824100,32ND AVN,,,,0.00,,,BATAVIA ST,,,,0.00,Y,Four-Way, ,Intersection,None,,,         ,Michael,Brooks,Clear,Angle,no,no,no,no,no,False
101118323,METROPOLITAN NASHVILLE POLICE DEPT,20160163047,Davidson,Nashville,2/18/2016 8:48:00 PM,1,1,0,36.180520,-86.811260,DR D B TODD JR BLVD,,,,175.00,Feet,North,BUCHANAN ST,,,,0.00,N,Not at Intersection,N,Non-Junction,None,,,         ,Michael,Brooks,Clear,Not Collision with Motor Vehicle in Transport,yes,no,no,no,no,False
101118341,METROPOLITAN NASHVILLE POLICE DEPT,20160162317,Davidson,Antioch,2/18/2016 5:50:00 PM,4,0,0,36.030930,-86.593960,MURFREESBORO,,,,0.00,,,,,,,0.00,,Four-Way,N,Non-Junction,None,,,         ,Victoria,Cunningham,Clear,Not Collision with Motor Vehicle in Transport,no,no,no,yes,no,False
101118351,VANDERBILT UNIVERSITY POLICE,16-0163088,Davidson,Nashville,2/18/2016 9:45:00 PM,2,1,0,36.141010,-86.796160,HORTON AV,,,,0.00,,,18TH AVS,,,,0.00,Y,Four-Way,N,Intersection,None,,,         ,Patrick,Conwell,Clear,Angle,no,no,no,no,no,Campus
101118352,METROPOLITAN NASHVILLE POLICE DEPT,20160163161,Davidson,Nashville,2/18/2016 10:35:00 PM,1,1,0,36.152210,-86.625650,BLACKWOOD DR,,,,175.00,Feet,West,BELL RD,,,,0.00,N,Not at Intersection,N,Non-Junction,None,,,         ,Bridget,Griepentrog,Clear,Not Collision with Motor Vehicle in Transport,no,no,no,no,no,False
101118368,METROPOLITAN NASHVILLE POLICE DEPT,20160163213,Davidson,Nashville,2/18/2016 10:16:00 PM,2,1,0,36.082680,-86.710520,TAMPA DR,,,,0.00,,,STATE HWY 255,,,,0.00,Y,Four-Way,N,Intersection,None,,,         ,David,Simmonds,Clear,Angle,no,no,no,no,no,False
101118372,METROPOLITAN NASHVILLE POLICE DEPT,20160163536,Davidson,Nashville,2/19/2016 12:28:00 AM,2,0,0,36.065660,-86.685780,I 24,,,,0.00,,,,,,,57.35,N,Not at Intersection, ,Non-Junction,None,,,         ,Blaze,Williams,Clear,"Sideswipe, Same Direction",no,no,no,no,no,False
101118387,METROPOLITAN NASHVILLE POLICE DEPT,20160163498,Davidson,Nashville,2/19/2016 12:55:00 AM,2,0,0,36.071940,-86.636180,US HWY 41,,,,0.00,,,BELL RD,,,,0.00,Y,Four-Way,N,Intersection-Related,None,,,         ,Tyler,Adcock,Clear,Front to Rear,no,no,no,no,yes,False
101118390,METROPOLITAN NASHVILLE POLICE DEPT,20160163408,Davidson,Nashville,2/18/2016 12:00:00 AM,1,0,0,36.039880,-86.649800,I 24,,,,0.00,,,,,,,60.00,N,Not at Intersection,N,Non-Junction,None,,,         ,David,Moser,Clear,Not Collision with Motor Vehicle in Transport,no,no,no,no,yes,False
101118395,METROPOLITAN NASHVILLE POLICE DEPT,20160163681,Davidson,Nashville,2/19/2016 12:00:00 AM,2,0,0,36.156770,-86.765300,ACADEMY PL,,,,0.00,,,ROLLING MILL HILL RD,,,,0.00,Y,Four-Way, ,Non-Junction,None,,,         ,William,Thorowgood,Clear,Rear to Rear,no,no,no,no,yes,False
101118418,METROPOLITAN NASHVILLE POLICE DEPT,2016-0163624,Davidson,Nashville,2/19/2016 2:10:00 AM,2,0,0,36.158410,-86.790610,GEORGE L DAVIS BLVD,,,,0.00,,,CHURCH ST,,,,0.00,Y,Four-Way, ,Non-Junction,None,,,         ,Travis,Baxter,Clear,Angle,no,no,no,no,no,False
101118421,METROPOLITAN NASHVILLE POLICE DEPT,2016-0163656,Davidson,Nashville,2/19/2016 2:24:00 AM,1,0,0,36.191490,-86.744970,GALLATIN AVE,,,,163.00,Feet,South,MCKENNIE AVE,,,,0.00,N,Not at Intersection,N,Non-Junction,None,,,         ,Robert,Crow,Clear,Not Collision with Motor Vehicle in Transport,no,no,no,no,no,False
101118431,METROPOLITAN NASHVILLE POLICE DEPT,20160163327,Davidson,Nashville,2/18/2016 10:37:00 PM,2,0,0,36.157500,-86.792460,CHURCH ST,,,,60.00,Feet,East,15TH AVN,,,,0.00,N,Not at Intersection, ,Non-Junction,None,,,         ,Darrien,Spann,Clear,Angle,no,no,no,no,no,False
101118458,METROPOLITAN NASHVILLE POLICE DEPT,20160160892,Davidson,Nashville,2/18/2016 8:10:00 AM,2,0,0,36.021380,-86.711380,NOLENSVILLE PKE,,,,0.00,,,BIENVILLE DR,,,,0.00,Y,T-Intersection, ,Intersection,None,,,         ,Phillip,Murphy,Clear,Angle,no,no,no,no,no,False
101118467,METROPOLITAN NASHVILLE POLICE DEPT,20160164071,Davidson,Nashville,2/19/2016 7:02:00 AM,2,0,0,36.168570,-86.785260,6TH AVE N,,,,0.00,,,US HWY 31,,,,0.00,Y,Four-Way,N,Non-Junction,None,,,         ,Pedro,Rivera Chaparro,Clear,Front to Rear,no,no,no,no,no,False
101118472,METROPOLITAN NASHVILLE POLICE DEPT,20160164059,Davidson,Nashville,2/19/2016 6:57:00 AM,2,0,0,36.174230,-86.770820,I 24,,,,0.00,,,,,,,48.10,N,Not at Intersection,N,Non-Junction,None,,,         ,Michael,Johnson,Clear,Not Collision with Motor Vehicle in Transport,no,no,no,no,no,False
101118477,METROPOLITAN NASHVILLE POLICE DEPT,20160161848,Davidson,Nashville,2/18/2016 3:13:00 PM,2,0,0,36.174920,-86.678970,MCGAVOCK PKE,,,,45.00,Feet,South,SELMA AV,,,,0.00,N,Not at Intersection,N,Non-Junction,None,,,         ,Wesley,Young,Clear,Front to Rear,no,no,no,no,no,False
101118510,METROPOLITAN NASHVILLE POLICE DEPT,20160164238,Davidson,Nashville,2/19/2016 7:14:00 AM,2,0,0,36.169100,-86.679920,MCGAVOCK PKE,,,,98.00,Feet,South,LEBANON PKE,,,,0.00,N,Not at Intersection, ,Non-Junction,None,,,         ,Richard,Hyatt,Clear,"Sideswipe, Same Direction",no,no,no,no,no,False
101118525,METROPOLITAN NASHVILLE POLICE DEPT,2016-0164198,Davidson,Nashville,2/19/2016 12:00:00 AM,2,0,0,36.179440,-86.748550,GARTLAND AVE,,,,116.00,Feet,West,N 12TH ST,,,,0.00,N,Not at Intersection,N,Non-Junction,None,,,         ,Coleman,Womack,Clear,"Sideswipe, Opposite Direction",no,no,no,no,yes,False
101118529,METROPOLITAN NASHVILLE POLICE DEPT,20160164239,Davidson,Nashville,2/19/2016 8:00:00 AM,2,0,0,36.154340,-86.665380,DONELSON PKE,,,,0.00,,,,,,,0.00,,, ,OtherLocation,None,,,         ,Gregory,Lindstrom,Clear,Rear to Rear,no,no,no,yes,no,False
101118531,METROPOLITAN NASHVILLE POLICE DEPT,20160164119,Davidson,Nashville,2/19/2016 7:29:00 AM,4,0,0,36.110950,-86.745420,THOMPSON LN,,,,61.00,Feet,West,NOLENSVILLE PKE,,,,0.00,N,Not at Intersection,N,Non-Junction,None,,,         ,Justin,Pinkelton,Clear,Front to Rear,no,no,no,no,no,False
101118543,METROPOLITAN NASHVILLE POLICE DEPT,2016-0161032,Davidson,Nashville,2/18/2016 10:50:00 AM,2,0,0,36.150480,-86.770350,4TH AVS,,,,0.00,Feet,,I40 E EXT RAMP,,,,0.00,Y,Four-Way,N,Entrance/Exit Ramp Related,None,,,         ,Daniel,Massey,Clear,Angle,no,no,no,no,no,False
101118547,METROPOLITAN NASHVILLE POLICE DEPT,20160164139,Davidson,Nashville,2/19/2016 7:40:00 AM,2,0,0,36.166800,-86.818450,27TH AVN,,,,2.00,Feet,South,MEHARRY BLVD,,,,0.00,N,Not at Intersection, ,Non-Junction,None,,,         ,Nathaniel,Clemons,Clear,Angle,no,no,no,no,no,False
101118549,METROPOLITAN NASHVILLE POLICE DEPT,2016-0164252,Davidson,Nashville,2/19/2016 8:25:00 AM,1,0,0,36.170330,-86.766110,-- UNKNOWN RAMP/ROAD --,,,,0.00,,,I 24,,,,0.00,Y,Traffic Circle,Y,Entrance/Exit Ramp Related,None,,,         ,Coleman,Womack,Clear,Not Collision with Motor Vehicle in Transport,no,no,no,no,yes,False
101118562,METROPOLITAN NASHVILLE POLICE DEPT,20160164373,Davidson,Nashville,2/18/2016 9:00:00 PM,2,0,0,36.174470,-86.813200,FORMOSA ST,,,,10.00,Feet,East,23RD AVN,,,,0.00,N,Not at Intersection, ,Non-Junction,None,,,         ,Nathaniel,Clemons,Clear,"Sideswipe, Same Direction",no,no,no,no,yes,False
101118563,METROPOLITAN NASHVILLE POLICE DEPT,20160164278,Davidson,Nashville,2/19/2016 8:40:00 AM,2,0,0,36.052770,-86.671570,I 24,,,,0.00,,,,,,,58.55,N,Not at Intersection, ,,None,,,         ,Thomas,White,,,no,no,no,no,no,False
101118571,METROPOLITAN NASHVILLE POLICE DEPT,20160164086,Davidson,Nashville,2/19/2016 7:13:00 AM,2,0,0,36.039830,-86.740950,OLD HICKORY BLVD,,,,528.00,Feet,West,HIGHLAND WAY,,,,0.00,N,Not at Intersection, ,Non-Junction,None,,,         ,Nathan,Kemp,Clear,Front to Rear,no,no,no,no,no,False
101118572,METROPOLITAN NASHVILLE POLICE DEPT,20160164182,Davidson,Nashville,2/19/2016 7:53:00 AM,2,0,0,36.041250,-86.782270,I 65,,,,0.00,,,,,,,74.75,N,Not at Intersection,N,Non-Junction,None,,,         ,Nathan,Kemp,Clear,Front to Rear,no,no,no,no,yes,False
101118573,METROPOLITAN NASHVILLE POLICE DEPT,20160164294,Davidson,Nashville,2/19/2016 8:33:00 AM,2,0,0,36.141710,-86.816490,WEST END AV,,,,116.00,Feet,South,32ND AVS,,,,0.00,N,Not at Intersection, ,Non-Junction,None,,,         ,Nathan,Kemp,Clear,"Sideswipe, Same Direction",no,no,no,no,no,False
101118574,METROPOLITAN NASHVILLE POLICE DEPT,20160164513,Davidson,Nashville,2/19/2016 10:03:00 AM,2,0,0,36.145130,-86.794090,17TH AVS,,,,422.00,Feet,West,EDGEHILL AV,,,,0.00,N,Not at Intersection,N,Non-Junction,None,,,         ,Nathan,Kemp,Clear,"Sideswipe, Same Direction",no,no,no,no,no,Campus
101118577,METROPOLITAN NASHVILLE POLICE DEPT,20160164339,Davidson,Nashville,2/19/2016 9:30:00 AM,1,0,0,36.275170,-86.735540,I 65,,,,0.00,,,,,,,93.00,N,Not at Intersection,N,Non-Junction,None,,,         ,Jeffery,Burnette,Clear,Not Collision with Motor Vehicle in Transport,no,no,no,no,no,False
101118583,METROPOLITAN NASHVILLE POLICE DEPT,20160164188,Davidson,Not in City Limit,2/19/2016 8:00:00 AM,2,0,0,36.262050,-86.891440,OLD HICKORY BLVD,,,,0.00,,,EATONS CREEK RD,,,,0.00,Y,Four-Way, ,Intersection,None,,,         ,Blake,Lutz,Clear,Not Collision with Motor Vehicle in Transport,no,no,no,no,no,False
101118600,METROPOLITAN NASHVILLE POLICE DEPT,2016-0164639,Davidson,Nashville,2/19/2016 10:47:00 AM,1,0,0,36.164220,-86.868550,STATE HWY 155,,,,150.00,Feet,North,JAMES AVE,,,,0.00,N,Not at Intersection, ,,None,,,         ,Walter,Gray II,,,no,no,no,no,no,False
101118602,METROPOLITAN NASHVILLE POLICE DEPT,20160164670,Davidson,Nashville,2/19/2016 10:45:00 AM,2,0,0,36.120830,-86.703590,MURFREESBORO PKE,,,,0.00,Feet,,GLENGARRY DR,,,,0.00,Y,T-Intersection,N,Intersection,None,,,         ,Jiyayi,Suleyman,Clear,Front to Rear,no,no,no,no,no,False
101118606,METROPOLITAN NASHVILLE POLICE DEPT,20160164559,Davidson,Nashville,2/19/2016 10:13:00 AM,2,0,0,36.123930,-86.781320,VAULX LN,,,,0.00,,,INVERNESS AV,,,,0.00,Y,Four-Way, ,Intersection,None,,,         ,Ronald,Raynore,Clear,Angle,no,no,no,no,no,False
101118608,METROPOLITAN NASHVILLE POLICE DEPT,2016-0164734,Davidson,Nashville,2/19/2016 11:05:00 AM,1,0,0,36.211390,-86.748940,CONNECTING ROAD,,,,0.00,,,US HWY 31E,,,,0.00,Y,OTHER, ,Non-Junction,None,,,         ,Coleman,Womack,Clear,Not Collision with Motor Vehicle in Transport,no,no,no,no,no,False
101118610,VANDERBILT UNIVERSITY POLICE,16-0164666,Davidson,Nashville,2/19/2016 12:00:00 AM,2,0,0,36.140570,-86.807360,25TH AVS,,,,0.00,,,,,,,0.00,,, ,Non-Junction,None,,,         ,Samuel,McClain,Clear,Unknown,no,no,no,yes,yes,Campus
101118612,METROPOLITAN NASHVILLE POLICE DEPT,20160164533,Davidson,Nashville,2/19/2016 9:35:00 AM,2,0,0,36.147320,-86.743780,I 40,,,,0.00,,,,,,,212.00,N,Not at Intersection,N,Non-Junction,None,,,         ,Gregory,Lindstrom,Clear,Front to Rear,no,no,no,no,no,False
101118618,METROPOLITAN NASHVILLE POLICE DEPT,20160164262,Davidson,Nashville,2/19/2016 8:38:00 AM,2,0,0,36.248040,-86.743060,I65 S EXT RAMP,,,,0.00,Feet,East,I 65,,,,0.00,N,Not at Intersection,N,Non-Junction,None,,,         ,Jack,Crouch,Clear,Front to Rear,no,no,no,no,no,False
101118623,METROPOLITAN NASHVILLE POLICE DEPT,20160164695,Davidson,Nashville,2/19/2016 10:54:00 AM,2,0,0,36.121680,-86.790320,PARIS AV,,,,0.00,,,12TH AVS,,,,0.00,Y,Four-Way, ,Intersection,None,,,         ,Justin,Pinkelton,Clear,Angle,no,no,no,no,no,False
101118647,METROPOLITAN NASHVILLE POLICE DEPT,2016-0164875,Davidson,Nashville,2/19/2016 11:55:00 AM,1,0,0,36.146580,-86.888430,CONTINENTAL DR,,,,101.00,Feet,East,ANNEX AVE,,,,0.00,N,Not at Intersection,N,Non-Junction,None,,,         ,Curtis,Rich,Clear,Not Collision with Motor Vehicle in Transport,no,no,no,no,no,False
101118664,METROPOLITAN NASHVILLE POLICE DEPT,20160161905,Davidson,Madison,2/18/2016 2:54:00 PM,2,0,0,36.247490,-86.720670,GALLATIN PKES,,,,218.00,Feet,South,DUE WEST AVW,,,,0.00,N,Not at Intersection,N,Non-Junction,None,,,         ,Carlos,Urrutia,Clear,Front to Rear,no,no,no,no,yes,False
101118665,METROPOLITAN NASHVILLE POLICE DEPT,20160162332,Davidson,Nashville,2/18/2016 5:50:00 PM,2,0,0,36.242810,-86.676550,NEELYS BEND RD,,,,0.00,,,CANTON PASS,,,,0.00,Y,Four-Way, ,,None,,,         ,Carlos,Urrutia,,,no,no,no,no,no,False
101118668,METROPOLITAN NASHVILLE POLICE DEPT,20160164468,Davidson,Nashville,2/19/2016 10:00:00 AM,2,2,0,36.118140,-86.725910,I 24,,,,0.00,,,,,,,53.05,N,Not at Intersection,N,Non-Junction,None,,,         ,Jessie,Meadows,Clear,"Sideswipe, Same Direction",no,no,no,no,no,False
101118669,METROPOLITAN NASHVILLE POLICE DEPT,20160164682,Davidson,Nashville,2/19/2016 10:50:00 AM,2,1,0,36.100850,-86.740040,NOLENSVILLE PKE,,,,29.00,Feet,North,HIGH ST,,,,0.00,N,Not at Intersection,N,Non-Junction,None,,,         ,Jessie,Meadows,Clear,"Sideswipe, Same Direction",no,no,no,no,no,False
101118691,METROPOLITAN NASHVILLE POLICE DEPT,20160137819,Davidson,Nashville,2/11/2016 11:00:00 AM,2,0,0,36.237990,-86.785480,BRILEY PKWYE,,,,90.00,Feet,West,I24 W ENT RAMP,,,,0.00,N,Not at Intersection, ,Entrance/Exit Ramp Related,None,,,         ,William,Estes,Clear,"Sideswipe, Same Direction",no,no,no,no,no,False
101118693,METROPOLITAN NASHVILLE POLICE DEPT,20160164627,Davidson,Nashville,2/19/2016 10:43:00 AM,2,2,0,36.155650,-86.810360,CHARLOTTE AV,,,,0.00,,,24TH AVN,,,,0.00,Y,T-Intersection,N,Intersection,None,,,         ,Nathan,Kemp,Clear,Angle,no,no,no,no,no,False
101118694,METROPOLITAN NASHVILLE POLICE DEPT,20160165089,Davidson,Nashville,2/19/2016 1:02:00 PM,2,0,0,36.137770,-86.802340,BLAKEMORE AV,,,,280.00,Feet,East,MEDICAL CENTER DR,,,,0.00,N,Not at Intersection, ,Non-Junction,None,,,         ,Nathan,Kemp,Clear,"Sideswipe, Same Direction",no,no,no,no,no,Campus
101118708,METROPOLITAN NASHVILLE POLICE DEPT,20160165117,Davidson,Nashville,2/19/2016 1:02:00 PM,2,0,0,36.140870,-86.817430,WEST END AV,,,,0.00,,,ACKLEN PARK DR,,,,0.00,Y,T-Intersection, ,Intersection,None,,,         ,Phillip,Murphy,Clear,Front to Rear,no,no,no,no,no,False
101118711,METROPOLITAN NASHVILLE POLICE DEPT,20160165132,Davidson,Nashville,2/19/2016 1:00:00 PM,1,0,0,36.142850,-86.684520,I 40,,,,0.00,,,,,,,215.60,N,Not at Intersection, ,Non-Junction,None,,,         ,Gregory,Lindstrom,Clear,Not Collision with Motor Vehicle in Transport,no,no,no,no,no,False
101118715,METROPOLITAN NASHVILLE POLICE DEPT,2016-0165230,Davidson,Nashville,2/19/2016 1:45:00 PM,2,0,0,36.087530,-86.920710,STATE HWY 251,,,,129.00,Feet,South,WOODBURY FALLS DR,,,,0.00,N,Not at Intersection,N,Non-Junction,None,,,         ,Curtis,Rich,Clear,Front to Rear,no,no,no,no,no,False
101118755,Metro Park Police,20160143763,Davidson,Nashville,2/12/2016 7:30:00 PM,2,0,0,36.145000,-86.764240,2ND AVS,,,,303.00,Feet,South,CHESTNUT ST,,,,0.00,N,Not at Intersection, ,Non-Junction,None,,,         ,Penny,Adcock,Clear,Angle,no,no,no,no,no,False
101118757,METROPOLITAN NASHVILLE POLICE DEPT,20160165219,Davidson,Nashville,2/19/2016 2:04:00 PM,1,0,0,36.048990,-86.665050,I 24,,,,0.00,,,,,,,59.00,N,Not at Intersection,N,Non-Junction,None,,,         ,Jessie,Meadows,Clear,Not Collision with Motor Vehicle in Transport,no,no,no,no,no,False
101118760,METROPOLITAN NASHVILLE POLICE DEPT,20160164960,Davidson,Nashville,2/19/2016 12:30:00 PM,1,0,0,36.163990,-86.699000,LEBANON PKE,,,,818.00,Feet,West,DONELSON HILLS DR,,,,0.00,N,Not at Intersection, ,Non-Junction,None,,,         ,Wesley,Young,Clear,Not Collision with Motor Vehicle in Transport,no,no,no,no,no,False
101118771,METROPOLITAN NASHVILLE POLICE DEPT,20160165378,Davidson,Nashville,2/19/2016 2:53:00 PM,2,0,0,36.169670,-86.677380,LEBANON PKE,,,,419.00,Feet,West,PARK DR,,,,0.00,N,Not at Intersection, ,Non-Junction,None,,,         ,Wesley,Young,Clear,Front to Rear,no,no,no,no,no,False
101118786,METROPOLITAN NASHVILLE POLICE DEPT,20160165419,Davidson,Nashville,2/19/2016 12:00:00 AM,2,0,0,36.152660,-86.760540,CLAIBORNE ST,,,,135.00,Feet,South,GREEN ST,,,,0.00,N,Not at Intersection,N,Non-Junction,None,,,         ,Felipe,Pereira,Unknown,Unknown,no,no,no,no,yes,False
101118790,METROPOLITAN NASHVILLE POLICE DEPT,2016-0164214,Davidson,Nashville,2/19/2016 7:45:00 AM,1,0,0,36.044030,-86.640440,BABY RUTH LN,,,,270.00,Feet,North,MOUNT VIEW RD,,,,0.00,N,Not at Intersection,N,Non-Junction,None,,,         ,William,Whitworth,Clear,Not Collision with Motor Vehicle in Transport,no,no,no,no,no,False
101118791,METROPOLITAN NASHVILLE POLICE DEPT,2016-0164720,Davidson,Nashville,2/19/2016 8:36:00 AM,2,0,0,36.068610,-86.718230,HAYWOOD LN,,,,299.00,Feet,East,US HWY 31 ALT,,,,0.00,N,Not at Intersection, ,"Driveway, Alley Access, etc",None,,,         ,William,Whitworth,Clear,Angle,no,no,no,no,no,False
101118792,METROPOLITAN NASHVILLE POLICE DEPT,2016-0165201,Davidson,Nashville,2/19/2016 1:35:00 PM,1,0,0,36.042610,-86.700480,OLD HICKORY BLVD,,,,501.00,Feet,North,GREEN TRAILS CT,,,,0.00,N,Not at Intersection,N,Non-Junction,None,,,         ,William,Whitworth,Clear,Not Collision with Motor Vehicle in Transport,no,no,no,no,no,False
101118799,METROPOLITAN NASHVILLE POLICE DEPT,2016-0165404,Davidson,Nashville,2/19/2016 2:56:00 PM,2,0,0,36.154150,-86.850880,DELAWARE AVE,,,,253.00,Feet,West,52ND AVE N,,,,0.00,N,Not at Intersection, ,Non-Junction,None,,,         ,Walter,Gray II,Clear,Angle,no,no,no,no,no,False
101118803,METROPOLITAN NASHVILLE POLICE DEPT,20160165488,Davidson,Nashville,2/19/2016 3:19:00 PM,2,0,0,36.079070,-86.727880,HARDING PL,,,,502.00,Feet,West,NOLENSVILLE PKE,,,,0.00,N,Not at Intersection,N,Non-Junction,None,,,         ,William,Durham,Clear,Angle,no,no,no,no,no,False
101118804,METROPOLITAN NASHVILLE POLICE DEPT,20160165333,Davidson,Nashville,2/19/2016 2:46:00 PM,3,2,0,36.101990,-86.713190,I 24,,,,0.00,,,,,,,54.40,N,Not at Intersection,N,Non-Junction,None,,,         ,Jessie,Meadows,Clear,Front to Rear,no,no,no,no,no,False
101118830,METROPOLITAN NASHVILLE POLICE DEPT,20160165613,Davidson,Nashville,2/19/2016 12:00:00 AM,2,0,0,36.146720,-86.743760,FESSLERS LN,,,,0.00,,,RUNDLE AV,,,,0.00,Y,T-Intersection, ,Intersection,None,,,         ,Craig,Gentry,Clear,Angle,no,no,no,no,no,False
101118836,METROPOLITAN NASHVILLE POLICE DEPT,20160165271,Davidson,Nashville,2/19/2016 1:50:00 PM,3,0,0,36.149780,-86.772930,I 40,,,,0.00,,,,,,,210.25,N,Not at Intersection,N,Non-Junction,None,,,         ,Shawn,Taylor,Clear,Front to Rear,no,no,no,no,yes,False