master_record_number,agency,agency_tracking_number,county,city,collision_date,vehicles_involved,number_injured,number_dead,latitude,longitude,roadway_name,roadway_suffix,roadway_number,roadway_local_id,distance_from_reference,miles-feet_indicator,direction_from_reference,intersection_road_name,intersection_road_name_suffix,intersection_road_number,intersection_local_id,mile_marker,intersection_indicator,intersect_type,interchange_related_indicator,relation_to_junction,work_zone_type,construction_maintenance_zone,construction_maintenance_zone_location,fatal_case_number,officer_first_name,officer_last_name,weather_condition(s),manner_of_crash,pedestrian,bicycle,scooter,parking,hitrun,mou
101119763,METROPOLITAN NASHVILLE POLICE DEPT,20160169977,Davidson,Nashville,2/21/2016 7:20:00 AM,1,0,0,36.145380,-86.706670,ELM HILL PKE,,,,0.00,,,ELM TREE DR,,,,0.00,Y,T-Intersection,N,Non-Junction,None,,,         ,Johnathan,Carlisle,Rain,Not Collision with Motor Vehicle in Transport,no,no,no,no,no,False
101119791,GOODLETTSVILLE POLICE DEPT,16-06613,Davidson,Goodlettsville,2/20/2016 4:56:00 PM,2,0,0,36.304060,-86.702160,RIVERGATE MALL PVTDR,,,,60.00,Feet,East,RIVERGATE PKWY,,,,0.00,N,Not at Intersection,N,Non-Junction,None,,,         ,Rico,Jones,Clear,Front to Rear,no,no,no,yes,no,False
101119795,METROPOLITAN NASHVILLE POLICE DEPT,20160170196,Davidson,Nashville,2/21/2016 12:00:00 AM,1,0,0,36.102790,-86.922230,STATE HWY 251,,,,1073.00,Feet,South,BELLE VALLEY DR,,,,0.00,N,Not at Intersection, ,Non-Junction,None,,,         ,Michael,Phelps,Cloudy,Not Collision with Motor Vehicle in Transport,no,no,no,no,no,False
101119809,METROPOLITAN NASHVILLE POLICE DEPT,20160170210,Davidson,Nashville,2/21/2016 9:28:00 AM,1,1,0,36.295700,-86.811180,I 24,,,,0.00,,,,,,,39.10,N,Not at Intersection,N,Non-Junction,None,,,         ,Michael,Parman,Cloudy,Not Collision with Motor Vehicle in Transport,no,no,no,no,no,False
101119820,METROPOLITAN NASHVILLE POLICE DEPT,20160170239,Davidson,Not in City Limit,2/21/2016 12:00:00 AM,1,0,0,36.061120,-86.972820,SOMERSET PL,,,,369.00,Feet,East,RIVER FORK DR,,,,0.00,N,Not at Intersection,N,Non-Junction,None,,,         ,Michael,Phelps,Unknown,Not Collision with Motor Vehicle in Transport,no,no,no,no,yes,False
101119822,METROPOLITAN NASHVILLE POLICE DEPT,20160170246,Davidson,Nashville,2/21/2016 9:55:00 AM,1,1,0,36.080340,-86.678360,FRANKLIN LIMESTONE RD,,,,2478.00,Feet,West,BILLINGSGATE RD,,,,0.00,N,Not at Intersection,N,Non-Junction,None,,,         ,Roy,McElwee,Clear,Not Collision with Motor Vehicle in Transport,no,no,no,no,no,False
101119825,METROPOLITAN NASHVILLE POLICE DEPT,2016-0170051,Davidson,Nashville,2/21/2016 7:46:00 AM,2,1,0,36.253220,-86.716800,EMMITT AV,,,,0.00,,,GALLATIN PKES,,,,0.00,Y,Four-Way,N,Intersection,None,,,         ,Michael,Agee,Rain,Front to Rear,no,no,no,no,yes,False
101119830,METROPOLITAN NASHVILLE POLICE DEPT,20160167491,Davidson,Not in City Limit,2/20/2016 9:42:00 AM,2,0,0,36.335690,-86.910590,I 24,,,,0.00,,,,,,,32.40,N,Not at Intersection,N,Non-Junction,None,,,         ,Michael,Parman,Clear,Not Collision with Motor Vehicle in Transport,no,no,no,no,yes,False
101119841,METROPOLITAN NASHVILLE POLICE DEPT,2016-0170258,Davidson,Nashville,2/21/2016 10:09:00 AM,2,1,0,36.155820,-86.795920,17TH AVN,,,,0.00,,,CHURCH ST,,,,0.00,Y,Four-Way,N,Intersection,None,,,         ,Edin,Plancic,Cloudy,Angle,no,no,no,no,no,False
101119866,METROPOLITAN NASHVILLE POLICE DEPT,20160170253,Davidson,Nashville,2/21/2016 10:00:00 AM,2,0,0,36.074260,-86.739240,BLACKMAN RD,,,,25.00,Feet,East,DARLINGTON DR,,,,0.00,N,Not at Intersection,N,Non-Junction,None,,,         ,George,Ward,Cloudy,Front to Rear,no,no,no,no,no,False
101119915,METROPOLITAN NASHVILLE POLICE DEPT,20160170497,Davidson,Nashville,2/21/2016 1:11:00 PM,2,2,0,36.080440,-86.725540,RAMP,,,,0.00,,,,,,,0.00,,,N,Non-Junction,None,,,         ,Brian,Penny,Rain,Angle,no,no,no,yes,no,False
101119922,METROPOLITAN NASHVILLE POLICE DEPT,20160170552,Davidson,Nashville,2/21/2016 1:50:00 PM,2,2,0,36.186850,-86.631470,LEBANON PKE,,,,58.00,Feet,East,CENTRAL PKE,,,,0.00,N,Not at Intersection,N,Non-Junction,None,,,         ,Gregory,Lindstrom,Cloudy,Front to Rear,no,no,no,no,no,False
101119946,METROPOLITAN NASHVILLE POLICE DEPT,20160170529,Davidson,Nashville,2/21/2016 1:25:00 PM,3,0,0,36.151960,-86.848560,US HWY 70,,,,0.00,,,51ST AVE N,,,,0.00,Y,Four-Way,N,Intersection,None,,,         ,Gregory,McDaniel,Cloudy,Angle,no,no,no,no,no,False
101119953,METROPOLITAN NASHVILLE POLICE DEPT,20160170588,Davidson,Not in City Limit,2/21/2016 1:49:00 PM,2,0,0,36.026310,-87.009360,HIGHWAY 100,,,,0.00,,,,,,,0.00,,,N,Non-Junction,None,,,         ,Robert,Magner,Cloudy,Front to Rear,no,no,no,yes,yes,False
101119957,METROPOLITAN NASHVILLE POLICE DEPT,20160169082,Davidson,Nashville,2/20/2016 9:50:00 PM,2,0,0,36.172820,-86.765160,MAIN ST,,,,54.00,Feet,East,SPRING ST,,,,0.00,N,Not at Intersection, ,Non-Junction,None,,,         ,Randy,Heinze,Clear,"Sideswipe, Same Direction",no,no,no,no,yes,False
101119975,METROPOLITAN NASHVILLE POLICE DEPT,20160170663,Davidson,Nashville,2/21/2016 3:35:00 PM,1,0,0,36.082860,-86.709910,STATE HWY 255,,,,191.00,Feet,East,TAMPA DR,,,,0.00,N,Not at Intersection,N,Non-Junction,Construction Zone,Work On Shoulder Or Median,Advanced Warning Area,         ,Charles,Ward,Cloudy,Not Collision with Motor Vehicle in Transport,no,no,no,no,no,False
101119976,METROPOLITAN NASHVILLE POLICE DEPT,20160170638,Davidson,Nashville,2/21/2016 3:15:00 PM,2,0,0,36.152200,-86.842220,CHARLOTTE AV,,,,0.00,Feet,,46TH AVN,,,,0.00,Y,Four-Way, ,Non-Junction,None,,,         ,Torian,Cox,Cloudy,Front to Rear,no,no,no,no,no,False
101119993,METROPOLITAN NASHVILLE POLICE DEPT,20160170742,Davidson,Not in City Limit,2/21/2016 3:55:00 PM,2,0,0,36.263320,-86.696990,E OLD HICKORY BLVD,,,,150.00,Feet,West,LANIER DR,,,,0.00,N,Not at Intersection, ,Non-Junction,None,,,         ,Christopher,Littles,Cloudy,Angle,no,no,no,no,no,False
101119996,GOODLETTSVILLE POLICE DEPT,16-06622,Davidson,Goodlettsville,2/20/2016 6:16:00 PM,1,1,0,36.298400,-86.713000,I 65,,,,0.00,,,,,,,95.00,N,Not at Intersection,N,Non-Junction,None,,,         ,Jeffery,Hunter,Cloudy,Not Collision with Motor Vehicle in Transport,no,no,no,no,no,False
101120008,VANDERBILT UNIVERSITY POLICE,16-0170647,Davidson,Nashville,2/21/2016 12:05:00 PM,2,0,0,36.141510,-86.800810,MEDICAL CENTER DR,,,,0.00,,,,,,,0.00,,, ,,None,,,         ,William,West,,,no,no,no,yes,no,Campus
101120026,METROPOLITAN NASHVILLE POLICE DEPT,20160170879,Davidson,Lakewood,2/21/2016 3:53:00 PM,2,0,0,36.238780,-86.630010,PITTS AV,,,,0.00,,,LAKESHORE DR,,,,0.00,Y,T-Intersection,N,Intersection-Related,None,,,         ,Dontaveous,Eubanks,Clear,Angle,no,no,no,no,yes,False
101120040,METROPOLITAN NASHVILLE POLICE DEPT,20160171060,Davidson,Nashville,2/21/2016 7:02:00 PM,2,0,0,36.072470,-86.636760,MURFREESBORO PKE,,,,278.00,Feet,North,BELL RD,,,,0.00,N,Not at Intersection, ,Non-Junction,None,,,         ,Patrick,Taylor,Clear,Front to Rear,no,no,no,no,no,False
101120049,METROPOLITAN NASHVILLE POLICE DEPT,20160170966,Davidson,Nashville,2/21/2016 6:02:00 PM,2,0,0,36.187020,-86.726150,ROSEBANK AV,,,,0.00,,,RIVERSIDE DR,,,,0.00,Y,Four-Way, ,Intersection,None,,,         ,James,Smith,Clear,Other,no,no,no,no,no,False
101120053,METROPOLITAN NASHVILLE POLICE DEPT,20160151813,Davidson,Nashville,2/15/2016 6:00:00 PM,2,0,0,36.061300,-86.716680,NOLENSVILLE PKE,,,,0.00,Feet,,MCMURRAY DR,,,,0.00,Y,T-Intersection,Y,Intersection-Related,None,,,         ,Miguel,Garcia,Rain,Angle,no,no,no,no,no,False
101120078,METROPOLITAN NASHVILLE POLICE DEPT,20160171147,Davidson,Antioch,2/21/2016 6:40:00 PM,2,0,0,36.025470,-86.587420,MURFREESBORO RD,,,,0.00,,,WALDRON RD,,,,0.00,Y,T-Intersection, ,Non-Junction,None,,,         ,Jeffrey,Livingston,Cloudy,Front to Rear,no,no,no,no,no,False
101120110,METROPOLITAN NASHVILLE POLICE DEPT,20160165963,Davidson,Nashville,2/19/2016 6:00:00 PM,2,0,0,36.150310,-86.797250,LYLE AV,,,,0.00,,,BROADWAY,,,,0.00,Y,OTHER, ,OtherLocation,None,,,         ,Craig,Oakley,Clear,Other,no,no,no,no,no,False
101120119,METROPOLITAN NASHVILLE POLICE DEPT,20160170828,Davidson,Goodlettsville,2/21/2016 4:53:00 PM,2,2,0,0.000000,0.000000,IVEY POINT,RD,,,0.25,Miles,West,GREER,RD,,,0.00,N,Not at Intersection,N,Non-Junction,None,,,         ,Eric,Petlewski,Clear,HeadOn,no,no,no,no,no,False
101120134,METROPOLITAN NASHVILLE POLICE DEPT,20160170712,Davidson,Not in City Limit,2/21/2016 3:48:00 PM,2,0,0,36.077360,-87.018970,I40 W EXT RAMP,,,,0.00,Feet,East,I 40,,,,0.00,N,Not at Intersection,N,Entrance/Exit Ramp Related,None,,,         ,Jeremy,Huffine,Cloudy,Front to Rear,no,no,no,no,no,False
101120177,METROPOLITAN NASHVILLE POLICE DEPT,2016-0164011,Davidson,Nashville,2/19/2016 6:09:00 AM,1,1,0,36.136030,-86.698680,CORPORATE DR,,,,0.00,Feet,,BRILEY PKWYN,,,,0.00,Y,Four-Way,N,Intersection,None,,,         ,Kevin,Ott,Clear,Not Collision with Motor Vehicle in Transport,no,no,no,no,no,False
101120194,METROPOLITAN NASHVILLE POLICE DEPT,20160171426,Davidson,Nashville,2/21/2016 11:00:00 PM,1,0,0,36.172630,-86.745230,LILLIAN ST,,,,177.00,Feet,West,S 15TH ST,,,,0.00,N,Not at Intersection,N,Non-Junction,None,,,         ,Douglas,Smith,Clear,Not Collision with Motor Vehicle in Transport,no,no,no,no,no,False
101120201,METROPOLITAN NASHVILLE POLICE DEPT,20160171196,Davidson,Nashville,2/21/2016 8:35:00 PM,3,2,0,36.049890,-86.649840,BELL RD,,,,106.00,Feet,West,MT VIEW RD,,,,0.00,N,Not at Intersection,N,Non-Junction,None,,,         ,Richard,Olive,Clear,Front to Rear,no,no,no,no,no,False
101120208,METROPOLITAN NASHVILLE POLICE DEPT,20160171393,Davidson,Nashville,2/21/2016 8:30:00 PM,2,0,0,36.148160,-86.806660,24TH AVE N,,,,114.00,Feet,North,US HWY 70S,,,,0.00,N,Not at Intersection,N,OtherLocation,None,,,         ,Terrance,Stuckey,Clear,Rear to Side,no,no,no,yes,yes,Campus
101120211,METROPOLITAN NASHVILLE POLICE DEPT,20160171684,Davidson,Nashville,2/22/2016 1:00:00 AM,1,1,0,36.164590,-86.788710,10TH CIR N,,,,0.00,,,NELSON MERRY ST,,,,0.00,Y,Four-Way,N,Intersection,None,,,         ,Jeremy,King,Clear,Not Collision with Motor Vehicle in Transport,no,no,no,no,no,False
101120214,METROPOLITAN NASHVILLE POLICE DEPT,20160171554,Davidson,Nashville,2/21/2016 12:00:00 AM,1,0,0,36.072480,-86.610650,3181 ANDERSON,RD,,,100.00,Feet,West,TOWNE VILLAGE,RD,,,0.00,N,Not at Intersection,N,Non-Junction,None,,,         ,Tyler,Adcock,Clear,Unknown,no,no,no,no,yes,False
101120215,METROPOLITAN NASHVILLE POLICE DEPT,20160171537,Davidson,Nashville,2/21/2016 11:50:00 PM,1,1,0,36.178910,-86.678260,MCGAVOCK PKE,,,,199.00,Feet,South,LUMAR LN,,,,0.00,N,Not at Intersection,N,Non-Junction,None,,,         ,Leonard,Spadavecchia,Clear,Not Collision with Motor Vehicle in Transport,no,no,no,no,no,False
101120219,METROPOLITAN NASHVILLE POLICE DEPT,20160171527,Davidson,Nashville,2/21/2016 11:50:00 PM,1,0,0,36.135630,-86.791980,15TH AVE S,,,,137.00,Feet,South,WEDGEWOOD AVE,,,,0.00,N,Not at Intersection,N,Non-Junction,None,,,         ,Thomas,West,Clear,Not Collision with Motor Vehicle in Transport,no,no,no,no,no,False
101120264,METROPOLITAN NASHVILLE POLICE DEPT,20160171995,Davidson,Nashville,2/22/2016 12:00:00 AM,1,0,0,36.112620,-86.746090,US HWY 31 ALT,,,,42.00,Feet,South,MCCLAIN AVE,,,,0.00,N,Not at Intersection,N,Non-Junction,None,,,         ,Brian,Mclarty,Clear,Not Collision with Motor Vehicle in Transport,no,no,no,no,no,False
101120273,METROPOLITAN NASHVILLE POLICE DEPT,20160171901,Davidson,Nashville,2/22/2016 2:45:00 AM,4,0,0,36.096040,-86.717630,CATHY JO CIR,,,,73.00,Feet,North,SEVEN MILE CT,,,,0.00,N,Not at Intersection,N,Non-Junction,None,,,         ,Autumn,Manning,Clear,Angle,no,no,no,yes,no,False
101120286,METROPOLITAN NASHVILLE POLICE DEPT,20160165094,Davidson,Nashville,2/19/2016 1:30:00 PM,2,3,0,36.181570,-86.824170,ED TEMPLE BLVD,,,,200.00,Feet,North,BUCHANAN ST,,,,0.00,N,Not at Intersection,N,Non-Junction,None,,,         ,Garren,Hoskins,Clear,"Sideswipe, Opposite Direction",no,no,no,no,no,False
101120296,METROPOLITAN NASHVILLE POLICE DEPT,20160164290,Davidson,Nashville,2/19/2016 12:00:00 AM,2,0,0,36.168170,-86.757240,SYLVAN ST,,,,0.00,,,S 7TH ST,,,,0.00,Y,Four-Way, ,Non-Junction,None,,,         ,Alex,Moore,Clear,Unknown,no,no,no,no,yes,False
101120301,METROPOLITAN NASHVILLE POLICE DEPT,20160172255,Davidson,Nashville,2/22/2016 6:55:00 AM,1,0,0,36.164400,-86.816040,26TH AVE N,,,,43.00,Feet,North,EDEN ST,,,,0.00,N,Not at Intersection,N,Non-Junction,None,,,         ,Nathaniel,Clemons,Clear,Not Collision with Motor Vehicle in Transport,no,no,no,yes,no,False
101120314,METROPOLITAN NASHVILLE POLICE DEPT,20160172297,Davidson,Nashville,2/22/2016 7:29:00 AM,2,0,0,36.174530,-86.760940,S 7TH ST,,,,0.00,,,MAIN ST,,,,0.00,Y,Four-Way, ,,None,,,         ,Brett,Johns,,,no,no,no,no,no,False
101120317,METROPOLITAN NASHVILLE POLICE DEPT,20160153745,Davidson,Old Hickory,2/16/2016 9:14:00 AM,2,0,0,0.000000,0.000000,ROBINSON,RD,,,500.00,Feet,North,MERRITT,ST,,,0.00,N,Not at Intersection, ,Non-Junction,None,,,         ,James,Curtis,Cloudy,"Sideswipe, Same Direction",no,no,no,no,no,False
101120318,METROPOLITAN NASHVILLE POLICE DEPT,20160170487,Davidson,Nashville,2/21/2016 12:49:00 PM,2,0,0,36.109780,-86.767370,POWELL AVE,,,,0.00,,,,,,,0.00,,,N,Non-Junction,None,,,         ,Nathan,Smith,Clear,"Sideswipe, Same Direction",no,no,no,no,yes,False
101120322,METROPOLITAN NASHVILLE POLICE DEPT,20160170561,Davidson,Nashville,2/21/2016 2:03:00 PM,3,3,0,36.248240,-86.723590,DUE WEST AVW,,,,0.00,Feet,,GIBSON DR,,,,0.00,Y,T-Intersection,N,Intersection-Related,None,,,         ,Michelle,Steidl,Clear,Front to Rear,no,no,no,no,yes,False
101120323,METROPOLITAN NASHVILLE POLICE DEPT,20160166937,Davidson,Not in City Limit,2/20/2016 12:00:00 AM,2,0,0,36.271580,-86.706490,BROOKS AV,,,,293.00,Feet,North,ROOSEVELT AV,,,,0.00,N,Not at Intersection,N,Non-Junction,None,,,         ,Eric,Mumaw,Clear,Unknown,no,no,no,no,yes,False
101120326,METROPOLITAN NASHVILLE POLICE DEPT,20160172290,Davidson,Nashville,2/22/2016 7:24:00 AM,2,0,0,36.080980,-86.757400,HARDING PL,,,,287.00,Feet,East,TROUSDALE DR,,,,0.00,N,Not at Intersection,N,Non-Junction,None,,,         ,Nathan,Kemp,Clear,"Sideswipe, Same Direction",no,no,no,no,no,False
101120336,METROPOLITAN NASHVILLE POLICE DEPT,20160172233,Davidson,Nashville,2/22/2016 6:32:00 AM,2,0,0,36.160190,-86.643940,STEWARTS FERRY PKE,,,,211.00,Feet,West,HICKORY HILL CT,,,,0.00,N,Not at Intersection, ,Non-Junction,None,,,         ,James,Curtis,Cloudy,"Sideswipe, Same Direction",no,no,no,no,no,False
101120339,METROPOLITAN NASHVILLE POLICE DEPT,20160172454,Davidson,Nashville,2/22/2016 8:28:00 AM,2,0,0,36.153220,-86.769550,ASH ST,,,,0.00,,,2ND AVE S,,,,0.00,Y,T-Intersection, ,,None,,,         ,Christian,Martin,,,no,no,no,no,no,False
101120341,METROPOLITAN NASHVILLE POLICE DEPT,2016-0172507,Davidson,Not in City Limit,2/22/2016 8:45:00 AM,2,0,0,36.071310,-86.934210,COLICE JEANNE RD,,,,682.00,Feet,West,BAUGH RD,,,,0.00,N,Not at Intersection, ,,None,,,         ,Curtis,Rich,,,no,no,no,no,no,False
101120343,METROPOLITAN NASHVILLE POLICE DEPT,20160172483,Davidson,Nashville,2/22/2016 8:31:00 AM,2,0,0,36.145500,-86.626190,BELL RD,,,,0.00,,,LAKERIDGE PASS,,,,0.00,Y,Four-Way, ,Intersection-Related,None,,,         ,James,Curtis,Cloudy,Front to Rear,no,no,no,no,no,False
101120346,METROPOLITAN NASHVILLE POLICE DEPT,20160170578,Davidson,Nashville,2/21/2016 2:15:00 PM,2,1,0,36.211600,-86.732600,GALLATIN PKE,,,,0.00,,,HART LN,,,,0.00,Y,T-Intersection,N,Intersection,None,,,         ,Doyle,Price,Cloudy,Angle,no,no,no,no,no,False
101120355,METROPOLITAN NASHVILLE POLICE DEPT,20160172357,Davidson,Nashville,2/22/2016 8:48:00 AM,2,0,0,36.179490,-86.774350,N 1ST ST,,,,273.00,Feet,North,EXIT 47,,,,0.00,N,Not at Intersection, ,Non-Junction,None,,,         ,Michael,Johnson,Clear,Front to Rear,no,no,no,no,no,False
101120370,METROPOLITAN NASHVILLE POLICE DEPT,20160170439,Davidson,Nashville,2/21/2016 12:15:00 PM,3,1,0,0.000000,0.000000,HAMILTON CHURCH,RD,,,0.00,,,MURFREESBORO,PIKE,,,0.00,Y,Four-Way,N,Intersection-Related,None,,,         ,Robert,Erickson,Cloudy,Front to Rear,no,no,no,no,no,False
101120373,METROPOLITAN NASHVILLE POLICE DEPT,20160172586,Davidson,Nashville,2/22/2016 9:22:00 AM,2,0,0,36.096930,-86.738070,NOLENSVILLE PKE,,,,309.00,Feet,North,ALLIED DR,,,,0.00,N,Not at Intersection,N,Non-Junction,None,,,         ,Nathan,Kemp,Clear,Front to Rear,no,no,no,no,no,False
101120393,METROPOLITAN NASHVILLE POLICE DEPT,2016-0172547,Davidson,Nashville,2/22/2016 8:52:00 AM,2,0,0,36.065530,-86.679200,REEVES RD,,,,268.00,Feet,East,ANTIOCH PKE,,,,0.00,N,Not at Intersection,N,Non-Junction,None,,,         ,Stanley,Collins,Cloudy,"Sideswipe, Opposite Direction",no,no,no,no,yes,False
101120396,METROPOLITAN NASHVILLE POLICE DEPT,20160172440,Davidson,Nashville,2/22/2016 9:36:00 AM,2,0,0,0.000000,0.000000,SMITH SPRINGS,RD,,,0.00,,,HOBSON,PIKE,,,0.00,Y,Four-Way, ,Intersection,None,,,         ,Steven,Snitzer,Cloudy,Angle,no,no,no,no,no,False
101120402,METROPOLITAN NASHVILLE POLICE DEPT,2016-0165314,Davidson,Nashville,2/19/2016 2:15:00 PM,2,0,0,36.231010,-86.751050,BROADMOOR DR,,,,0.00,,,WALTON LN,,,,0.00,Y,T-Intersection,N,Intersection,None,,,         ,Coleman,Womack,Clear,Angle,no,no,no,no,no,False
101120412,VANDERBILT UNIVERSITY POLICE,16-0172517,Davidson,Nashville,2/22/2016 8:20:00 AM,2,0,0,36.109720,-86.766070,POWELL AV,,,,0.00,,,,,,,0.00,,, ,Non-Junction,None,,,         ,Robert,Pasinger,Clear,Rear to Rear,no,no,no,yes,no,OHO
101120416,METROPOLITAN NASHVILLE POLICE DEPT,20160172850,Davidson,Antioch,2/22/2016 11:14:00 AM,1,0,0,36.028140,-86.635700,I 24,,,,0.00,,,,,,,61.20,N,Not at Intersection,N,Non-Junction,None,,,         ,Jessie,Meadows,Clear,Not Collision with Motor Vehicle in Transport,no,no,no,no,no,False
101120419,METROPOLITAN NASHVILLE POLICE DEPT,20160172853,Davidson,Nashville,2/22/2016 10:50:00 AM,2,0,0,36.150150,-86.857900,STATE HWY 155,,,,0.00,,,US HWY 70,,,,0.00,Y,Four-Way, ,Intersection,None,,,         ,Brian,Myatt,Clear,Front to Rear,no,no,no,no,no,False
101120422,METROPOLITAN NASHVILLE POLICE DEPT,20160172786,Davidson,Nashville,2/22/2016 11:17:00 AM,2,0,0,36.162400,-86.776520,3RD AVE N,,,,216.00,Feet,South,COMMERCE ST,,,,0.00,N,Not at Intersection, ,Non-Junction,None,,,         ,Michael,Johnson,Clear,Front to Rear,no,no,no,no,no,False
101120437,METROPOLITAN NASHVILLE POLICE DEPT,2016-0172326,Davidson,Nashville,2/22/2016 7:46:00 AM,1,0,0,36.068040,-86.669030,RICHARDS RD,,,,0.00,,,DOWDY DR,,,,0.00,Y,Four-Way,N,OtherLocation,None,,,         ,John,Neely,Clear,Not Collision with Motor Vehicle in Transport,no,no,no,no,yes,False
101120465,METROPOLITAN NASHVILLE POLICE DEPT,2016-0172543,Davidson,Nashville,2/21/2016 2:30:00 AM,2,0,0,36.068040,-86.669030,RICHARDS RD,,,,0.00,,,DOWDY DR,,,,0.00,Y,Four-Way,N,Non-Junction,None,,,         ,John,Neely,Clear,Front to Rear,no,no,no,no,yes,False
101120469,METROPOLITAN NASHVILLE POLICE DEPT,20160172923,Davidson,Nashville,2/22/2016 11:23:00 AM,3,2,0,36.082100,-86.761700,HARDING PL,,,,0.00,,,SIDCO DR,,,,0.00,Y,Four-Way,N,Intersection,None,,,         ,Nathan,Kemp,Clear,Angle,no,no,no,no,no,False
101120475,METROPOLITAN NASHVILLE POLICE DEPT,2016-0172773,Davidson,Nashville,2/22/2016 10:24:00 AM,3,4,0,36.158810,-86.798160,17TH AVN,,,,0.00,Feet,,CHARLOTTE AV,,,,0.00,Y,Four-Way,N,Intersection,None,,,         ,Darryl,Morton,Cloudy,Front to Rear,no,no,no,no,no,False
101120482,METROPOLITAN NASHVILLE POLICE DEPT,2016-0170546,Davidson,Nashville,2/21/2016 1:45:00 PM,2,0,0,36.248290,-86.724700,DUE WEST AVW,,,,0.00,,,FREDA VILLA,,,,0.00,Y,T-Intersection, ,Non-Junction,None,,,         ,Michael,Agee,Clear,"Sideswipe, Same Direction",no,no,no,no,no,False
101120494,METROPOLITAN NASHVILLE POLICE DEPT,2016-0172993,Davidson,Not in City Limit,2/22/2016 11:55:00 AM,1,1,0,36.087450,-86.944630,GEORGE E HORN RD,,,,556.00,Feet,East,PINE FOREST DR,,,,0.00,N,Not at Intersection,N,Non-Junction,None,,,         ,Curtis,Rich,Cloudy,Not Collision with Motor Vehicle in Transport,no,no,no,no,no,False
101120500,METROPOLITAN NASHVILLE POLICE DEPT,20160167562,Davidson,Nashville,2/20/2016 10:10:00 AM,2,0,0,36.248800,-86.742370,I 65,,,,0.00,,,,,,,91.10,N,Not at Intersection, ,Non-Junction,None,,,         ,Coleman,McKellar,Cloudy,Front to Rear,no,no,no,no,no,False
101120505,METROPOLITAN NASHVILLE POLICE DEPT,20160173314,Davidson,Nashville,2/22/2016 1:44:00 PM,2,0,0,36.149310,-86.773470,I 40,,,,0.00,,,,,,,210.20,N,Not at Intersection,N,Non-Junction,None,,,         ,Nathan,Kemp,Clear,Front to Rear,no,no,no,no,no,False
101120508,METROPOLITAN NASHVILLE POLICE DEPT,20160173118,Davidson,Nashville,2/22/2016 12:45:00 PM,2,0,0,36.216780,-86.623510,OLD HICKORY BLVD,,,,0.00,,,2ND ST,,,,0.00,Y,Four-Way, ,,None,,,         ,James,Curtis,,,no,no,no,no,no,False
101120509,METROPOLITAN NASHVILLE POLICE DEPT,20160173038,Davidson,Nashville,2/22/2016 12:17:00 PM,2,1,0,36.083640,-86.757150,TROUSDALE DR,,,,0.00,,,,,,,0.00,,,N,Intersection-Related,None,,,         ,Nathan,Smith,Clear,Front to Rear,no,no,no,no,no,False
101120510,METROPOLITAN NASHVILLE POLICE DEPT,2016-0173140,Davidson,Nashville,2/22/2016 12:55:00 PM,2,0,0,36.045490,-86.647350,CROSSINGS BLVD,,,,0.00,,,MOUNT VIEW RD,,,,0.00,Y,Four-Way,N,Intersection,None,,,         ,William,Whitworth,Cloudy,Front to Rear,no,no,no,no,no,False
101120515,METROPOLITAN NASHVILLE POLICE DEPT,20160173290,Davidson,Nashville,2/22/2016 1:45:00 PM,2,0,0,36.110140,-86.744800,COLLIER AV,,,,17.00,Feet,South,NOLENSVILLE PKE,,,,0.00,N,Not at Intersection, ,"Driveway, Alley Access, etc",None,,,         ,Brent,Bauer,Cloudy,Rear to Side,no,no,no,no,no,False
101120548,METROPOLITAN NASHVILLE POLICE DEPT,20160173147,Davidson,Nashville,2/22/2016 12:14:00 PM,2,0,0,36.158900,-86.740310,VISCO DR,,,,0.00,,,OMOHUNDRO PL,,,,0.00,Y,T-Intersection, ,Intersection,None,,,         ,Wesley,Young,Cloudy,Front to Rear,no,no,no,no,no,False
101120554,METROPOLITAN NASHVILLE POLICE DEPT,20160173481,Davidson,Nashville,2/22/2016 2:45:00 PM,2,0,0,36.137920,-86.775720,I 65,,,,0.00,,,,,,,81.65,N,Not at Intersection, ,Non-Junction,None,,,         ,Jose,Salazar,Cloudy,Not Collision with Motor Vehicle in Transport,no,no,no,no,no,False
101120562,METROPOLITAN NASHVILLE POLICE DEPT,20160173435,Davidson,Nashville,2/22/2016 2:24:00 PM,2,0,0,36.145020,-86.815690,POSTON AVE,,,,126.00,Feet,West,30TH AVE N,,,,0.00,N,Not at Intersection, ,Non-Junction,None,,,         ,Tien,Nguyen,Clear,"Sideswipe, Same Direction",no,no,no,no,no,Campus
101120563,METROPOLITAN NASHVILLE POLICE DEPT,20160173550,Davidson,Nashville,2/22/2016 2:37:00 PM,2,0,0,36.046660,-86.725080,HUNTINGTON PKWY,,,,0.00,,,AMALIE DR,,,,0.00,Y,Four-Way,N,Intersection-Related,None,,,         ,Tien,Nguyen,Clear,Front to Rear,no,no,no,no,no,False
101120588,METROPOLITAN NASHVILLE POLICE DEPT,20160171279,Davidson,Nashville,2/21/2016 9:43:00 PM,1,1,0,36.232260,-86.624690,STATE HWY 45,,,,0.00,,,SHUTE LN,,,,0.00,Y,T-Intersection,N,Intersection,None,,,         ,Noah,Melton,Clear,Not Collision with Motor Vehicle in Transport,no,no,no,no,no,False