master_record_number,agency,agency_tracking_number,county,city,collision_date,vehicles_involved,number_injured,number_dead,latitude,longitude,roadway_name,roadway_suffix,roadway_number,roadway_local_id,distance_from_reference,miles-feet_indicator,direction_from_reference,intersection_road_name,intersection_road_name_suffix,intersection_road_number,intersection_local_id,mile_marker,intersection_indicator,intersect_type,interchange_related_indicator,relation_to_junction,work_zone_type,construction_maintenance_zone,construction_maintenance_zone_location,fatal_case_number,officer_first_name,officer_last_name,weather_condition(s),manner_of_crash,pedestrian,bicycle,scooter,parking,hitrun,mou
101122025,METROPOLITAN NASHVILLE POLICE DEPT,20160181524,Davidson,Nashville,2/24/2016 8:10:00 PM,2,1,0,36.170790,-86.601600,STATE HWY 45,,,,0.00,,,RAMP,,,,0.00,Y,Four-Way,N,Intersection,None,,,         ,Codey,Mullins,Rain,Angle,no,no,no,no,no,False
101122026,METROPOLITAN NASHVILLE POLICE DEPT,20160181522,Davidson,Nashville,2/24/2016 8:14:00 PM,3,1,0,36.041950,-86.833750,SAINT REGIS CT,,,,12.00,Feet,South,STATE HWY 254,,,,0.00,N,Not at Intersection,N,Non-Junction,None,,,         ,Tien,Nguyen,Rain,Front to Rear,no,no,no,no,no,False
101122051,METROPOLITAN NASHVILLE POLICE DEPT,20160181581,Davidson,Nashville,2/24/2016 8:00:00 PM,2,0,0,36.155500,-86.744020,FESSLERS LN,,,,0.00,,,,,,,0.00,,,N,Non-Junction,None,,,         ,Felipe,Pereira,Rain,Angle,no,no,no,yes,yes,False
101122052,METROPOLITAN NASHVILLE POLICE DEPT,20160181783,Davidson,Nashville,2/24/2016 9:18:00 PM,2,0,0,36.057530,-86.690520,BART DR,,,,84.00,Feet,East,OLIVIA DR,,,,0.00,N,Not at Intersection, ,Non-Junction,None,,,         ,Matthew,Johnson,Rain,Angle,no,no,no,no,no,False
101122058,METROPOLITAN NASHVILLE POLICE DEPT,20160180576,Davidson,Madison,2/24/2016 3:12:00 PM,2,0,0,36.255850,-86.714550,GALLATIN PKES,,,,132.00,Feet,South,NEELYS BEND RD,,,,0.00,N,Not at Intersection, ,Non-Junction,None,,,         ,Carlos,Urrutia,Rain,"Sideswipe, Same Direction",no,no,no,no,no,False
101122059,METROPOLITAN NASHVILLE POLICE DEPT,20160165357,Davidson,Nashville,2/19/2016 2:17:00 PM,2,0,0,36.252320,-86.741050,I 65,,,,0.00,,,,,,,91.35,N,Not at Intersection,N,Non-Junction,None,,,         ,Carlos,Urrutia,Clear,Angle,no,no,no,yes,yes,False
101122060,METROPOLITAN NASHVILLE POLICE DEPT,20160181084,Davidson,Madison,2/24/2016 5:52:00 PM,3,0,0,36.263190,-86.713190,OLD HICKORY BLVDW,,,,31.00,Feet,West,OLD TIME VILLAGE PVTDR,,,,0.00,N,Not at Intersection, ,"Driveway, Alley Access, etc",None,,,         ,Carlos,Urrutia,Rain,Angle,no,no,no,no,no,False
101122063,METROPOLITAN NASHVILLE POLICE DEPT,2016-0179194,Davidson,Nashville,2/24/2016 6:00:00 AM,1,0,0,36.144240,-86.697080,I40 E EXT RAMP,,,,0.00,,,I 40,,,,0.00,Y,OTHER,Y,Entrance/Exit Ramp Related,None,,,         ,Kevin,Ott,Cloudy,Not Collision with Motor Vehicle in Transport,no,no,no,no,no,False
101122081,METROPOLITAN NASHVILLE POLICE DEPT,20160181962,Davidson,Not in City Limit,2/24/2016 11:21:00 PM,1,0,0,36.272950,-86.723910,NESBITT LN,,,,527.00,Feet,East,RONNIE RD,,,,0.00,N,Not at Intersection,N,Non-Junction,None,,,         ,Christina,Buckner,Rain,Not Collision with Motor Vehicle in Transport,no,no,no,no,no,False
101122088,THP District 3 - Nashville,316010834,Davidson,Nashville,2/21/2016 12:00:00 AM,2,0,0,36.197490,-86.775780,I 65,,,,0.00,,,,,,,86.70,N,Not at Intersection,N,Non-Junction,None,,,         ,Christopher,Burrell,Clear,"Sideswipe, Same Direction",no,no,no,no,yes,False
101122096,METROPOLITAN NASHVILLE POLICE DEPT,20160181954,Davidson,Nashville,2/24/2016 11:19:00 PM,1,1,0,36.147920,-86.777180,-- UNKNOWN RAMP/ROAD --,,,,0.00,,,I 40,,,,0.00,Y,OTHER,Y,Entrance/Exit Ramp Related,None,,,         ,Andrew,Mullen,Clear,Not Collision with Motor Vehicle in Transport,no,no,no,no,no,False
101122103,METROPOLITAN NASHVILLE POLICE DEPT,20160182033,Davidson,Nashville,2/24/2016 11:45:00 PM,2,0,0,36.160760,-86.854320,TENNESSEE AV,,,,0.00,,,55TH AVN,,,,0.00,Y,Four-Way,N,Intersection,None,,,         ,Kenneth,Bray,Cloudy,Front to Rear,no,no,no,no,yes,False
101122137,METROPOLITAN NASHVILLE POLICE DEPT,2016182759,Davidson,Nashville,2/25/2016 5:51:00 AM,2,0,0,36.142620,-86.708690,I 40,,,,0.00,,,,,,,214.30,N,Not at Intersection, ,Non-Junction,None,,,         ,Joshua,Chick,Clear,"Sideswipe, Same Direction",no,no,no,no,no,False
101122140,METROPOLITAN NASHVILLE POLICE DEPT,20160148348,Davidson,Nashville,2/14/2016 11:40:00 AM,2,0,0,36.131700,-86.768770,BENTON AV,,,,101.00,Feet,West,BRANSFORD AV,,,,0.00,N,Not at Intersection, ,Non-Junction,None,,,         ,Eric,Harvey,Cloudy,Angle,no,no,no,no,no,False
101122150,METROPOLITAN NASHVILLE POLICE DEPT,20160180262,Davidson,Nashville,2/24/2016 1:14:00 PM,1,0,0,36.153790,-86.794410,WEST END AV,,,,0.00,,,17TH AVS,,,,0.00,Y,Four-Way, ,Intersection,None,,,         ,Nathan,Kemp,Cloudy,Not Collision with Motor Vehicle in Transport,no,no,no,no,no,False
101122151,METROPOLITAN NASHVILLE POLICE DEPT,20160180229,Davidson,Not in City Limit,2/24/2016 12:40:00 PM,2,0,0,36.269720,-86.755480,DICKERSON PKE,,,,182.00,Feet,North,OLD HICKORY BLVDW,,,,0.00,N,Not at Intersection,N,Non-Junction,None,,,         ,Jack,Crouch,Cloudy,Angle,no,no,no,no,no,False
101122166,METROPOLITAN NASHVILLE POLICE DEPT,20160180449,Davidson,Nashville,2/24/2016 2:15:00 PM,2,1,0,36.173790,-86.822580,DR WALTER S DAVIS BLVD,,,,0.00,,,ED TEMPLE BLVD,,,,0.00,Y,Four-Way,Y,Intersection,None,,,         ,Spencer,Pittman,Cloudy,Angle,no,no,no,no,no,False
101122180,THP District 9 - Administrative,316011432,Davidson,Madison,2/24/2016 7:19:00 AM,3,0,0,36.170150,-86.598150,I 40,,,,0.00,,,,,,,221.00,N,Not at Intersection, ,Non-Junction,None,,,         ,Brian,Carmouche,Clear,Front to Rear,no,no,no,no,yes,False
101122185,METROPOLITAN NASHVILLE POLICE DEPT,2016-0183189,Davidson,Nashville,2/25/2016 8:14:00 AM,2,0,0,36.154630,-86.779160,8TH AVS,,,,0.00,,,LAFAYETTE ST,,,,0.00,Y,Roundabout, ,Intersection,None,,,         ,Daniel,Massey,Cloudy,"Sideswipe, Same Direction",no,no,no,no,no,False
101122194,METROPOLITAN NASHVILLE POLICE DEPT,20160183114,Davidson,Nashville,2/25/2016 7:56:00 AM,2,0,0,36.182030,-86.799440,I65 N EXT RAMP,,,,0.00,,,I 65,,,,0.00,Y,OTHER, ,Entrance/Exit Ramp Related,None,,,         ,Joshua,Baker,Cloudy,"Sideswipe, Same Direction",no,no,no,no,no,False
101122200,METROPOLITAN NASHVILLE POLICE DEPT,20160183234,Davidson,Nashville,2/25/2016 8:19:00 AM,2,0,0,36.032580,-86.768930,CHURCH STE,,,,70.00,Feet,West,CLOVERLAND DR,,,,0.00,N,Not at Intersection, ,,None,,,         ,Gary,Sneed,,,no,no,no,no,no,False
101122211,METROPOLITAN NASHVILLE POLICE DEPT,2016-0183325,Davidson,Not in City Limit,2/25/2016 9:00:00 AM,2,0,0,36.144450,-86.952670,STATE HWY 251,,,,1881.00,Feet,North,INDIAN CREEK RD,,,,0.00,N,Not at Intersection, ,Non-Junction,None,,,         ,Curtis,Rich,Cloudy,"Sideswipe, Opposite Direction",no,no,no,no,yes,False
101122227,METROPOLITAN NASHVILLE POLICE DEPT,20160183062,Davidson,Nashville,2/25/2016 7:30:00 AM,3,0,0,36.201040,-86.776800,I 65,,,,0.00,,,,,,,86.95,N,Not at Intersection, ,,None,,,         ,Alan,Jordan,,,no,no,no,no,no,False
101122230,METROPOLITAN NASHVILLE POLICE DEPT,20160122029,Davidson,Nashville,2/6/2016 12:22:00 PM,2,0,0,36.195240,-86.724630,PORTER RD,,,,48.00,Feet,East,PORTER AV,,,,0.00,N,Not at Intersection, ,,None,,,         ,Richard,Conger,,,no,no,no,no,no,False
101122233,METROPOLITAN NASHVILLE POLICE DEPT,20160183240,Davidson,Nashville,2/25/2016 8:33:00 AM,2,0,0,36.158050,-86.772690,2ND AVE S,,,,0.00,,,GATEWAY BLVD,,,,0.00,Y,Four-Way, ,Intersection,None,,,         ,Myriah,Iles,Cloudy,Front to Rear,no,no,no,no,no,False
101122234,METROPOLITAN NASHVILLE POLICE DEPT,20160182923,Davidson,Nashville,2/25/2016 6:32:00 AM,2,0,0,36.147010,-86.743310,I 40,,,,0.00,,,,,,,212.05,N,Not at Intersection, ,Non-Junction,None,,,         ,James,Curtis,Cloudy,Front to Rear,no,no,no,no,no,False
101122257,METROPOLITAN NASHVILLE POLICE DEPT,20160183408,Davidson,Nashville,2/25/2016 9:51:00 AM,2,0,0,36.164920,-86.820070,I40 W EXT RAMP,,,,0.00,,,I 40,,,,0.00,Y,OTHER, ,Entrance/Exit Ramp Related,None,,,         ,Spencer,Pittman,Cloudy,Front to Rear,no,no,no,no,no,False
101122260,METROPOLITAN NASHVILLE POLICE DEPT,2016-0182962,Davidson,Nashville,2/25/2016 7:03:00 AM,4,1,0,36.041190,-86.651590,I 24,,,,0.00,,,,,,,59.90,N,Not at Intersection,N,Non-Junction,None,,,         ,William,Whitworth,Cloudy,Front to Rear,no,no,no,no,no,False
101122262,METROPOLITAN NASHVILLE POLICE DEPT,20160183571,Davidson,Nashville,2/25/2016 10:28:00 AM,2,0,0,36.167720,-86.820440,JEFFERSON ST,,,,93.00,Feet,East,28TH AVN,,,,0.00,N,Not at Intersection,N,OtherLocation,None,,,         ,Joshua,Baker,Cloudy,"Sideswipe, Same Direction",no,no,no,no,no,False
101122263,METROPOLITAN NASHVILLE POLICE DEPT,20160183568,Davidson,Nashville,2/25/2016 10:30:00 AM,2,0,0,36.079080,-86.644060,MURFREESBORO PKE,,,,218.00,Feet,East,EDGE O LAKE DR,,,,0.00,N,Not at Intersection, ,Non-Junction,None,,,         ,Ryan,Worstall,Cloudy,Front to Rear,no,no,no,no,no,False
101122265,METROPOLITAN NASHVILLE POLICE DEPT,2016-0183496,Davidson,Nashville,2/25/2016 9:52:00 AM,1,0,0,36.074520,-86.693110,I 24,,,,0.00,,,,,,,56.60,N,Not at Intersection,N,Non-Junction,None,,,         ,William,Whitworth,Cloudy,Not Collision with Motor Vehicle in Transport,no,no,no,no,no,False
101122266,METROPOLITAN NASHVILLE POLICE DEPT,20160183268,Davidson,Nashville,2/25/2016 8:45:00 AM,4,0,0,36.131170,-86.773750,I 65,,,,0.00,,,,,,,81.15,N,Not at Intersection, ,Non-Junction,None,,,         ,Nathan,Kemp,Clear,Front to Rear,no,no,no,no,no,False
101122267,METROPOLITAN NASHVILLE POLICE DEPT,20160183187,Davidson,Nashville,2/25/2016 8:14:00 AM,2,0,0,36.047150,-86.776410,I 65,,,,0.00,,,,,,,75.30,N,Not at Intersection, ,Non-Junction,None,,,         ,Nathan,Kemp,Clear,Unknown,no,no,no,no,no,False
101122268,METROPOLITAN NASHVILLE POLICE DEPT,20160183578,Davidson,Nashville,2/25/2016 10:30:00 AM,2,0,0,36.153960,-86.818220,28TH AVN,,,,0.00,,,CHARLOTTE AV,,,,0.00,Y,Four-Way,N,Intersection,None,,,         ,Nathan,Kemp,Clear,Angle,no,no,no,no,no,False
101122294,METROPOLITAN NASHVILLE POLICE DEPT,2016-0183888,Davidson,Nashville,2/25/2016 12:10:00 PM,2,0,0,36.148820,-86.859690,OCEOLA AVE,,,,310.00,Feet,North,LENOX AVE,,,,0.00,N,Not at Intersection, ,Non-Junction,None,,,         ,Curtis,Rich,Sleet/Hail,Angle,no,no,no,no,no,False
101122306,METROPOLITAN NASHVILLE POLICE DEPT,2016-0183747,Davidson,Nashville,2/25/2016 11:13:00 AM,2,0,0,36.153240,-86.792220,16TH AVE S,,,,0.00,,,MCGAVOCK ST,,,,0.00,Y,Four-Way, ,Intersection,Construction Zone,,,         ,Jonathan,Seidl,Cloudy,Angle,no,no,no,no,no,False
101122321,VANDERBILT UNIVERSITY POLICE,16-0183825,Davidson,Nashville,2/25/2016 11:45:00 AM,1,0,0,36.138990,-86.804040,CHILDRENS WAY,,,,300.00,Feet,East,24TH AVS,,,,0.00,N,Not at Intersection, ,Non-Junction,None,,,         ,Samuel,McClain,Rain,Not Collision with Motor Vehicle in Transport,no,no,no,no,no,Campus
101122336,METROPOLITAN NASHVILLE POLICE DEPT,20160183607,Davidson,Goodlettsville,2/25/2016 10:41:00 AM,2,0,0,36.306260,-86.694160,CONFERENCE DR,,,,98.00,Feet,South,CONNECTING ROAD,,,,0.00,N,Not at Intersection, ,,None,,,         ,Timothy,Powell,,,no,no,no,yes,no,False
101122349,METROPOLITAN NASHVILLE POLICE DEPT,20160183837,Davidson,Nashville,2/25/2016 12:07:00 PM,2,0,0,36.208320,-86.839610,US HWY 41 ALT,,,,0.00,,,W HAMILTON RD,,,,0.00,Y,OTHER, ,Non-Junction,None,,,         ,James,Wray,Clear,Angle,no,no,no,no,no,False
101122377,METROPOLITAN NASHVILLE POLICE DEPT,20160183870,Davidson,Not in City Limit,2/25/2016 12:30:00 PM,1,1,0,36.278230,-86.789240,OLD HICKORY BLVD,,,,0.00,,,COBBLESTONE CREEK DR,,,,0.00,Y,OTHER,N,Non-Junction,None,,,         ,Jeffery,Burnette,Rain,Not Collision with Motor Vehicle in Transport,no,no,no,no,no,False
101122385,METROPOLITAN NASHVILLE POLICE DEPT,20160184216,Davidson,Nashville,2/25/2016 1:50:00 PM,2,0,0,36.199050,-86.798220,GREAT CIRCLE RD,,,,0.00,,,ATHENS WAY,,,,0.00,Y,T-Intersection,N,Intersection,None,,,         ,Caleb,Foster,Cloudy,Angle,no,no,no,no,no,False
101122387,METROPOLITAN NASHVILLE POLICE DEPT,20160181741,Davidson,Nashville,2/24/2016 9:40:00 PM,1,0,0,36.077250,-86.733400,STATE HWY 255,,,,191.00,Feet,East,OVERCREST DR,,,,0.00,N,Not at Intersection,N,Non-Junction,None,,,         ,Clyde,Stambaugh,Rain,Not Collision with Motor Vehicle in Transport,no,no,no,no,no,False
101122414,METROPOLITAN NASHVILLE POLICE DEPT,20160177365,Davidson,Nashville,2/23/2016 4:24:00 PM,2,1,0,36.182810,-86.774960,I 24,,,,0.00,,,,,,,47.40,N,Not at Intersection,N,Non-Junction,None,,,         ,Charles,Wakefield,Rain,Front to Rear,no,no,no,no,no,False
101122420,METROPOLITAN NASHVILLE POLICE DEPT,20160183846,Davidson,Nashville,2/25/2016 12:00:00 PM,1,0,0,36.150070,-86.768780,3RD AVE S,,,,14.00,Feet,South,MCCANN ST,,,,0.00,N,Not at Intersection, ,Non-Junction,None,,,         ,James,Thomas,Cloudy,Not Collision with Motor Vehicle in Transport,no,no,no,no,no,False
101122423,METROPOLITAN NASHVILLE POLICE DEPT,20160181814,Davidson,Nashville,2/24/2016 10:06:00 PM,2,0,0,36.087750,-86.607270,SMITH SPRINGS RD,,,,27.00,Feet,West,ANDERSON RD,,,,0.00,N,Not at Intersection, ,Non-Junction,None,,,         ,Michael,Apsey,Cloudy,Angle,no,no,no,no,no,False
101122426,METROPOLITAN NASHVILLE POLICE DEPT,20160184439,Davidson,Nashville,2/25/2016 12:00:00 AM,2,0,0,36.137570,-86.800760,WEDGEWOOD AV,,,,0.00,,,21ST AVS,,,,0.00,Y,Four-Way,N,Intersection-Related,None,,,         ,Tien,Nguyen,Cloudy,"Sideswipe, Same Direction",no,no,no,no,yes,Campus
101122430,METROPOLITAN NASHVILLE POLICE DEPT,20160184480,Davidson,Nashville,2/25/2016 3:26:00 PM,2,0,0,36.171050,-86.800340,JEFFERSON ST,,,,106.00,Feet,East,14TH AVE N,,,,0.00,N,Not at Intersection, ,Non-Junction,None,,,         ,Adam,Gartner,Rain,Front to Rear,no,no,no,no,no,False
101122431,METROPOLITAN NASHVILLE POLICE DEPT,20160184469,Davidson,Nashville,2/25/2016 3:57:00 PM,2,0,0,36.137030,-86.699970,GLASTONBURY RD,,,,108.00,Feet,West,STATE HWY 155,,,,0.00,N,Not at Intersection, ,,None,,,         ,Thomas,Barnes,,,no,no,no,no,no,False
101122445,BERRY HILL POLICE DEPT,16-0665,Davidson,Berry Hill,2/23/2016 12:00:00 AM,2,0,0,36.123000,-86.776010,FRANKLIN PKE,,,,163.00,Feet,North,BILOXI AV,,,,0.00,N,Not at Intersection,N,Non-Junction,None,,,         ,John,Gleixner,Cloudy,Angle,no,no,no,no,no,False
101122459,METROPOLITAN NASHVILLE POLICE DEPT,20160184621,Davidson,Nashville,2/25/2016 4:08:00 PM,2,0,0,36.149180,-86.822350,I 440,,,,0.00,,,,,,,1.40,N,Not at Intersection, ,Non-Junction,None,,,         ,Tien,Nguyen,Rain,Front to Rear,no,no,no,no,no,False
101122467,METROPOLITAN NASHVILLE POLICE DEPT,20160184420,Davidson,Nashville,2/25/2016 2:57:00 PM,2,1,0,36.089040,-86.627400,NASHBORO BLVD,,,,0.00,,,BELL RD,,,,0.00,Y,T-Intersection,N,Intersection,None,,,         ,Michael,Apsey,Cloudy,Front to Rear,no,no,no,no,no,False
101122471,METROPOLITAN NASHVILLE POLICE DEPT,20160184697,Davidson,Nashville,2/25/2016 4:28:00 PM,2,0,0,36.109180,-86.726780,BRILEY PKWYN,,,,382.00,Feet,East,BRILEY PKWYS,,,,0.00,N,Not at Intersection, ,Non-Junction,None,,,         ,William,Durham,Rain,Front to Rear,no,no,no,no,no,False
101122476,METROPOLITAN NASHVILLE POLICE DEPT,20160184748,Davidson,Nashville,2/25/2016 4:45:00 PM,2,0,0,36.176470,-86.768810,SPRING ST,,,,266.00,Feet,East,I24 W EXT RAMP,,,,0.00,N,Not at Intersection, ,Non-Junction,None,,,         ,Randy,Heinze,Cloudy,Front to Rear,no,no,no,no,no,False
101122478,METROPOLITAN NASHVILLE POLICE DEPT,20160184735,Davidson,Nashville,2/25/2016 4:36:00 PM,2,0,0,36.120700,-86.807970,LOMBARDY AV,,,,0.00,Feet,,SHARONDALE DR,,,,0.00,Y,Four-Way,N,Intersection-Related,None,,,         ,Tien,Nguyen,Cloudy,Front to Rear,no,no,no,no,no,False
101122481,METROPOLITAN NASHVILLE POLICE DEPT,20160184526,Davidson,Nashville,2/25/2016 3:30:00 PM,3,0,0,36.197460,-86.741820,GALLATIN PKE,,,,216.00,Feet,South,FAIRWIN AV,,,,0.00,N,Not at Intersection, ,Non-Junction,None,,,         ,Nicholas,Diamond,Sleet/Hail,Front to Rear,no,no,no,no,yes,False
101122488,METROPOLITAN NASHVILLE POLICE DEPT,20160184488,Davidson,Nashville,2/25/2016 2:35:00 PM,2,0,0,36.163250,-86.663980,DONELSON PKE,,,,69.00,Feet,North,COLONIAL CIR,,,,0.00,N,Not at Intersection,N,Non-Junction,None,,,         ,Bryan,Byrnes,Rain,Angle,no,no,no,no,yes,False
101122513,BERRY HILL POLICE DEPT,16-0667,Davidson,Nashville,2/23/2016 12:00:00 AM,2,0,0,36.111850,-86.762160,THOMPSON LN,,,,225.00,Feet,East,E IRIS DR,,,,0.00,N,Not at Intersection, ,,None,,,         ,John,Gleixner,,,no,no,no,no,no,False
101122514,BERRY HILL POLICE DEPT,16-0668,Davidson,Berry Hill,2/23/2016 12:00:00 AM,2,1,0,36.118410,-86.766070,BRANSFORD AV,,,,128.00,Feet,South,BERRYWOOD DR,,,,0.00,N,Not at Intersection,N,Non-Junction,None,,,         ,John,Gleixner,Rain,Front to Rear,no,no,no,no,no,False
101122515,METROPOLITAN NASHVILLE POLICE DEPT,20160184869,Davidson,Nashville,2/25/2016 4:50:00 PM,3,0,0,36.100520,-86.711810,I 24,,,,0.00,,,,,,,54.50,N,Not at Intersection,N,Non-Junction,None,,,         ,William,Durham,Rain,"Sideswipe, Same Direction",no,no,no,no,no,False
101122520,METROPOLITAN NASHVILLE POLICE DEPT,20160184805,Davidson,Nashville,2/25/2016 4:50:00 PM,2,0,0,36.119860,-86.766360,I 440,,,,0.00,,,,,,,5.40,N,Not at Intersection,N,Non-Junction,None,,,         ,Clyde,Stambaugh,Clear,Front to Rear,no,no,no,no,no,False
101122521,METROPOLITAN NASHVILLE POLICE DEPT,20160184865,Davidson,Nashville,2/25/2016 5:31:00 PM,2,0,0,36.091220,-86.625480,BELL RD,,,,441.00,Feet,North,SMITH SPRINGS RD,,,,0.00,N,Not at Intersection, ,Non-Junction,None,,,         ,Jaby,Djabbarov,Rain,Front to Rear,no,no,no,no,no,False
101122530,METROPOLITAN NASHVILLE POLICE DEPT,20160184931,Davidson,Nashville,2/25/2016 5:57:00 PM,2,1,0,36.059370,-86.853090,CROMWELL DR,,,,0.00,,,HILLSBORO PKE,,,,0.00,Y,Four-Way,N,Intersection-Related,None,,,         ,Tien,Nguyen,Clear,Angle,no,no,no,no,no,False
101122531,METROPOLITAN NASHVILLE POLICE DEPT,20160184917,Davidson,Nashville,2/25/2016 5:49:00 PM,3,4,0,36.041180,-86.776600,OLD HICKORY BLVD,,,,100.00,Feet,West,BRENTWOOD COMMONS WAY,,,,0.00,N,Not at Intersection,N,Non-Junction,None,,,         ,Clyde,Stambaugh,Rain,Front to Rear,no,no,no,no,no,False
101122533,METROPOLITAN NASHVILLE POLICE DEPT,20160184576,Davidson,Not in City Limit,2/25/2016 3:54:00 PM,3,0,0,36.263670,-86.687310,STATE RT 45,,,,70.00,Feet,West,ARCHWOOD DR,,,,0.00,N,Not at Intersection,N,Non-Junction,None,,,         ,Samuel,Miller,Cloudy,Front to Rear,no,no,no,no,yes,False
101122534,METROPOLITAN NASHVILLE POLICE DEPT,20160184734,Davidson,Goodlettsville,2/25/2016 4:48:00 PM,2,0,0,36.295980,-86.698490,MYATT DR,,,,13.00,Feet,South,RIVERGATE STATION PVTDR,,,,0.00,N,Not at Intersection, ,,None,,,         ,Samuel,Miller,,,no,no,no,no,no,False
101122535,METROPOLITAN NASHVILLE POLICE DEPT,20160184832,Davidson,Nashville,2/25/2016 5:23:00 PM,2,0,0,36.255330,-86.757690,DICKERSON PKE,,,,374.00,Feet,South,DUE WEST AVN,,,,0.00,N,Not at Intersection,N,Non-Junction,None,,,         ,Samuel,Miller,Cloudy,Rear to Side,no,no,no,no,no,False
101122541,METROPOLITAN NASHVILLE POLICE DEPT,20160184811,Davidson,Nashville,2/25/2016 4:00:00 PM,2,0,0,36.153820,-86.756070,US HWY 70,,,,2.00,Feet,East,FAIRFIELD AVE,,,,0.00,N,Not at Intersection, ,,None,,,         ,Bradley,McIntyre,,,no,no,no,no,no,False
101122542,METROPOLITAN NASHVILLE POLICE DEPT,20160184970,Davidson,Nashville,2/25/2016 6:00:00 PM,2,0,0,36.133590,-86.726950,-- UNKNOWN RAMP/ROAD --,,,,0.00,Feet,East,I 24,,,,0.00,N,Not at Intersection, ,Non-Junction,None,,,         ,Rickie,Corman,Rain,Front to Rear,no,no,no,no,no,False
101122547,METROPOLITAN NASHVILLE POLICE DEPT,20160185034,Davidson,Nashville,2/25/2016 12:00:00 AM,2,0,0,36.160760,-86.793690,14TH AVN,,,,0.00,,,CHARLOTTE AV,,,,0.00,Y,T-Intersection, ,Intersection-Related,None,,,         ,Adam,Gartner,Rain,HeadOn,no,no,no,no,no,False
101122551,METROPOLITAN NASHVILLE POLICE DEPT,20160184921,Davidson,Nashville,2/25/2016 5:53:00 PM,3,0,0,36.113900,-86.724050,I 24,,,,0.00,,,,,,,53.35,N,Not at Intersection,N,Non-Junction,None,,,         ,Jarret,Sonnenberg,Cloudy,Angle,no,no,no,no,no,False
101122553,METROPOLITAN NASHVILLE POLICE DEPT,20160184939,Davidson,Nashville,2/25/2016 5:49:00 PM,2,0,0,36.224150,-86.725640,GALLATIN PKE,,,,17.00,Feet,North,RIVERWOOD DR,,,,0.00,N,Not at Intersection, ,Non-Junction,None,,,         ,Nicholas,Diamond,Sleet/Hail,Front to Rear,no,no,no,no,no,False
101122554,METROPOLITAN NASHVILLE POLICE DEPT,20160184933,Davidson,Nashville,2/25/2016 5:15:00 PM,2,0,0,36.171840,-86.764770,S 5TH ST,,,,0.00,,,WOODLAND ST,,,,0.00,Y,Four-Way, ,Intersection,None,,,         ,Nicholas,Diamond,Sleet/Hail,"Sideswipe, Same Direction",no,no,no,no,no,False
101122557,METROPOLITAN NASHVILLE POLICE DEPT,20160185089,Davidson,Nashville,2/25/2016 7:04:00 PM,2,0,0,36.154490,-86.779340,8TH AVS,,,,72.00,Feet,West,LAFAYETTE ST,,,,0.00,N,Not at Intersection,N,Non-Junction,None,,,         ,Wesley,Feinstein,Cloudy,Angle,no,no,no,no,yes,False
101122558,METROPOLITAN NASHVILLE POLICE DEPT,20160185162,Davidson,Nashville,2/25/2016 7:22:00 PM,2,0,0,36.151840,-86.791620,MUSIC SQE,,,,0.00,,,DIVISION ST,,,,0.00,Y,Roundabout, ,Intersection-Related,None,,,         ,Tien,Nguyen,Clear,Front to Rear,no,no,no,no,no,False
101122562,GOODLETTSVILLE POLICE DEPT,16-07241,Davidson,Goodlettsville,2/25/2016 6:25:00 PM,2,0,0,36.313077,-86.701182,,,I65,,40.00,Feet,South,,,,,96.20,N,Not at Intersection, ,Non-Junction,None,,,         ,Wesley,Kinnaird,Clear,Angle,no,no,no,no,no,False
101122566,METROPOLITAN NASHVILLE POLICE DEPT,20160183805,Davidson,Nashville,2/25/2016 12:30:00 PM,3,0,0,36.119470,-86.726330,I440 W ENT RAMP,,,,0.00,Feet,East,I 24,,,,0.00,N,Not at Intersection,N,Non-Junction,None,,,         ,Jessie,Meadows,Rain,"Sideswipe, Same Direction",no,no,no,no,yes,False
101122567,METROPOLITAN NASHVILLE POLICE DEPT,20160184033,Davidson,Nashville,2/25/2016 1:28:00 PM,2,1,0,36.041880,-86.652810,I 24,,,,0.00,,,,,,,59.80,N,Not at Intersection,N,Non-Junction,None,,,         ,Jessie,Meadows,Rain,Front to Rear,no,no,no,no,no,False
101122568,METROPOLITAN NASHVILLE POLICE DEPT,20160184001,Davidson,Nashville,2/25/2016 1:53:00 PM,2,0,0,36.119470,-86.726330,I440 W ENT RAMP,,,,0.00,Feet,East,I 24,,,,0.00,N,Not at Intersection,N,Non-Junction,None,,,         ,Jessie,Meadows,Rain,"Sideswipe, Same Direction",no,no,no,no,yes,False
101122569,METROPOLITAN NASHVILLE POLICE DEPT,20160184324,Davidson,Nashville,2/25/2016 3:02:00 PM,2,1,0,36.068940,-86.680530,RICHARDS RD,,,,199.00,Feet,East,CUMMINGS PARK DR,,,,0.00,N,Not at Intersection,N,Non-Junction,None,,,         ,Jessie,Meadows,Rain,Front to Rear,no,no,no,no,no,False
101122570,METROPOLITAN NASHVILLE POLICE DEPT,20160184117,Davidson,Nashville,2/25/2016 3:31:00 PM,2,0,0,36.042490,-86.653870,I 24,,,,0.00,,,,,,,59.75,N,Not at Intersection,N,Non-Junction,None,,,         ,Jessie,Meadows,Rain,"Sideswipe, Same Direction",no,no,no,no,yes,False