master_record_number,agency,agency_tracking_number,county,city,collision_date,vehicles_involved,number_injured,number_dead,latitude,longitude,roadway_name,roadway_suffix,roadway_number,roadway_local_id,distance_from_reference,miles-feet_indicator,direction_from_reference,intersection_road_name,intersection_road_name_suffix,intersection_road_number,intersection_local_id,mile_marker,intersection_indicator,intersect_type,interchange_related_indicator,relation_to_junction,work_zone_type,construction_maintenance_zone,construction_maintenance_zone_location,fatal_case_number,officer_first_name,officer_last_name,weather_condition(s),manner_of_crash,pedestrian,bicycle,scooter,parking,hitrun,mou
101125326,METROPOLITAN NASHVILLE POLICE DEPT,20160198874,Davidson,Nashville,3/1/2016 7:00:00 AM,3,0,0,36.077470,-86.773100,FRANKLIN PKE,,,,0.00,,,TYNE BLVD,,,,0.00,Y,Four-Way, ,Intersection,None,,,         ,Brent,Bauer,Clear,Front to Rear,no,no,no,no,no,False
101125328,METROPOLITAN NASHVILLE POLICE DEPT,20160199426,Davidson,Nashville,3/1/2016 10:19:00 AM,2,2,0,36.148660,-86.807040,ELLISTON PL,,,,0.00,,,24TH AVN,,,,0.00,Y,Four-Way,N,Intersection,None,,,         ,Nathan,Kemp,Clear,Angle,no,no,no,no,no,Campus
101125337,METROPOLITAN NASHVILLE POLICE DEPT,20160198934,Davidson,Nashville,3/1/2016 7:35:00 AM,2,0,0,36.189000,-86.792820,I 65,,,,0.00,,,,,,,85.55,N,Not at Intersection, ,,None,,,         ,Rodney,Clark,,,no,no,no,no,no,False
101125339,METROPOLITAN NASHVILLE POLICE DEPT,20160199428,Davidson,Nashville,3/1/2016 10:20:00 AM,1,0,0,36.166280,-86.612490,I 40,,,,0.00,,,,,,,220.20,N,Not at Intersection,N,Non-Junction,None,,,         ,James,Curtis,Cloudy,Not Collision with Motor Vehicle in Transport,no,no,no,no,no,False
101125344,METROPOLITAN NASHVILLE POLICE DEPT,20160199322,Davidson,Nashville,3/1/2016 9:25:00 AM,2,0,0,36.192380,-86.815930,ROSA L PARKS BLVD,,,,71.00,Feet,West,24TH AVN,,,,0.00,N,Not at Intersection, ,Non-Junction,None,,,         ,Spencer,Pittman,Cloudy,Front to Rear,no,no,no,no,no,False
101125348,METROPOLITAN NASHVILLE POLICE DEPT,20160199038,Davidson,Nashville,3/1/2016 8:05:00 AM,2,0,0,36.056100,-86.774510,I 65,,,,0.00,,,,,,,75.00,N,Not at Intersection,N,Non-Junction,None,,,         ,Brent,Bauer,Clear,"Sideswipe, Same Direction",no,no,no,no,no,False
101125357,METROPOLITAN NASHVILLE POLICE DEPT,20160199411,Davidson,Nashville,3/1/2016 10:15:00 AM,2,1,0,36.037970,-86.797770,OLD HICKORY BLVD,,,,0.00,,,CREEKSIDE CRSG,,,,0.00,Y,Four-Way,Y,Intersection,None,,,         ,Justin,Fox,Cloudy,Front to Rear,no,no,no,no,no,False
101125358,METROPOLITAN NASHVILLE POLICE DEPT,20160199256,Davidson,Nashville,3/1/2016 9:00:00 AM,3,0,0,36.212240,-86.775750,I 65,,,,0.00,,,,,,,87.75,N,Not at Intersection, ,Non-Junction,Construction Zone,,,         ,Alan,Jordan,Cloudy,Front to Rear,no,no,no,no,no,False
101125359,GOODLETTSVILLE POLICE DEPT,16-07690,Davidson,Goodlettsville,2/29/2016 3:00:00 PM,2,0,0,36.298076,-86.699882,RIVERGATE PKWY,,,,0.00,,,GLEAVES ST,,,,0.00,Y,T-Intersection,N,Intersection,None,,,         ,John,Spencer,Clear,Angle,no,no,no,no,no,False
101125361,METROPOLITAN NASHVILLE POLICE DEPT,20160199289,Davidson,Nashville,3/1/2016 9:30:00 AM,2,0,0,36.101000,-86.818680,HILLSBORO PKE,,,,0.00,,,,,,,0.00,,,N,OtherLocation,None,,,         ,Justin,Pinkelton,Cloudy,Rear to Side,no,no,no,yes,no,False
101125363,METROPOLITAN NASHVILLE POLICE DEPT,2016-0199533,Davidson,Nashville,3/1/2016 10:55:00 AM,1,0,0,36.241430,-86.764280,BRILEY PKWYW,,,,460.00,Feet,West,BRILEY PKWYE,,,,0.00,N,Not at Intersection,N,Non-Junction,None,,,         ,Arthur,Hipp,Rain,Not Collision with Motor Vehicle in Transport,no,no,no,no,no,False
101125367,METROPOLITAN NASHVILLE POLICE DEPT,20160199213,Davidson,Nashville,3/1/2016 9:03:00 AM,2,0,0,36.081370,-86.697050,I 24,,,,0.00,,,,,,,56.10,N,Not at Intersection,N,Non-Junction,None,,,         ,Brian,Lamb,Rain,Front to Rear,no,no,no,no,no,False
101125368,METROPOLITAN NASHVILLE POLICE DEPT,2016-0199586,Davidson,Nashville,3/1/2016 11:22:00 AM,1,0,0,36.161360,-86.866860,BRILEY PKWYN,,,,981.00,Feet,North,BRILEY PKWYS,,,,0.00,N,Not at Intersection,N,Non-Junction,None,,,         ,Curtis,Rich,Rain,Not Collision with Motor Vehicle in Transport,no,no,no,no,no,False
101125382,METROPOLITAN NASHVILLE POLICE DEPT,20160196179,Davidson,Nashville,2/29/2016 12:45:00 PM,2,0,0,36.169250,-86.779670,GAY ST,,,,0.00,,,2ND AVE N,,,,0.00,Y,Four-Way, ,,None,,,         ,Shawn,Taylor,,,no,no,no,no,no,False
101125386,METROPOLITAN NASHVILLE POLICE DEPT,20160190975,Davidson,Nashville,2/27/2016 1:51:00 PM,2,0,0,36.149340,-86.803450,US HWY 70S,,,,0.00,,,LOUISE AVE,,,,0.00,Y,T-Intersection, ,Intersection-Related,None,,,         ,George,Ward,Clear,Front to Rear,no,no,no,no,no,Campus
101125387,METROPOLITAN NASHVILLE POLICE DEPT,20160199076,Davidson,Nashville,3/1/2016 8:10:00 AM,2,0,0,36.182880,-86.738480,EASTLAND AV,,,,0.00,,,N 17TH ST,,,,0.00,Y,T-Intersection,N,Intersection-Related,None,,,         ,Steven,Spillers,Clear,Front to Rear,no,no,no,no,no,False
101125396,METROPOLITAN NASHVILLE POLICE DEPT,2016-0198822,Davidson,Nashville,3/1/2016 6:10:00 AM,2,0,0,36.141170,-86.731150,I 40,,,,0.00,,,,,,,212.90,N,Not at Intersection,N,Non-Junction,None,,,         ,Greg,Lyons,Clear,Front to Rear,no,no,no,no,no,False
101125405,METROPOLITAN NASHVILLE POLICE DEPT,20160196354,Davidson,Nashville,2/29/2016 1:50:00 PM,2,4,0,36.172640,-86.781860,2ND AVE N,,,,0.00,,,STOCKYARD BLVD,,,,0.00,Y,Four-Way,N,Intersection,None,,,         ,Shawn,Taylor,Clear,Angle,no,no,no,no,no,False
101125411,METROPOLITAN NASHVILLE POLICE DEPT,20160199704,Davidson,Nashville,3/1/2016 12:20:00 PM,3,0,0,36.095470,-86.762760,I 65,,,,0.00,,,,,,,78.70,N,Not at Intersection,N,Non-Junction,None,,,         ,Nathan,Kemp,Rain,Angle,no,no,no,no,no,False
101125419,GOODLETTSVILLE POLICE DEPT,16-07769,Davidson,Goodlettsville,3/1/2016 9:10:00 AM,2,0,0,36.318279,-86.700638,CONFERENCE DR,,,,0.00,,,NORTH CREEK BLVD,,,,0.00,Y,Four-Way,N,Intersection,None,,,         ,John,Spencer,Clear,Angle,no,no,no,no,no,False
101125430,METROPOLITAN NASHVILLE POLICE DEPT,20160199701,Davidson,Nashville,3/1/2016 12:10:00 PM,2,0,0,36.105850,-86.813870,HILLSBORO PKE,,,,0.00,,,ABBOTT MARTIN RD,,,,0.00,Y,Four-Way, ,,None,,,         ,Justin,Pinkelton,,,no,no,no,no,no,False
101125442,METROPOLITAN NASHVILLE POLICE DEPT,2016-0199603,Davidson,Nashville,3/1/2016 11:30:00 AM,1,2,0,36.147500,-86.872010,WESTBORO DR,,,,587.00,Feet,East,WEST BEND DR,,,,0.00,N,Not at Intersection,N,Non-Junction,None,,,         ,George,Spencer,Rain,Not Collision with Motor Vehicle in Transport,no,no,no,no,no,False
101125443,METROPOLITAN NASHVILLE POLICE DEPT,2016-0198852,Davidson,Nashville,3/1/2016 6:47:00 AM,2,0,0,36.120700,-86.726820,I 24,,,,0.00,,,,,,,52.85,N,Not at Intersection, ,Non-Junction,None,,,         ,William,Whitworth,Clear,"Sideswipe, Same Direction",no,no,no,no,no,False
101125444,METROPOLITAN NASHVILLE POLICE DEPT,2016-0199073,Davidson,Nashville,3/1/2016 8:16:00 AM,2,0,0,36.144500,-86.749470,MURFREESBORO PKE,,,,0.00,,,NANCE LN,,,,0.00,Y,T-Intersection, ,Intersection,None,,,         ,William,Whitworth,Clear,"Sideswipe, Same Direction",no,no,no,no,no,False
101125445,METROPOLITAN NASHVILLE POLICE DEPT,2016-0199568,Davidson,Nashville,3/1/2016 11:12:00 AM,2,0,0,36.139580,-86.726740,,,I24,,150.00,Feet,West,,,,,51.60,N,Not at Intersection,Y,Entrance/Exit Ramp Related,None,,,         ,William,Whitworth,Rain,Not Collision with Motor Vehicle in Transport,no,no,no,no,no,False
101125457,METROPOLITAN NASHVILLE POLICE DEPT,20160190445,Davidson,Nashville,2/27/2016 9:13:00 AM,2,0,0,36.150480,-86.770350,4TH AVS,,,,0.00,,,I40 E EXT RAMP,,,,0.00,Y,T-Intersection, ,Intersection,None,,,         ,Robert,Erickson,Clear,"Sideswipe, Same Direction",no,no,no,no,no,False
101125462,METROPOLITAN NASHVILLE POLICE DEPT,20160198927,Davidson,Nashville,3/1/2016 7:30:00 AM,2,0,0,36.168010,-86.820810,ED TEMPLE BLVD,,,,80.00,Feet,South,BEASLEY ST,,,,0.00,N,Not at Intersection, ,Non-Junction,None,,,         ,Nathaniel,Clemons,Clear,Front to Rear,no,no,no,no,no,False
101125472,METROPOLITAN NASHVILLE POLICE DEPT,20160198912,Davidson,Nashville,3/1/2016 7:21:00 AM,2,0,0,36.140230,-86.722490,SPENCE LN,,,,170.00,Feet,North,CORNELIA CT,,,,0.00,N,Not at Intersection, ,Non-Junction,None,,,         ,James,Curtis,Clear,Front to Rear,no,no,no,no,no,False
101125473,METROPOLITAN NASHVILLE POLICE DEPT,20160199640,Davidson,Nashville,3/1/2016 11:49:00 AM,1,1,0,36.186460,-86.674810,WINDEMERE CIR,,,,305.00,Feet,East,MCGAVOCK PKE,,,,0.00,N,Not at Intersection,N,Non-Junction,None,,,         ,James,Curtis,Rain,Not Collision with Motor Vehicle in Transport,yes,no,no,yes,no,False
101125474,METROPOLITAN NASHVILLE POLICE DEPT,20160199794,Davidson,Nashville,3/1/2016 12:54:00 PM,2,0,0,36.153360,-86.686520,ELM HILL PKE,,,,61.00,Feet,East,ERMAC DR,,,,0.00,N,Not at Intersection, ,Non-Junction,None,,,         ,Wesley,Young,Rain,"Sideswipe, Same Direction",no,no,no,no,no,False
101125475,METROPOLITAN NASHVILLE POLICE DEPT,20160199618,Davidson,Nashville,3/1/2016 11:35:00 AM,1,1,0,36.230490,-86.768960,EWING DR,,,,70.00,Feet,West,LARKSPUR DR,,,,0.00,N,Not at Intersection,N,Non-Junction,None,,,         ,David,Boone,Rain,Not Collision with Motor Vehicle in Transport,no,no,no,no,no,False
101125478,BERRY HILL POLICE DEPT,16-0745,Davidson,Berry Hill,3/1/2016 12:43:00 PM,2,0,0,36.116570,-86.766330,BRANSFORD AV,,,,0.00,,,E IRIS DR,,,,0.00,Y,Four-Way, ,,None,,,         ,Ray,Ferguson,,,no,no,no,no,no,False
101125484,METROPOLITAN NASHVILLE POLICE DEPT,20160199401,Davidson,Nashville,3/1/2016 10:22:00 AM,3,0,0,36.044830,-86.662620,BELL RD,,,,324.00,Feet,West,CANE RIDGE RD,,,,0.00,N,Not at Intersection,N,Non-Junction,None,,,         ,Jessie,Meadows,Clear,Rear to Side,no,no,no,no,no,False
101125485,METROPOLITAN NASHVILLE POLICE DEPT,20160199611,Davidson,Nashville,3/1/2016 11:49:00 AM,2,0,0,36.110700,-86.742170,THOMPSON LN,,,,80.00,Feet,West,LOGAN ST,,,,0.00,N,Not at Intersection,N,Non-Junction,None,,,         ,Jessie,Meadows,Rain,Angle,no,no,no,no,no,False
101125486,METROPOLITAN NASHVILLE POLICE DEPT,20160199714,Davidson,Nashville,3/1/2016 12:44:00 PM,2,0,0,36.086940,-86.693510,HARDING PL,,,,423.00,Feet,West,ANTIOCH PKE,,,,0.00,N,Not at Intersection, ,Non-Junction,None,,,         ,Jessie,Meadows,Rain,"Sideswipe, Same Direction",no,no,no,no,no,False
101125491,METROPOLITAN NASHVILLE POLICE DEPT,20160199658,Davidson,Nashville,3/1/2016 11:43:00 AM,2,0,0,36.160900,-86.850390,52ND AVN,,,,0.00,,,TENNESSEE AV,,,,0.00,Y,Four-Way,Y,Intersection,None,,,         ,Michael,Phelps,Rain,Angle,no,no,no,no,no,False
101125492,METROPOLITAN NASHVILLE POLICE DEPT,2016-0199668,Davidson,Nashville,3/1/2016 11:55:00 AM,2,0,0,36.151750,-86.851570,CHARLOTTE AV,,,,120.00,Feet,West,53RD AVN,,,,0.00,N,Not at Intersection,N,Non-Junction,None,,,         ,Walter,Gray II,Rain,"Sideswipe, Opposite Direction",no,no,no,yes,yes,False
101125493,METROPOLITAN NASHVILLE POLICE DEPT,20160199761,Davidson,Nashville,3/1/2016 12:39:00 PM,2,0,0,36.254040,-86.685760,HOSPITAL DR,,,,0.00,,,LARKIN SPRINGS RD,,,,0.00,Y,OTHER, ,Non-Junction,None,,,         ,Eric,Richardson,Rain,"Sideswipe, Same Direction",no,no,no,no,no,False
101125496,METROPOLITAN NASHVILLE POLICE DEPT,20160199608,Davidson,Nashville,3/1/2016 11:35:00 AM,1,2,0,36.192870,-86.752740,ELLINGTON PKWYN,,,,102.00,Feet,North,ELLINGTON PKWY N ENT RAMP,,,,0.00,N,Not at Intersection,N,Non-Junction,None,,,         ,Jared,Eaves,Rain,Not Collision with Motor Vehicle in Transport,no,no,no,no,no,False
101125504,METROPOLITAN NASHVILLE POLICE DEPT,2016199817,Davidson,Nashville,3/1/2016 1:00:00 PM,2,0,0,36.193660,-86.831220,S HAMILTON RD,,,,0.00,Feet,North,BUENA VISTA PKE,,,,0.00,N,Not at Intersection, ,Non-Junction,None,,,         ,Ernie,Wilson,Rain,Angle,no,no,no,no,no,False
101125505,METROPOLITAN NASHVILLE POLICE DEPT,20160199900,Davidson,Nashville,3/1/2016 1:29:00 PM,2,0,0,36.085290,-86.763490,I 65,,,,0.00,,,,,,,78.00,N,Not at Intersection, ,Non-Junction,None,,,         ,Nathan,Kemp,Rain,Not Collision with Motor Vehicle in Transport,no,no,no,no,no,False
101125527,METROPOLITAN NASHVILLE POLICE DEPT,20160200066,Davidson,Nashville,3/1/2016 2:32:00 PM,1,0,0,36.054200,-86.667350,HICKORY HOLLOW PKWY,,,,1477.00,Feet,East,MT VIEW RD,,,,0.00,N,Not at Intersection, ,Non-Junction,None,,,         ,Jessie,Meadows,Rain,Not Collision with Motor Vehicle in Transport,no,no,no,no,no,False
101125540,METROPOLITAN NASHVILLE POLICE DEPT,20160200035,Davidson,Nashville,3/1/2016 2:00:00 PM,2,0,0,36.113560,-86.806160,WOODMONT BLVD,,,,0.00,,,HOPKINS ST,,,,0.00,Y,T-Intersection, ,,None,,,         ,Johnny,Crumby Jr.,,,no,no,no,no,no,False
101125541,METROPOLITAN NASHVILLE POLICE DEPT,20160200094,Davidson,Nashville,3/1/2016 2:28:00 PM,2,0,0,36.134280,-86.780160,WEDGEWOOD AV,,,,119.00,Feet,East,BEECH AV,,,,0.00,N,Not at Intersection, ,Non-Junction,None,,,         ,Tien,Nguyen,Rain,Front to Rear,no,no,no,no,no,False
101125544,VANDERBILT UNIVERSITY POLICE,16- 0199731,Davidson,Nashville,3/1/2016 12:00:00 PM,2,1,0,36.146970,-86.808360,WEST END AV,,,,0.00,,,25TH AVS,,,,0.00,Y,Four-Way,N,Intersection,None,,,         ,Charles,Payton,Rain,Angle,no,no,no,no,no,Campus
101125546,METROPOLITAN NASHVILLE POLICE DEPT,20160200083,Davidson,Nashville,3/1/2016 2:15:00 PM,2,0,0,36.202420,-86.739150,LITTON AV,,,,0.00,,,GALLATIN PKE,,,,0.00,Y,T-Intersection, ,Intersection,None,,,         ,Terence,Maahs,Cloudy,Front to Rear,no,no,no,no,no,False
101125554,METROPOLITAN NASHVILLE POLICE DEPT,20160200200,Davidson,Nashville,3/1/2016 3:10:00 PM,2,0,0,36.226310,-86.603190,SAUNDERSVILLE RD,,,,0.00,,,SHUTE LN,,,,0.00,Y,T-Intersection, ,,None,,,         ,Tyler,Conrads,,,no,no,no,no,no,False
101125572,METROPOLITAN NASHVILLE POLICE DEPT,20160200161,Davidson,Nashville,3/1/2016 2:55:00 PM,2,0,0,36.166470,-86.764850,I 24,,,,0.00,,,,,,,49.00,N,Not at Intersection, ,Non-Junction,None,,,         ,Tyler,Hutton,Rain,Front to Rear,no,no,no,no,no,False
101125590,METROPOLITAN NASHVILLE POLICE DEPT,20160200249,Davidson,Nashville,3/1/2016 3:17:00 PM,2,0,0,36.172840,-86.765340,JAMES ROBERTSON PKWY,,,,0.00,,,SPRING ST,,,,0.00,Y,Four-Way, ,Intersection-Related,None,,,         ,Terence,Maahs,Rain,Angle,no,no,no,no,no,False
101125616,METROPOLITAN NASHVILLE POLICE DEPT,20160200318,Davidson,Nashville,3/1/2016 3:57:00 PM,2,0,0,36.151500,-86.786480,I 40,,,,0.00,,,,,,,209.50,N,Not at Intersection, ,Non-Junction,None,,,         ,Tien,Nguyen,Rain,"Sideswipe, Same Direction",no,no,no,no,no,False
101125617,METROPOLITAN NASHVILLE POLICE DEPT,20160200270,Davidson,Nashville,3/1/2016 3:38:00 PM,2,0,0,36.150860,-86.779240,FOGG ST,,,,0.00,,,8TH AVS,,,,0.00,Y,OTHER, ,Non-Junction,None,,,         ,Jacob,Partin,Rain,"Sideswipe, Same Direction",no,no,no,no,no,False
101125619,METROPOLITAN NASHVILLE POLICE DEPT,20160200193,Davidson,Nashville,3/1/2016 3:06:00 PM,2,0,0,36.081780,-86.727000,NOLENSVILLE PKE,,,,313.00,Feet,South,WELSHWOOD DR,,,,0.00,N,Not at Intersection, ,Non-Junction,None,,,         ,Jarret,Sonnenberg,Rain,Angle,no,no,no,no,no,False
101125626,METROPOLITAN NASHVILLE POLICE DEPT,2016-0199777,Davidson,Not in City Limit,3/1/2016 12:45:00 PM,4,2,0,36.091550,-86.994970,HIGHWAY 70,,,,1450.00,Feet,East,NEWSOM STATION RD,,,,0.00,N,Not at Intersection,N,Non-Junction,None,,,         ,Walter,Gray II,Rain,"Sideswipe, Opposite Direction",no,no,no,no,no,False
101125632,GOODLETTSVILLE POLICE DEPT,16-07801,Davidson,Goodlettsville,3/1/2016 3:01:00 PM,3,0,0,36.323851,-86.704036,,,I65,,0.00,,,LONG HOLLOW PIKE,,SR174,,0.00,Y,Four-Way, ,Entrance/Exit Ramp Related,None,,,         ,John,Spencer,Rain,Front to Rear,no,no,no,no,no,False
101125646,METROPOLITAN NASHVILLE POLICE DEPT,20160200275,Davidson,Nashville,3/1/2016 3:11:00 PM,2,0,0,36.081520,-86.726930,NOLENSVILLE PKE,,,,409.00,Feet,South,WELSHWOOD DR,,,,0.00,N,Not at Intersection, ,Non-Junction,None,,,         ,Jarret,Sonnenberg,Rain,Front to Rear,no,no,no,no,no,False
101125647,METROPOLITAN NASHVILLE POLICE DEPT,20160200443,Davidson,Nashville,3/1/2016 4:33:00 PM,2,0,0,36.133250,-86.696680,BRILEY PKWYS,,,,62.00,Feet,North,BRILEY PKWY S EXT RAMP,,,,0.00,N,Not at Intersection, ,Non-Junction,None,,,         ,Mikala,Moore,Rain,Front to Rear,no,no,no,no,no,False
101125655,METROPOLITAN NASHVILLE POLICE DEPT,2016-0187643,Davidson,Nashville,2/26/2016 11:43:00 AM,2,6,0,36.176920,-86.678640,MCGAVOCK PKE,,,,117.00,Feet,North,MAPLECREST DR,,,,0.00,N,Not at Intersection,N,Non-Junction,None,,,         ,Jeb,Johnston,Cloudy,"Sideswipe, Same Direction",no,no,no,no,no,False
101125656,METROPOLITAN NASHVILLE POLICE DEPT,20160200297,Davidson,Nashville,3/1/2016 3:51:00 PM,2,0,0,36.155280,-86.799660,19TH AVN,,,,0.00,,,STATE ST,,,,0.00,Y,Four-Way, ,Intersection,None,,,         ,Christopher,Augustin,Rain,Front to Rear,no,no,no,no,no,False
101125657,METROPOLITAN NASHVILLE POLICE DEPT,20160200259,Davidson,Nashville,3/1/2016 3:36:00 PM,3,0,0,36.081680,-86.772540,FRANKLIN PKE,,,,100.00,Feet,South,ROBERTSON ACADEMY RD,,,,0.00,N,Not at Intersection, ,Non-Junction,None,,,         ,Clyde,Stambaugh,Rain,Front to Rear,no,no,no,no,no,False
101125658,METROPOLITAN NASHVILLE POLICE DEPT,20160200402,Davidson,Nashville,3/1/2016 4:26:00 PM,2,1,0,36.115760,-86.781610,I 440,,,,0.00,,,,,,,4.45,N,Not at Intersection,N,Entrance/Exit Ramp Related,None,,,         ,Clyde,Stambaugh,Rain,Front to Rear,no,no,no,no,no,False
101125664,METROPOLITAN NASHVILLE POLICE DEPT,20160200510,Davidson,Nashville,3/1/2016 4:51:00 PM,2,1,0,36.119020,-86.767370,I 440,,,,0.00,,,,,,,5.30,N,Not at Intersection,N,Entrance/Exit Ramp Related,None,,,         ,Tien,Nguyen,Rain,Front to Rear,no,no,no,no,no,False
101125665,METROPOLITAN NASHVILLE POLICE DEPT,20160197350,Davidson,Nashville,2/29/2016 7:21:00 PM,2,0,0,36.171460,-86.759290,FATHERLAND ST,,,,50.00,Feet,West,S 7TH ST,,,,0.00,N,Not at Intersection, ,Non-Junction,Unknown,,,         ,Michael,Moss,Unknown,"Sideswipe, Same Direction",no,no,no,no,yes,False
101125674,METROPOLITAN NASHVILLE POLICE DEPT,20160200347,Davidson,Nashville,3/1/2016 4:08:00 PM,2,1,0,36.162570,-86.761380,I 24,,,,0.00,,,,,,,49.30,N,Not at Intersection,N,Non-Junction,None,,,         ,Tyler,Hutton,Rain,Front to Rear,no,no,no,no,no,False
101125683,METROPOLITAN NASHVILLE POLICE DEPT,20160200172,Davidson,Nashville,3/1/2016 2:56:00 PM,3,0,0,36.182380,-86.799340,I 65,,,,0.00,,,,,,,85.20,N,Not at Intersection,N,Non-Junction,None,,,         ,Landon,Bagwell,Rain,Front to Rear,no,no,no,no,no,False
101125693,METROPOLITAN NASHVILLE POLICE DEPT,20160200622,Davidson,Nashville,3/1/2016 5:47:00 PM,2,1,0,36.126100,-86.772700,I 65,,,,0.00,,,,,,,80.80,N,Not at Intersection,N,Non-Junction,None,,,         ,Tien,Nguyen,Cloudy,Front to Rear,no,no,no,no,no,False
101125703,METROPOLITAN NASHVILLE POLICE DEPT,20160200442,Davidson,Nashville,3/1/2016 4:38:00 PM,1,0,0,36.211310,-86.775870,I 65,,,,0.00,,,,,,,87.70,N,Not at Intersection,N,Non-Junction,None,,,         ,Christopher,Templin,Rain,Not Collision with Motor Vehicle in Transport,no,no,no,no,no,False
101125707,METROPOLITAN NASHVILLE POLICE DEPT,20160200520,Davidson,Nashville,3/1/2016 4:45:00 PM,2,0,0,36.239340,-86.741200,I65 N ENT RAMP,,,,0.00,Feet,East,ELLINGTON PKWYS,,,,0.00,N,Not at Intersection,N,Non-Junction,None,,,         ,Jerry,Pirtle,Cloudy,Front to Rear,no,no,no,no,no,False
101125711,METROPOLITAN NASHVILLE POLICE DEPT,20160200171,Davidson,Nashville,3/1/2016 3:39:00 PM,2,0,0,36.069160,-86.720280,NOLENSVILLE PKE,,,,307.00,Feet,East,TAYLOR RD,,,,0.00,N,Not at Intersection, ,Non-Junction,None,,,         ,Jessie,Meadows,Rain,Angle,no,no,no,no,no,False
101125712,METROPOLITAN NASHVILLE POLICE DEPT,20160200312,Davidson,Nashville,3/1/2016 4:18:00 PM,2,0,0,36.085750,-86.729010,NOLENSVILLE PKE,,,,181.00,Feet,South,ELYSIAN FIELDS RD,,,,0.00,N,Not at Intersection,N,Non-Junction,None,,,         ,Jessie,Meadows,Rain,"Sideswipe, Same Direction",no,no,no,no,no,False
101125713,METROPOLITAN NASHVILLE POLICE DEPT,20160200502,Davidson,Nashville,3/1/2016 5:27:00 PM,2,0,0,36.140160,-86.736310,MURFREESBORO PKE,,,,479.00,Feet,East,MENZLER RD,,,,0.00,N,Not at Intersection, ,Non-Junction,None,,,         ,Jessie,Meadows,Rain,"Sideswipe, Same Direction",no,no,no,no,no,False
101125714,METROPOLITAN NASHVILLE POLICE DEPT,2016-0199407,Davidson,Nashville,3/1/2016 12:00:00 AM,2,0,0,36.177320,-86.615730,JAMES KAY LN,,,,0.00,,,,,,,0.00,,Not at Intersection, ,Unknown,Unknown,,,         ,Jeb,Johnston,Unknown,Unknown,no,no,no,yes,yes,False
101125727,METROPOLITAN NASHVILLE POLICE DEPT,20160200480,Davidson,Nashville,3/1/2016 4:30:00 PM,2,0,0,36.155830,-86.789270,BROADWAY,,,,53.00,Feet,West,I40 W EXT RAMP,,,,0.00,N,Not at Intersection, ,Non-Junction,None,,,         ,Eric,Burford,Clear,Angle,no,no,no,no,no,False
101125728,METROPOLITAN NASHVILLE POLICE DEPT,20160200545,Davidson,Nashville,3/1/2016 5:10:00 PM,2,0,0,36.110170,-86.736920,THOMPSON LN,,,,165.00,Feet,West,PRESCOTT PL,,,,0.00,N,Not at Intersection,N,Non-Junction,None,,,         ,Ian,Lynch,Cloudy,Front to Rear,no,no,no,no,no,False
101125729,METROPOLITAN NASHVILLE POLICE DEPT,20160200658,Davidson,Nashville,3/1/2016 5:58:00 PM,2,0,0,36.144180,-86.697830,I 40,,,,0.00,,,,,,,214.85,N,Not at Intersection,N,Non-Junction,None,,,         ,Thomas,Barnes,Rain,Front to Rear,no,no,no,no,no,False
101125731,METROPOLITAN NASHVILLE POLICE DEPT,20160200591,Davidson,Nashville,3/1/2016 5:02:00 PM,2,0,0,36.098840,-86.659750,MURFREESBORO PKE,,,,138.00,Feet,West,HARDING PL,,,,0.00,N,Not at Intersection, ,Non-Junction,None,,,         ,Nakia,Reid,Rain,Front to Rear,no,no,no,no,no,False
101125734,METROPOLITAN NASHVILLE POLICE DEPT,20160200667,Davidson,Not in City Limit,3/1/2016 5:43:00 PM,2,0,0,36.055420,-86.947780,OLD HARDING PKE,,,,908.00,Feet,South,MORTON MILL RD,,,,0.00,N,Not at Intersection, ,,None,,,         ,Adam,Reese,,,no,no,no,no,no,False
101125738,METROPOLITAN NASHVILLE POLICE DEPT,2016-0195473,Davidson,Nashville,2/29/2016 8:09:00 AM,2,1,0,36.143190,-86.705230,I 40,,,,0.00,,,,,,,214.50,N,Not at Intersection,N,Entrance/Exit Ramp Related,None,,,         ,Jeb,Johnston,Clear,Front to Rear,no,no,no,no,no,False
101125742,METROPOLITAN NASHVILLE POLICE DEPT,2016-0200615,Davidson,Nashville,3/1/2016 5:35:00 PM,2,0,0,36.157950,-86.784310,10TH AVS,,,,0.00,,,10TH AVN,,,,0.00,Y,Four-Way, ,Intersection,None,,,         ,Michael,Schlegel,Rain,Angle,no,no,no,no,no,False
101125743,METROPOLITAN NASHVILLE POLICE DEPT,20160200770,Davidson,Nashville,3/1/2016 6:39:00 PM,1,1,0,36.150080,-86.805510,23RD AVN,,,,0.00,,,ELLISTON PL,,,,0.00,Y,Four-Way,N,Intersection-Related,None,,,         ,Tien,Nguyen,Clear,Not Collision with Motor Vehicle in Transport,yes,no,no,no,no,Campus
101125744,THP District 9 - Administrative,316012871,Davidson,Nashville,3/1/2016 1:45:00 PM,1,0,0,36.164790,-86.784370,7TH AVN,,,,0.00,,,CHARLOTTE AV,,,,0.00,Y,Four-Way, ,Non-Junction,None,,,         ,Larry,Scandrett,Rain,Not Collision with Motor Vehicle in Transport,no,no,no,no,no,False