master_record_number,agency,agency_tracking_number,county,city,collision_date,vehicles_involved,number_injured,number_dead,latitude,longitude,roadway_name,roadway_suffix,roadway_number,roadway_local_id,distance_from_reference,miles-feet_indicator,direction_from_reference,intersection_road_name,intersection_road_name_suffix,intersection_road_number,intersection_local_id,mile_marker,intersection_indicator,intersect_type,interchange_related_indicator,relation_to_junction,work_zone_type,construction_maintenance_zone,construction_maintenance_zone_location,fatal_case_number,officer_first_name,officer_last_name,weather_condition(s),manner_of_crash,pedestrian,bicycle,scooter,parking,hitrun,mou
101125752,METROPOLITAN NASHVILLE POLICE DEPT,20160200824,Davidson,Nashville,3/1/2016 6:42:00 PM,3,1,0,36.123390,-86.749200,I 440,,,,0.00,,,,,,,6.40,N,Not at Intersection,N,Non-Junction,None,,,         ,Clyde,Stambaugh,Clear,Front to Rear,no,no,no,no,no,False
101125754,METROPOLITAN NASHVILLE POLICE DEPT,2016-0200629,Davidson,Nashville,3/1/2016 5:45:00 PM,3,1,0,36.089640,-86.805920,HARDING PL,,,,0.00,,,BELMONT PARK TER,,,,0.00,Y,Four-Way,N,Intersection-Related,None,,,         ,Austin,Kendrick,Clear,Front to Rear,no,no,no,no,no,False
101125759,METROPOLITAN NASHVILLE POLICE DEPT,2016-0200481,Davidson,Nashville,3/1/2016 4:24:00 PM,2,0,0,36.152770,-86.779320,8TH AVS,,,,0.00,,,DREXEL ST,,,,0.00,Y,T-Intersection, ,Intersection,None,,,         ,Michael,Schlegel,Rain,Angle,no,no,no,no,no,False
101125760,METROPOLITAN NASHVILLE POLICE DEPT,20160200874,Davidson,Not in City Limit,3/1/2016 7:10:00 PM,2,0,0,36.259470,-86.713190,GALLATIN PKES,,,,150.00,Feet,South,WOODRUFF ST,,,,0.00,N,Not at Intersection,N,Non-Junction,None,,,         ,Christopher,Littles,Cloudy,Front to Rear,no,no,no,no,no,False
101125761,METROPOLITAN NASHVILLE POLICE DEPT,20160200896,Davidson,Nashville,3/1/2016 7:09:00 PM,2,0,0,36.144300,-86.813480,WEST END AV,,,,80.00,Feet,East,29TH AVS,,,,0.00,N,Not at Intersection, ,Non-Junction,None,,,         ,Eric,Burford,Clear,Angle,no,no,no,no,no,Campus
101125764,METROPOLITAN NASHVILLE POLICE DEPT,20160200890,Davidson,Nashville,3/1/2016 6:45:00 PM,2,0,0,36.118880,-86.726440,I 24,,,,0.00,,,,,,,53.00,N,Not at Intersection, ,Non-Junction,None,,,         ,Ian,Lynch,Clear,"Sideswipe, Same Direction",no,no,no,no,yes,False
101125765,METROPOLITAN NASHVILLE POLICE DEPT,20160200646,Davidson,Nashville,3/1/2016 5:49:00 PM,3,0,0,36.143100,-86.822430,I 440,,,,0.00,,,,,,,1.00,N,Not at Intersection, ,Non-Junction,None,,,         ,Clyde,Stambaugh,Clear,Front to Rear,no,no,no,no,no,False
101125777,METROPOLITAN NASHVILLE POLICE DEPT,20160200731,Davidson,Nashville,3/1/2016 6:15:00 PM,2,1,0,36.100550,-86.739920,NOLENSVILLE PKE,,,,0.00,,,CHILTON ST,,,,0.00,Y,OTHER,N,Intersection-Related,None,,,         ,Conner,Harris,Cloudy,"Sideswipe, Same Direction",no,no,no,no,no,False
101125779,METROPOLITAN NASHVILLE POLICE DEPT,20160200750,Davidson,Nashville,3/1/2016 6:15:00 PM,3,0,0,36.140570,-86.723060,I 40,,,,0.00,,,,,,,213.50,N,Not at Intersection,Y,Non-Junction,None,,,         ,Marcus,Mitchell,Clear,"Sideswipe, Same Direction",no,no,no,no,no,False
101125785,METROPOLITAN NASHVILLE POLICE DEPT,20160197150,Davidson,Nashville,2/29/2016 6:35:00 PM,1,0,0,36.093690,-86.605240,ANDERSON RD,,,,150.00,Feet,North,EDGEWATER DR,,,,0.00,N,Not at Intersection, ,Non-Junction,None,,,         ,Nathan,Dungan,Clear,Not Collision with Motor Vehicle in Transport,no,no,no,no,no,False
101125791,METROPOLITAN NASHVILLE POLICE DEPT,2016-0200538,Davidson,Nashville,3/1/2016 5:00:00 PM,2,0,0,36.039860,-86.781040,I65 N EXT RAMP,,,,50.00,Feet,South,OLD HICKORY BLVD,,,,0.00,N,Not at Intersection,N,Entrance/Exit Ramp Related,None,,,         ,William,King,Clear,Front to Rear,no,no,no,no,yes,False
101125793,METROPOLITAN NASHVILLE POLICE DEPT,2016-0200787,Davidson,Nashville,3/1/2016 6:36:00 PM,2,0,0,36.129560,-86.899630,I 40,,,,0.00,,,,,,,201.00,N,Not at Intersection,N,Non-Junction,None,,,         ,Christopher,Clark,Cloudy,"Sideswipe, Same Direction",no,no,no,no,yes,False
101125803,METROPOLITAN NASHVILLE POLICE DEPT,20160200800,Davidson,Nashville,3/1/2016 6:42:00 PM,2,0,0,36.140530,-86.728900,I 24,,,,0.00,,,,,,,51.55,N,Not at Intersection,Y,Entrance/Exit Ramp Related,None,,,         ,Felipe,Pereira,Cloudy,"Sideswipe, Same Direction",no,no,no,no,no,False
101125804,METROPOLITAN NASHVILLE POLICE DEPT,20160200660,Davidson,Nashville,3/1/2016 5:20:00 PM,2,0,0,36.182050,-86.799420,I65 N EXT RAMP,,,,0.00,Feet,East,I 65,,,,0.00,N,Not at Intersection, ,,None,,,         ,Jonathan,Hadley,,,no,no,no,no,no,False
101125823,METROPOLITAN NASHVILLE POLICE DEPT,20160200875,Davidson,Nashville,3/1/2016 7:12:00 PM,2,0,0,36.093990,-86.706540,I 24,,,,0.00,,,,,,,55.05,N,Not at Intersection, ,Non-Junction,None,,,         ,Charles,Ward,Clear,"Sideswipe, Same Direction",no,no,no,no,no,False
101125824,METROPOLITAN NASHVILLE POLICE DEPT,20160201016,Davidson,Not in City Limit,3/1/2016 12:00:00 AM,1,0,0,36.138150,-86.950260,RIVER ROAD PKE,,,,1614.00,Feet,East,INDIAN CREEK RD,,,,0.00,N,Not at Intersection,N,Non-Junction,None,,,         ,Brandon,Pedigo,Unknown,Not Collision with Motor Vehicle in Transport,no,no,no,no,yes,False
101125826,METROPOLITAN NASHVILLE POLICE DEPT,20160200508,Davidson,Not in City Limit,3/1/2016 5:00:00 PM,2,0,0,36.261220,-86.738190,I 65,,,,0.00,,,,,,,92.00,N,Not at Intersection, ,Non-Junction,None,,,         ,Samuel,Miller,Cloudy,Front to Rear,no,no,no,no,no,False
101125827,METROPOLITAN NASHVILLE POLICE DEPT,20160200601,Davidson,Not in City Limit,3/1/2016 4:51:00 PM,2,0,0,36.262210,-86.712210,GALLATIN PKES,,,,0.00,,,E OLD HICKORY BLVD,,,,0.00,Y,Four-Way,Y,Intersection,None,,,         ,Samuel,Miller,Cloudy,Front to Rear,no,no,no,no,yes,False
101125828,METROPOLITAN NASHVILLE POLICE DEPT,20160200727,Davidson,Not in City Limit,3/1/2016 6:25:00 PM,2,1,0,36.264000,-86.691500,STATE RT 45,,,,0.00,,,MCARTHUR DR,,,,0.00,Y,Four-Way,Y,Intersection,None,,,         ,Samuel,Miller,Cloudy,Front to Rear,no,no,no,no,no,False
101125830,METROPOLITAN NASHVILLE POLICE DEPT,20160200805,Davidson,Not in City Limit,3/1/2016 6:46:00 PM,1,1,0,36.306290,-86.808750,CROCKER SPRINGS RD,,,,1239.00,Feet,North,LICKTON PKE,,,,0.00,N,Not at Intersection,N,Non-Junction,None,,,         ,Michael,Brooks,Cloudy,Not Collision with Motor Vehicle in Transport,no,no,no,no,no,False
101125831,METROPOLITAN NASHVILLE POLICE DEPT,20160200915,Davidson,Nashville,3/1/2016 7:27:00 PM,2,2,0,36.187990,-86.821560,CLARKSVILLE PKE,,,,0.00,,,ROSA L PARKS BLVD,,,,0.00,Y,Four-Way,N,Intersection,None,,,         ,Michael,Brooks,Cloudy,Angle,no,no,no,no,no,False
101125838,METROPOLITAN NASHVILLE POLICE DEPT,20160200877,Davidson,Nashville,3/1/2016 7:15:00 PM,2,0,0,36.182050,-86.799420,I65 N EXT RAMP,,,,0.00,Feet,East,I 65,,,,0.00,N,Not at Intersection, ,,None,,,         ,Jonathan,Hadley,,,no,no,no,no,no,False
101125847,METROPOLITAN NASHVILLE POLICE DEPT,20160193899,Davidson,Nashville,2/28/2016 4:47:00 PM,2,0,0,36.197600,-86.620250,LEBANON PKE EB EXT RAMP,,,,0.00,Feet,East,LEBANON PKE,,,,0.00,N,Not at Intersection, ,Non-Junction,None,,,         ,Dontaveous,Eubanks,Clear,Front to Rear,no,no,no,no,no,False
101125856,METROPOLITAN NASHVILLE POLICE DEPT,20160200644,Davidson,Antioch,3/1/2016 4:15:00 PM,2,0,0,0.000000,0.000000,BELL,RD,,,0.00,,,MT VIEW,,SR,,0.00,Y,Four-Way,N,Intersection-Related,None,,,         ,Victoria,Cunningham,Rain,"Sideswipe, Same Direction",no,no,no,no,yes,False
101125866,METROPOLITAN NASHVILLE POLICE DEPT,20160201474,Davidson,Nashville,3/1/2016 11:03:00 PM,1,1,0,36.109450,-86.773460,WOODMONT BLVD EB ENT RAMP,,,,0.00,Feet,East,FRANKLIN PKE,,,,0.00,N,Not at Intersection,N,Entrance/Exit Ramp Related,None,,,         ,Steven,Wiser,Clear,Not Collision with Motor Vehicle in Transport,no,no,no,no,no,False
101125869,METROPOLITAN NASHVILLE POLICE DEPT,20160197467,Davidson,Nashville,2/29/2016 8:00:00 PM,2,0,0,36.181590,-86.773680,N 1ST ST,,,,0.00,,,US HWY 31W,,,,0.00,Y,OTHER,N,Intersection-Related,None,,,         ,Trevor,VonDohlen,Clear,Angle,no,no,no,no,yes,False
101125871,METROPOLITAN NASHVILLE POLICE DEPT,20160200455,Davidson,Nashville,3/1/2016 4:36:00 PM,2,1,0,36.166350,-86.780690,4TH AVN,,,,0.00,,,CHARLOTTE AV,,,,0.00,Y,Four-Way,N,Intersection,None,,,         ,Michael,Osuna,Rain,Front to Rear,no,no,no,no,no,False
101125879,METROPOLITAN NASHVILLE POLICE DEPT,20160200143,Davidson,Not in City Limit,3/1/2016 2:32:00 PM,2,1,0,36.076690,-86.984170,I 40,,,,0.00,,,,,,,194.60,N,Not at Intersection,N,Non-Junction,None,,,         ,Jeremy,Huffine,Rain,Angle,no,no,no,no,no,False
101125886,GOODLETTSVILLE POLICE DEPT,16-07811,Davidson,Goodlettsville,3/1/2016 4:50:00 PM,3,0,0,36.311138,-86.684566,VIETNAM VETERANS,PKWY,SR386,,100.00,Feet,West,,,,,0.10,N,Not at Intersection,N,Non-Junction,None,,,         ,Stephen,Hodges,Clear,Front to Rear,no,no,no,no,no,False
101125892,METROPOLITAN NASHVILLE POLICE DEPT,20160201846,Davidson,Nashville,3/2/2016 1:15:00 AM,1,1,0,36.032670,-86.569640,W NIR SHRIEBMAN RD,,,,393.00,Feet,North,CONSTITUTION AVE,,,,0.00,N,Not at Intersection,N,Non-Junction,None,,,         ,Michael,Richardson,Clear,Not Collision with Motor Vehicle in Transport,no,no,no,no,no,False
101125898,METROPOLITAN NASHVILLE POLICE DEPT,20160201526,Davidson,Nashville,3/1/2016 12:00:00 AM,1,0,0,36.202900,-86.785320,GLADE ST,,,,0.00,,,GLADE ST,,,,0.00,,Not at Intersection,N,Unknown,Unknown,Unknown,Unknown,         ,Geoffrey,Daugherty,Unknown,Unknown,no,no,no,no,yes,False
101125906,METROPOLITAN NASHVILLE POLICE DEPT,20160201716,Davidson,Nashville,3/2/2016 12:26:00 AM,2,0,0,36.110160,-86.736360,PRESCOTT PL,,,,14.00,Feet,North,THOMPSON LN,,,,0.00,N,Not at Intersection, ,Non-Junction,None,,,         ,Dale,Dameron,Cloudy,Front to Rear,no,no,no,no,no,False
101125907,METROPOLITAN NASHVILLE POLICE DEPT,20160201755,Davidson,Nashville,3/2/2016 12:20:00 AM,2,0,0,36.118080,-86.700870,BRILEY PKWYS,,,,180.00,Feet,West,BRILEY PKWYN,,,,0.00,N,Not at Intersection,N,Non-Junction,None,,,         ,Dale,Dameron,Cloudy,"Sideswipe, Same Direction",no,no,no,no,yes,False
101125912,METROPOLITAN NASHVILLE POLICE DEPT,20160186618,Davidson,Nashville,2/26/2016 5:35:00 AM,2,0,0,36.079540,-86.703550,WILLARD DR,,,,114.00,Feet,South,WALLACE RD,,,,0.00,N,Not at Intersection, ,Non-Junction,None,,,         ,Justin,McCormick,Clear,Rear to Side,no,no,no,no,no,False
101125913,GOODLETTSVILLE POLICE DEPT,16-07872,Davidson,Goodlettsville,3/2/2016 1:59:00 AM,1,1,0,36.327547,-86.707085,,,I65 S,,300.00,Feet,North,,,,,97.00,N,Not at Intersection,N,Non-Junction,None,,,         ,Hannah,Poole,Cloudy,Not Collision with Motor Vehicle in Transport,no,no,no,no,no,False
101125952,METROPOLITAN NASHVILLE POLICE DEPT,2016-0202588,Davidson,Nashville,3/2/2016 6:55:00 AM,3,0,0,36.125110,-86.843880,RIDGEFIELD DR,,,,137.00,Feet,East,RIDGEFIELD WAY,,,,0.00,N,Not at Intersection,N,Non-Junction,None,,,         ,Curtis,Rich,Clear,Angle,no,no,no,no,no,False
101125970,METROPOLITAN NASHVILLE POLICE DEPT,20160190689,Davidson,Not in City Limit,2/27/2016 11:30:00 AM,2,0,0,36.267320,-86.737150,I 65,,,,0.00,,,,,,,92.45,N,Not at Intersection, ,Entrance/Exit Ramp Related,None,,,         ,Peter,Lynch,Clear,Front to Rear,no,no,no,no,no,False
101125974,METROPOLITAN NASHVILLE POLICE DEPT,2016-0200060,Davidson,Nashville,3/1/2016 2:15:00 PM,1,2,0,36.109380,-86.813940,CRESTMOOR RD,,,,422.00,Feet,East,GREEN HILLS VILLAGE DR,,,,0.00,N,Not at Intersection,N,Non-Junction,None,,,         ,Paul,Junkmann,Rain,Not Collision with Motor Vehicle in Transport,no,no,no,no,no,False
101125981,METROPOLITAN NASHVILLE POLICE DEPT,2016-0202757,Davidson,Nashville,3/2/2016 8:15:00 AM,2,0,0,36.126010,-86.903930,I 40,,,,0.00,,,,,,,200.65,N,Not at Intersection,N,Non-Junction,None,,,         ,Curtis,Rich,Cloudy,Front to Rear,no,no,no,no,no,False
101125990,METROPOLITAN NASHVILLE POLICE DEPT,20160202730,Davidson,Nashville,3/2/2016 8:03:00 AM,2,0,0,36.141180,-86.817080,WEST END AV,,,,0.00,,,33RD AVS,,,,0.00,Y,T-Intersection, ,Intersection,None,,,         ,Darrell,Osment,Clear,"Sideswipe, Same Direction",no,no,no,no,no,False
101125996,METROPOLITAN NASHVILLE POLICE DEPT,20160202904,Davidson,Nashville,3/2/2016 8:54:00 AM,2,0,0,36.059960,-86.672110,ANTIOCH PKE,,,,0.00,,,BLUE HOLE RD,,,,0.00,Y,T-Intersection, ,,None,,,         ,Thomas,White,,,no,no,no,no,no,False
101126009,METROPOLITAN NASHVILLE POLICE DEPT,2016-0200556,Davidson,Nashville,3/1/2016 5:22:00 PM,2,0,0,36.154150,-86.835580,I 40,,,,0.00,,,,,,,205.20,N,Not at Intersection, ,,None,,,         ,Walter,Gray II,,,no,no,no,no,no,False
101126017,METROPOLITAN NASHVILLE POLICE DEPT,20160202839,Davidson,Nashville,3/2/2016 8:30:00 AM,2,0,0,36.121380,-86.803290,I440 W EXT RAMP,,,,0.00,Feet,East,I 440,,,,0.00,N,Not at Intersection, ,Non-Junction,None,,,         ,Paul,Joyner,Clear,Front to Rear,no,no,no,no,no,False
101126021,METROPOLITAN NASHVILLE POLICE DEPT,20160202649,Davidson,Nashville,3/2/2016 12:00:00 AM,2,0,0,36.239770,-86.699490,CAIN HARBOR DR,,,,153.00,Feet,East,RIVERBEND DR,,,,0.00,N,Not at Intersection,N,Non-Junction,None,,,         ,William,Waters,Clear,"Sideswipe, Opposite Direction",no,no,no,no,yes,False
101126022,METROPOLITAN NASHVILLE POLICE DEPT,2016-0202642,Davidson,Nashville,3/2/2016 7:20:00 AM,2,0,0,36.154710,-86.761540,I 40,,,,0.00,,,,,,,210.90,N,Not at Intersection,N,Non-Junction,None,,,         ,Scott,Toney,Cloudy,Front to Rear,no,no,no,no,no,False
101126023,METROPOLITAN NASHVILLE POLICE DEPT,2016-0202608,Davidson,Antioch,3/2/2016 6:59:00 AM,1,0,0,0.000000,0.000000,MOUNT VIEW RD,RD,,,80.00,Feet,East,PAINTER DR,DR,,,0.00,N,Not at Intersection,N,Non-Junction,None,,,         ,William,Whitworth,Cloudy,Not Collision with Motor Vehicle in Transport,no,no,no,no,no,False
101126025,METROPOLITAN NASHVILLE POLICE DEPT,201600222804,Davidson,Nashville,3/1/2016 11:20:00 AM,2,0,0,36.270390,-86.775810,BELL GRIMES LN,,,,8.00,Feet,South,BRICK CHURCH PKE,,,,0.00,N,Not at Intersection, ,Non-Junction,None,,,         ,Seth,Quiles,Rain,"Sideswipe, Same Direction",no,no,no,no,no,False
101126030,METROPOLITAN NASHVILLE POLICE DEPT,20160202895,Davidson,Nashville,3/2/2016 8:45:00 AM,2,0,0,36.086580,-86.771710,HARDING PL,,,,75.00,Feet,East,FRANKLIN PKE,,,,0.00,N,Not at Intersection,N,Non-Junction,None,,,         ,Gregory,Scott,Clear,Front to Rear,no,no,no,no,no,False
101126034,METROPOLITAN NASHVILLE POLICE DEPT,20160202852,Davidson,Nashville,3/2/2016 8:37:00 AM,2,0,0,36.154890,-86.779150,8TH AVS,,,,0.00,,,KOREAN VETERANS BLVD,,,,0.00,Y,Roundabout, ,,None,,,         ,Myriah,Iles,,,no,no,no,no,no,False
101126041,METROPOLITAN NASHVILLE POLICE DEPT,20160202768,Davidson,Nashville,3/2/2016 8:00:00 AM,3,0,0,36.100870,-86.764450,I 65,,,,0.00,,,,,,,79.10,N,Not at Intersection, ,,None,,,         ,Johnny,Crumby Jr.,,,no,no,no,no,no,False
101126044,METROPOLITAN NASHVILLE POLICE DEPT,2016-0203102,Davidson,Not in City Limit,3/2/2016 10:09:00 AM,2,0,0,36.068650,-86.932980,OLD HARDING PIKE,,,,50.00,Feet,South,COLICE JEANNE RD,,,,0.00,N,Not at Intersection, ,Non-Junction,None,,,         ,Walter,Gray II,Clear,Front to Rear,no,no,no,no,no,False
101126048,GOODLETTSVILLE POLICE DEPT,16-07901,Davidson,Goodlettsville,3/2/2016 10:45:00 AM,2,0,0,36.326153,-86.700729,LONG HOLLOW,PIKE,SR174,,0.00,,,NORTHCREEK,BLVD,,,0.00,Y,T-Intersection, ,Intersection-Related,None,,,         ,Jason,Ayers,Clear,Angle,no,no,no,no,no,False
101126054,METROPOLITAN NASHVILLE POLICE DEPT,20160200039,Davidson,Nashville,3/1/2016 2:05:00 PM,1,1,0,36.178970,-86.799230,GARFIELD ST,,,,30.00,Feet,North,9TH AVN,,,,0.00,N,Not at Intersection,N,Non-Junction,None,,,         ,Joshua,Baker,Cloudy,Not Collision with Motor Vehicle in Transport,no,no,no,no,no,False
101126058,METROPOLITAN NASHVILLE POLICE DEPT,20160202930,Davidson,Nashville,3/2/2016 9:01:00 AM,2,1,0,36.206750,-86.791350,BAPTIST WORLD CENTER DR,,,,44.00,Feet,North,YOUNGS LN,,,,0.00,N,Not at Intersection,N,Non-Junction,None,,,         ,Earnest,Fields,Clear,HeadOn,no,no,no,no,yes,False
101126060,METROPOLITAN NASHVILLE POLICE DEPT,20160203104,Davidson,Nashville,3/2/2016 10:09:00 AM,2,1,0,36.180450,-86.748000,ORDWAY PL,,,,0.00,,,N 12TH ST,,,,0.00,Y,Four-Way,N,Intersection-Related,None,,,         ,Andrew,Maholland,Clear,Angle,no,no,no,no,no,False
101126062,METROPOLITAN NASHVILLE POLICE DEPT,2016-0203229,Davidson,Nashville,3/2/2016 10:15:00 AM,2,0,0,36.147790,-86.876690,I 40,,,,0.00,,,,,,,202.85,N,Not at Intersection,N,Non-Junction,Maintenance Zone,,,         ,Curtis,Rich,Clear,Front to Rear,no,no,no,no,no,False
101126073,METROPOLITAN NASHVILLE POLICE DEPT,20160199877,Davidson,Nashville,3/1/2016 1:15:00 PM,2,0,0,36.197270,-86.741920,GALLATIN PKE,,,,103.00,Feet,North,CAROLYN AV,,,,0.00,N,Not at Intersection, ,,None,,,         ,Jeremy,Stricklin,,,no,no,no,no,no,False
101126079,METROPOLITAN NASHVILLE POLICE DEPT,2016-0203280,Davidson,Nashville,3/2/2016 11:00:00 AM,2,0,0,36.147790,-86.876690,I 40,,,,0.00,,,,,,,202.85,N,Not at Intersection, ,Non-Junction,None,,,         ,Curtis,Rich,Clear,"Sideswipe, Same Direction",no,no,no,no,yes,False
101126092,METROPOLITAN NASHVILLE POLICE DEPT,20160203375,Davidson,Nashville,3/2/2016 12:07:00 PM,2,0,0,36.131080,-86.773710,I 65,,,,0.00,,,,,,,81.15,N,Not at Intersection, ,Non-Junction,None,,,         ,Justin,Fox,Clear,Front to Rear,no,no,no,no,no,False
101126102,METROPOLITAN NASHVILLE POLICE DEPT,20160202821,Davidson,Nashville,3/2/2016 8:26:00 AM,2,0,0,36.181050,-86.800030,I 65,,,,0.00,,,,,,,85.10,N,Not at Intersection,N,Entrance/Exit Ramp Related,None,,,         ,Rodney,Clark,Clear,Front to Rear,no,no,no,no,no,False
101126103,METROPOLITAN NASHVILLE POLICE DEPT,20160203135,Davidson,Nashville,3/2/2016 10:15:00 AM,1,0,0,36.167660,-86.811040,MEHARRY BLVD,,,,506.00,Feet,West,21ST AVE N,,,,0.00,N,Not at Intersection, ,Non-Junction,None,,,         ,Rodney,Clark,Clear,Not Collision with Motor Vehicle in Transport,no,no,no,no,no,False
101126104,METROPOLITAN NASHVILLE POLICE DEPT,20160202724,Davidson,Nashville,3/2/2016 7:57:00 AM,2,0,0,36.180240,-86.755050,MCFERRIN AV,,,,0.00,,,MARINA ST,,,,0.00,Y,OTHER,N,Non-Junction,None,,,         ,Alex,Moore,Clear,"Sideswipe, Same Direction",no,no,no,yes,no,False
101126110,METROPOLITAN NASHVILLE POLICE DEPT,20160203431,Davidson,Nashville,3/2/2016 12:22:00 PM,2,1,0,36.069120,-86.683840,ANTIOCH PKE,,,,0.00,,,RICHARDS RD,,,,0.00,Y,T-Intersection,N,Intersection,None,,,         ,Brian,Penny,Clear,"Sideswipe, Same Direction",no,no,no,no,no,False
101126111,METROPOLITAN NASHVILLE POLICE DEPT,20160203125,Davidson,Not in City Limit,3/2/2016 8:30:00 AM,1,0,0,36.307650,-86.684070,GALLATIN PKEN,,,,199.00,Feet,West,NORTHSIDE MARKETPLACE PVTDR,,,,0.00,N,Not at Intersection,N,Non-Junction,None,,,         ,Peter,Lynch,Clear,Not Collision with Motor Vehicle in Transport,no,no,no,no,no,False
101126112,METROPOLITAN NASHVILLE POLICE DEPT,20160203473,Davidson,Old Hickory,3/2/2016 1:14:00 PM,2,0,0,0.000000,0.000000,RAYON,DR,,,400.00,Feet,North,BRIDGEWAY,AVE,,,0.00,N,Not at Intersection, ,Non-Junction,None,,,         ,James,Curtis,Unknown,Unknown,no,no,no,no,yes,False
101126147,METROPOLITAN NASHVILLE POLICE DEPT,20160202787,Davidson,Nashville,3/2/2016 8:03:00 AM,2,0,0,36.143830,-86.727550,ELM HILL PKE,,,,0.00,,,POPLAR ST,,,,0.00,Y,T-Intersection,N,Intersection,None,,,         ,James,Curtis,Clear,"Sideswipe, Same Direction",no,no,no,no,no,False
101126158,METROPOLITAN NASHVILLE POLICE DEPT,2016020929,Davidson,Nashville,3/2/2016 8:58:00 AM,3,1,0,36.110290,-86.770510,I 65,,,,0.00,,,,,,,79.75,N,Not at Intersection,N,Non-Junction,None,,,         ,Phillip,Murphy,Clear,Front to Rear,no,no,no,no,no,False
101126163,METROPOLITAN NASHVILLE POLICE DEPT,20160191352,Davidson,Nashville,2/27/2016 4:51:00 PM,2,2,0,36.249190,-86.734460,DUE WEST AVW,,,,0.00,,,S GRAYCROFT AV,,,,0.00,Y,Four-Way,N,Intersection,None,,,         ,Carlos,Urrutia,Clear,Angle,no,no,no,no,no,False
101126164,METROPOLITAN NASHVILLE POLICE DEPT,20160191238,Davidson,Madison,2/27/2016 3:53:00 PM,2,0,0,36.255010,-86.715230,MADISON BLVD,,,,0.00,,,GALLATIN PKES,,,,0.00,Y,Four-Way, ,Intersection,None,,,         ,Carlos,Urrutia,Clear,Angle,no,no,no,no,no,False
101126165,METROPOLITAN NASHVILLE POLICE DEPT,20160191660,Davidson,Madison,2/27/2016 6:39:00 PM,2,1,0,36.269820,-86.710530,GALLATIN PKEN,,,,140.00,Feet,South,GARNER AV,,,,0.00,N,Not at Intersection,N,Non-Junction,None,,,         ,Carlos,Urrutia,Clear,Front to Rear,no,no,no,no,no,False
101126166,METROPOLITAN NASHVILLE POLICE DEPT,20160191575,Davidson,Nashville,2/27/2016 6:36:00 PM,2,0,0,36.248250,-86.742790,I 65,,,,0.00,,,,,,,91.05,N,Not at Intersection, ,Non-Junction,Work Zone,,,         ,Carlos,Urrutia,Clear,Front to Rear,no,no,no,no,no,False
101126167,METROPOLITAN NASHVILLE POLICE DEPT,20160191450,Davidson,Madison,2/27/2016 4:53:00 PM,2,0,0,36.267050,-86.710890,GALLATIN PKEN,,,,55.00,Feet,North,DUPONT AV,,,,0.00,N,Not at Intersection, ,Non-Junction,None,,,         ,Carlos,Urrutia,Clear,HeadOn,no,no,no,no,no,False
101126169,METROPOLITAN NASHVILLE POLICE DEPT,20160203406,Davidson,Nashville,3/2/2016 12:20:00 PM,2,0,0,36.136640,-86.795290,WEDGEWOOD AV,,,,44.00,Feet,West,MAGNOLIA BLVD,,,,0.00,N,Not at Intersection,N,Unknown,None,,,         ,Paul,Joyner,Clear,Front to Rear,no,no,no,no,no,False
101126171,METROPOLITAN NASHVILLE POLICE DEPT,20160203279,Davidson,Nashville,3/2/2016 11:19:00 AM,2,3,0,36.089330,-86.720050,PARAGON MILLS RD,,,,214.00,Feet,East,DEWAIN DR,,,,0.00,N,Not at Intersection,N,Non-Junction,None,,,         ,Brian,Lamb,Clear,HeadOn,no,no,no,no,yes,False
101126176,METROPOLITAN NASHVILLE POLICE DEPT,2016020614,Davidson,Nashville,3/2/2016 6:58:00 AM,2,0,0,36.081100,-86.758360,HARDING PL,,,,0.00,,,TROUSDALE DR,,,,0.00,Y,Four-Way, ,Intersection-Related,None,,,         ,Phillip,Murphy,Clear,"Sideswipe, Same Direction",no,no,no,no,no,False
101126190,METROPOLITAN NASHVILLE POLICE DEPT,2016-0203572,Davidson,Nashville,3/2/2016 1:01:00 PM,2,0,0,36.076970,-86.920370,STATE HWY 251,,,,97.00,Feet,North,BELLE FOREST CIR,,,,0.00,N,Not at Intersection, ,Non-Junction,None,,,         ,Walter,Gray II,Clear,"Sideswipe, Same Direction",no,no,no,no,no,False
101126218,METROPOLITAN NASHVILLE POLICE DEPT,20160203819,Davidson,Nashville,3/2/2016 2:20:00 PM,2,0,0,36.147250,-86.799410,21ST AVS,,,,67.00,Feet,South,GRAND AV,,,,0.00,N,Not at Intersection, ,Non-Junction,None,,,         ,Darrell,Osment,Clear,Angle,no,no,no,no,no,Campus
101126236,GOODLETTSVILLE POLICE DEPT,16-07911,Davidson,Goodlettsville,3/2/2016 12:30:00 PM,2,0,0,36.304403,-86.700953,MALL ACCESS,RD,,,200.00,Feet,North,RIVERGATE,PKWY,,,0.00,N,Not at Intersection,N,"Driveway, Alley Access, etc",None,,,         ,Charles,Hauskin,Clear,Angle,no,no,no,yes,yes,False
101126248,METROPOLITAN NASHVILLE POLICE DEPT,20160203891,Davidson,Nashville,3/2/2016 2:33:00 PM,2,0,0,36.096150,-86.737670,NOLENSVILLE PKE,,,,0.00,,,ALLIED DR,,,,0.00,Y,T-Intersection, ,Intersection,None,,,         ,Clyde,Stambaugh,Clear,Front to Rear,no,no,no,no,no,False
101126250,METROPOLITAN NASHVILLE POLICE DEPT,2016-0203899,Davidson,Not in City Limit,3/2/2016 2:06:00 PM,2,0,0,36.077990,-86.949200,US HWY 70S,,,,6.00,Feet,West,CONNECTING ROAD,,,,0.00,N,Not at Intersection, ,Non-Junction,None,,,         ,Walter,Gray II,Clear,Front to Rear,no,no,no,no,no,False