master_record_number,agency,agency_tracking_number,county,city,collision_date,vehicles_involved,number_injured,number_dead,latitude,longitude,roadway_name,roadway_suffix,roadway_number,roadway_local_id,distance_from_reference,miles-feet_indicator,direction_from_reference,intersection_road_name,intersection_road_name_suffix,intersection_road_number,intersection_local_id,mile_marker,intersection_indicator,intersect_type,interchange_related_indicator,relation_to_junction,work_zone_type,construction_maintenance_zone,construction_maintenance_zone_location,fatal_case_number,officer_first_name,officer_last_name,weather_condition(s),manner_of_crash,pedestrian,bicycle,scooter,parking,hitrun,mou
101126670,METROPOLITAN NASHVILLE POLICE DEPT,20160190783,Davidson,Nashville,2/27/2016 12:20:00 PM,2,1,0,36.143490,-86.702580,I 40,,,,0.00,,,,,,,214.60,N,Not at Intersection,N,Non-Junction,None,,,         ,Terry,Denton,Clear,Front to Rear,no,no,no,no,no,False
101126675,METROPOLITAN NASHVILLE POLICE DEPT,20160206617,Davidson,Nashville,3/3/2016 9:25:00 AM,2,0,0,36.171860,-86.767890,I24 W EXT RAMP,,,,0.00,,,I 24,,,,0.00,Y,OTHER, ,Entrance/Exit Ramp Related,None,,,         ,Michael,Johnson,Rain,"Sideswipe, Same Direction",no,no,no,no,no,False
101126678,METROPOLITAN NASHVILLE POLICE DEPT,20160206571,Davidson,Not in City Limit,3/3/2016 7:45:00 AM,1,0,0,36.279980,-86.942770,RIDGE RD,,,,761.00,Feet,East,GRAYS POINT RD,,,,0.00,N,Not at Intersection,N,Non-Junction,None,,,         ,Blake,Lutz,Rain,Not Collision with Motor Vehicle in Transport,no,no,no,no,no,False
101126683,METROPOLITAN NASHVILLE POLICE DEPT,2016-0206716,Davidson,Not in City Limit,3/3/2016 9:33:00 AM,2,0,0,36.258110,-86.787910,I 24,,,,0.00,,,,,,,42.00,N,Not at Intersection, ,Non-Junction,None,,,         ,William,Caillouette,Rain,Front to Rear,no,no,no,no,no,False
101126688,METROPOLITAN NASHVILLE POLICE DEPT,2016-0203413,Davidson,Nashville,3/2/2016 12:15:00 PM,2,0,0,36.116940,-86.726450,GLENROSE AVE,,,,144.00,Feet,East,MASHBURN RD,,,,0.00,N,Not at Intersection, ,Non-Junction,None,,,         ,Michael,Payne,Clear,"Sideswipe, Same Direction",no,no,no,no,no,False
101126694,METROPOLITAN NASHVILLE POLICE DEPT,2016206752,Davidson,Nashville,3/3/2016 9:12:00 AM,2,0,0,36.154510,-86.815630,CHARLOTTE AV,,,,0.00,,,26TH AVN,,,,0.00,Y,T-Intersection, ,Intersection,None,,,         ,Spencer,Pittman,Rain,"Sideswipe, Same Direction",no,no,no,no,yes,False
101126696,METROPOLITAN NASHVILLE POLICE DEPT,20160206877,Davidson,Nashville,3/3/2016 10:36:00 AM,2,2,0,36.157990,-86.794430,MCMILLIN ST,,,,0.00,,,STATE ST,,,,0.00,Y,T-Intersection,N,Intersection,None,,,         ,Nathan,Kemp,Rain,HeadOn,no,no,no,no,no,False
101126722,METROPOLITAN NASHVILLE POLICE DEPT,20160206918,Davidson,Nashville,3/3/2016 12:00:00 AM,1,1,0,36.097880,-86.691970,MCGAVOCK PKE,,,,0.00,,,AIR FREIGHT BLVD,,,,0.00,Y,OTHER,N,Non-Junction,None,,,         ,Brandon,O'Guin,Rain,Not Collision with Motor Vehicle in Transport,no,no,no,no,yes,False
101126726,METROPOLITAN NASHVILLE POLICE DEPT,2016-0207021,Davidson,Nashville,3/3/2016 12:00:00 AM,1,0,0,36.147960,-86.859690,OCEOLA AV,,,,0.00,,,LENOX AV,,,,0.00,Y,T-Intersection, ,Intersection,Construction Zone,,,         ,Curtis,Rich,Unknown,Not Collision with Motor Vehicle in Transport,no,no,no,no,yes,False
101126737,METROPOLITAN NASHVILLE POLICE DEPT,20160207052,Davidson,Nashville,3/3/2016 11:41:00 AM,2,0,0,36.150560,-86.749300,I 40,,,,0.00,,,,,,,211.65,N,Not at Intersection, ,Non-Junction,None,,,         ,James,Curtis,Rain,"Sideswipe, Same Direction",no,no,no,no,no,False
101126738,METROPOLITAN NASHVILLE POLICE DEPT,20160207063,Davidson,Nashville,3/3/2016 11:40:00 AM,2,0,0,36.243850,-86.784700,I 24,,,,0.00,,,,,,,42.90,N,Not at Intersection, ,Non-Junction,None,,,         ,Brian,Otto,Rain,"Sideswipe, Same Direction",no,no,no,no,no,False
101126742,METROPOLITAN NASHVILLE POLICE DEPT,20160207095,Davidson,Nashville,3/3/2016 11:55:00 AM,2,0,0,36.156230,-86.800370,19TH AVN,,,,0.00,,,PATTERSON ST,,,,0.00,Y,Four-Way, ,Intersection,None,,,         ,Nathan,Kemp,Rain,Angle,no,no,no,no,no,False
101126756,METROPOLITAN NASHVILLE POLICE DEPT,2016-0206885,Davidson,Nashville,3/3/2016 10:36:00 AM,2,0,0,36.165350,-86.752450,LENORE ST,,,,201.00,Feet,East,CAYCE PLACE PVTDR,,,,0.00,N,Not at Intersection,N,Non-Junction,None,,,         ,Brett,Johns,Rain,"Sideswipe, Same Direction",no,no,no,no,no,False
101126762,METROPOLITAN NASHVILLE POLICE DEPT,20160206715,Davidson,Nashville,3/3/2016 9:24:00 AM,3,0,0,36.136490,-86.726760,I 24,,,,0.00,,,,,,,52.25,N,Not at Intersection,N,Non-Junction,None,,,         ,Ralph,Harvey,Rain,Front to Rear,no,no,no,no,yes,False
101126770,METROPOLITAN NASHVILLE POLICE DEPT,20160187197,Davidson,Nashville,2/26/2016 9:52:00 AM,2,0,0,36.041700,-86.748620,OLD HICKORY BLVD,,,,0.00,,,COPPERFIELD WAY,,,,0.00,Y,T-Intersection, ,Intersection,None,,,         ,Darrell,Osment,Clear,Front to Rear,no,no,no,no,no,False
101126771,METROPOLITAN NASHVILLE POLICE DEPT,20160206833,Davidson,Nashville,3/3/2016 10:15:00 AM,2,0,0,36.135090,-86.724210,US HWY 41,,,,112.00,Feet,East,-- UNKNOWN RAMP/ROAD --,,,,0.00,N,Not at Intersection,N,Non-Junction,None,,,         ,Steven,Rowlett,Rain,Front to Rear,no,no,no,no,yes,False
101126783,VANDERBILT UNIVERSITY POLICE,16-0207175,Davidson,Nashville,3/3/2016 12:00:00 AM,2,0,0,36.142440,-86.796910,APPLETON PL,,,,0.00,,,,,,,0.00,,, ,Non-Junction,None,,,         ,Samuel,McClain,Rain,Unknown,no,no,no,yes,yes,Campus
101126786,METROPOLITAN NASHVILLE POLICE DEPT,20160206549,Davidson,Nashville,3/3/2016 8:30:00 AM,2,1,0,36.191910,-86.744790,MCKENNIE AV,,,,0.00,,,GALLATIN AV,,,,0.00,Y,T-Intersection,Y,Intersection-Related,None,,,         ,Randall,Smith,Rain,Front to Rear,no,no,no,no,no,False
101126794,METROPOLITAN NASHVILLE POLICE DEPT,20160207200,Davidson,Nashville,3/3/2016 12:10:00 PM,1,0,0,36.082720,-86.710330,HARDING PL,,,,54.00,Feet,East,TAMPA DR,,,,0.00,N,Not at Intersection, ,Non-Junction,Construction Zone,,,         ,Brian,Penny,Rain,Not Collision with Motor Vehicle in Transport,no,no,no,no,no,False
101126795,METROPOLITAN NASHVILLE POLICE DEPT,2016-0196452,Davidson,Nashville,2/29/2016 2:40:00 PM,3,0,0,36.168180,-86.765740,I 24,,,,0.00,,,,,,,48.80,N,Not at Intersection,N,Non-Junction,None,,,         ,Christopher,Lo,Clear,Front to Rear,no,no,no,no,no,False
101126798,METROPOLITAN NASHVILLE POLICE DEPT,20160207246,Davidson,Nashville,3/3/2016 12:54:00 PM,2,0,0,36.147550,-86.758650,LAFAYETTE ST,,,,0.00,,,LEWIS ST,,,,0.00,Y,Four-Way,N,Intersection,None,,,         ,James,Curtis,Rain,HeadOn,no,no,no,no,no,False
101126820,METROPOLITAN NASHVILLE POLICE DEPT,20160207242,Davidson,Nashville,3/3/2016 11:37:00 AM,2,0,0,36.176190,-86.790440,MONROE ST,,,,40.00,Feet,West,6TH AVN,,,,0.00,N,Not at Intersection, ,Non-Junction,None,,,         ,Rodney,Clark,Rain,"Sideswipe, Same Direction",no,no,no,no,no,False
101126835,METROPOLITAN NASHVILLE POLICE DEPT,20160206626,Davidson,Nashville,3/3/2016 8:48:00 AM,3,0,0,36.190690,-86.759650,N 7TH ST,,,,163.00,Feet,North,EVANSTON AVE,,,,0.00,N,Not at Intersection,N,Non-Junction,None,,,         ,Richard,Conger,Rain,"Sideswipe, Opposite Direction",no,no,no,no,no,False
101126839,METROPOLITAN NASHVILLE POLICE DEPT,20160207330,Davidson,Nashville,3/3/2016 1:42:00 PM,2,0,0,36.082770,-86.710170,HARDING PL,,,,102.00,Feet,East,TAMPA DR,,,,0.00,N,Not at Intersection, ,Non-Junction,Work Zone,,,         ,Brandon,O'Guin,Rain,"Sideswipe, Same Direction",no,no,no,no,no,False
101126859,METROPOLITAN NASHVILLE POLICE DEPT,2016-0207253,Davidson,Nashville,3/3/2016 12:56:00 PM,2,0,0,36.125380,-86.742390,GLENROSE AV,,,,0.00,,,FOSTER AV,,,,0.00,Y,Four-Way,N,Non-Junction,None,,,         ,John,Neely,Rain,Front to Rear,no,no,no,no,no,False
101126885,METROPOLITAN NASHVILLE POLICE DEPT,20160207560,Davidson,Nashville,3/3/2016 2:55:00 PM,2,0,0,36.163940,-86.762810,I 24,,,,0.00,,,,,,,49.15,N,Not at Intersection, ,Non-Junction,None,,,         ,Derek,Betty,Rain,Front to Rear,no,no,no,no,no,False
101126886,METROPOLITAN NASHVILLE POLICE DEPT,20160196886,Davidson,Nashville,2/29/2016 5:02:00 PM,2,0,0,36.095300,-86.624890,BELL RD,,,,515.00,Feet,North,HARBOR LIGHTS DR,,,,0.00,N,Not at Intersection,N,Non-Junction,None,,,         ,Jaby,Djabbarov,Clear,Front to Rear,no,no,no,no,no,False
101126907,VANDERBILT UNIVERSITY POLICE,16-0207557,Davidson,Nashville,3/3/2016 2:35:00 PM,2,0,0,36.143050,-86.810120,JESS NEELY DR,,,,0.00,,,NATCHEZ TRC,,,,0.00,Y,Four-Way,N,Intersection-Related,None,,,         ,Jonathan,McAllister,Rain,"Sideswipe, Same Direction",no,no,no,no,yes,Campus
101126908,METROPOLITAN NASHVILLE POLICE DEPT,20160207634,Davidson,Nashville,3/3/2016 3:05:00 PM,2,0,0,36.188220,-86.773240,DICKERSON PKE,,,,289.00,Feet,North,CLEVELAND ST,,,,0.00,N,Not at Intersection,N,Non-Junction,None,,,         ,Charles,Wakefield,Clear,Front to Rear,no,no,no,no,yes,False
101126921,METROPOLITAN NASHVILLE POLICE DEPT,20160207654,Davidson,Nashville,3/3/2016 3:23:00 PM,2,0,0,36.156070,-86.788690,BROADWAY,,,,54.00,Feet,East,13TH AVS,,,,0.00,N,Not at Intersection, ,,None,,,         ,Joshua,Hollins,,,no,no,no,no,no,False
101126922,METROPOLITAN NASHVILLE POLICE DEPT,20160190948,Davidson,Nashville,2/27/2016 1:46:00 PM,2,1,0,36.241960,-86.757080,DICKERSON PKE,,,,0.00,Feet,,DICKERSON PKE ENT RAMP,,,,0.00,Y,T-Intersection,N,Intersection,None,,,         ,Peter,Lynch,Clear,Angle,no,no,no,no,no,False
101126942,METROPOLITAN NASHVILLE POLICE DEPT,20160207665,Davidson,Nashville,3/3/2016 3:20:00 PM,2,0,0,36.046910,-86.656770,BELL RD,,,,340.00,Feet,West,HICKORY HOLLOW PKWY,,,,0.00,N,Not at Intersection, ,Non-Junction,None,,,         ,Brandon,O'Guin,Rain,"Sideswipe, Same Direction",no,no,no,no,no,False
101126952,METROPOLITAN NASHVILLE POLICE DEPT,20160207852,Davidson,Nashville,3/3/2016 4:20:00 PM,2,0,0,36.153540,-86.772350,4TH AVS,,,,103.00,Feet,North,ELM ST,,,,0.00,N,Not at Intersection, ,Non-Junction,None,,,         ,Wesley,Feinstein,Rain,"Sideswipe, Same Direction",no,no,no,no,no,False
101126957,METROPOLITAN NASHVILLE POLICE DEPT,20160207529,Davidson,Nashville,3/3/2016 2:44:00 PM,3,3,0,36.045440,-86.718510,OLD HICKORY BLVD,,,,46.00,Feet,West,HICKORY TRACE DR,,,,0.00,N,Not at Intersection,N,Non-Junction,None,,,         ,Tien,Nguyen,Rain,Angle,no,no,no,no,no,False
101126960,METROPOLITAN NASHVILLE POLICE DEPT,20160207755,Davidson,Nashville,3/3/2016 3:50:00 PM,1,1,0,36.072040,-86.658300,PEBBLE CREEK DR,,,,119.00,Feet,West,MOUNTAIN LAUREL DR,,,,0.00,N,Not at Intersection,N,Non-Junction,None,,,         ,Richard,Olive,Cloudy,Not Collision with Motor Vehicle in Transport,no,no,no,no,no,False
101126969,VANDERBILT UNIVERSITY POLICE,16-0207675,Davidson,Nashville,3/3/2016 3:00:00 PM,2,0,0,36.142630,-86.796910,APPLETON PL,,,,0.00,,,,,,,0.00,,, ,Non-Junction,None,,,         ,Errikka,Wilbourn,Cloudy,Rear to Side,no,no,no,yes,no,Campus
101126970,METROPOLITAN NASHVILLE POLICE DEPT,20160207780,Davidson,Nashville,3/3/2016 4:00:00 PM,2,0,0,36.046450,-86.657380,BELL RD,,,,225.00,Feet,East,COLLINS PARK DR,,,,0.00,N,Not at Intersection, ,Non-Junction,None,,,         ,Brandon,O'Guin,Rain,Front to Rear,no,no,no,no,no,False
101126972,METROPOLITAN NASHVILLE POLICE DEPT,20160207896,Davidson,Nashville,3/3/2016 4:33:00 PM,2,0,0,36.186550,-86.608780,ANDREW JACKSON PKWY,,,,130.00,Feet,South,JACKSON PASS,,,,0.00,N,Not at Intersection, ,Non-Junction,None,,,         ,Codey,Mullins,Rain,Front to Rear,no,no,no,no,no,False
101126981,METROPOLITAN NASHVILLE POLICE DEPT,20160207776,Davidson,Nashville,3/3/2016 4:02:00 PM,1,1,0,36.130320,-86.802030,BLAIR BLVD,,,,0.00,,,21ST AVS,,,,0.00,Y,Four-Way,N,Intersection,None,,,         ,Nicholas,Smith,Cloudy,Not Collision with Motor Vehicle in Transport,no,yes,no,no,no,False
101126985,METROPOLITAN NASHVILLE POLICE DEPT,20160207851,Davidson,Nashville,3/3/2016 4:20:00 PM,2,0,0,36.143520,-86.702360,I 40,,,,0.00,,,,,,,214.60,N,Not at Intersection, ,Non-Junction,None,,,         ,Reuben,Hewit,Rain,Front to Rear,no,no,no,no,no,False
101126986,METROPOLITAN NASHVILLE POLICE DEPT,20160207534,Davidson,Nashville,3/3/2016 1:00:00 PM,2,0,0,36.180030,-86.809670,BUCHANAN ST,,,,30.00,Feet,East,16TH AVN,,,,0.00,N,Not at Intersection, ,Non-Junction,None,,,         ,Royce,McLester,Rain,Front to Rear,no,no,no,no,no,False
101126992,METROPOLITAN NASHVILLE POLICE DEPT,20160207895,Davidson,Nashville,3/3/2016 2:58:00 PM,2,1,0,36.130220,-86.900210,CHARLOTTE PKE,,,,83.00,Feet,West,I40 W EXT RAMP,,,,0.00,N,Not at Intersection,N,Non-Junction,None,,,         ,Brandon,Pedigo,Rain,"Sideswipe, Same Direction",no,no,no,no,no,False
101126995,METROPOLITAN NASHVILLE POLICE DEPT,20160207964,Davidson,Nashville,3/3/2016 4:39:00 PM,2,2,0,36.154000,-86.793810,WEST END AV,,,,191.00,Feet,East,16TH AVN,,,,0.00,N,Not at Intersection,N,Non-Junction,None,,,         ,Charles,Griffin,Rain,Front to Rear,no,no,no,no,no,False
101126996,METROPOLITAN NASHVILLE POLICE DEPT,20160207965,Davidson,Nashville,3/3/2016 5:18:00 PM,2,0,0,36.148320,-86.664550,ELM HILL PKE,,,,221.00,Feet,West,PATRIOT WAY,,,,0.00,N,Not at Intersection,N,Non-Junction,None,,,         ,Leslie,Hale,Cloudy,"Sideswipe, Same Direction",no,no,no,yes,yes,False
101126997,METROPOLITAN NASHVILLE POLICE DEPT,2016-0207722,Davidson,Not in City Limit,3/3/2016 3:40:00 PM,2,0,0,36.071030,-86.946900,TODD PREIS DR,,,,63.00,Feet,East,SAWYER BROWN RD,,,,0.00,N,Not at Intersection,N,Non-Junction,None,,,         ,John,Thomas,Cloudy,Front to Rear,no,no,no,no,no,False
101126999,METROPOLITAN NASHVILLE POLICE DEPT,20160208057,Davidson,Nashville,3/3/2016 5:29:00 PM,2,1,0,36.122040,-86.753580,I 440,,,,0.00,,,,,,,6.15,N,Not at Intersection,N,Non-Junction,None,,,         ,Tien,Nguyen,Rain,Front to Rear,no,no,no,no,no,False
101127006,METROPOLITAN NASHVILLE POLICE DEPT,2016-0199751,Davidson,Nashville,3/1/2016 12:36:00 PM,2,0,0,36.225640,-86.597810,ANDREW JACKSON PKWY,,,,0.00,,,SAUNDERSVILLE RD,,,,0.00,Y,Four-Way, ,Intersection,None,,,         ,Jeb,Johnston,Rain,"Sideswipe, Opposite Direction",no,no,no,no,no,False
101127015,METROPOLITAN NASHVILLE POLICE DEPT,20160207893,Davidson,Nashville,3/3/2016 3:38:00 PM,2,0,0,36.134980,-86.887330,CHARLOTTE PKE,,,,0.00,,,,,,,0.00,,,N,Non-Junction,None,,,         ,John,Thomas,Rain,Front to Rear,no,no,no,no,no,False
101127016,METROPOLITAN NASHVILLE POLICE DEPT,20160207891,Davidson,Nashville,3/3/2016 4:34:00 PM,3,1,0,36.153400,-86.800840,20TH AVN,,,,0.00,,,CHURCH ST,,,,0.00,Y,Four-Way,N,Intersection,None,,,         ,Clyde,Stambaugh,Rain,Angle,no,no,no,no,no,Campus
101127024,METROPOLITAN NASHVILLE POLICE DEPT,20160208098,Davidson,Old Hickory,3/3/2016 5:40:00 PM,1,0,0,36.264790,-86.634010,WINDMILL POINT CIR,,,,450.00,Feet,East,OLD HICKORY BLVD,,,,0.00,N,Not at Intersection, ,Non-Junction,None,,,         ,Tyler,Conrads,Clear,Not Collision with Motor Vehicle in Transport,no,no,no,no,no,False
101127026,METROPOLITAN NASHVILLE POLICE DEPT,20160208102,Davidson,Nashville,3/3/2016 5:43:00 PM,2,0,0,36.145280,-86.816450,31ST AVN,,,,19.00,Feet,North,BELWOOD ST,,,,0.00,N,Not at Intersection,N,Non-Junction,None,,,         ,Nicholas,Smith,Cloudy,Angle,no,no,no,no,no,False
101127039,METROPOLITAN NASHVILLE POLICE DEPT,20160206789,Davidson,Antioch,3/3/2016 10:09:00 AM,2,0,0,36.028950,-86.574640,W NIR SHREIBMAN BLVD,,,,136.00,Feet,North,MOORE WAY,,,,0.00,N,Not at Intersection,N,Non-Junction,None,,,         ,Jessie,Meadows,Rain,Angle,no,no,no,no,no,False
101127040,METROPOLITAN NASHVILLE POLICE DEPT,20160206968,Davidson,Nashville,3/3/2016 11:40:00 AM,2,0,0,36.049930,-86.667170,I 24,,,,0.00,,,,,,,58.85,N,Not at Intersection,N,Non-Junction,None,,,         ,Jessie,Meadows,Rain,Front to Rear,no,no,no,no,no,False
101127041,METROPOLITAN NASHVILLE POLICE DEPT,20160207325,Davidson,Nashville,3/3/2016 1:36:00 PM,2,0,0,36.082730,-86.710290,HARDING PL,,,,65.00,Feet,East,TAMPA DR,,,,0.00,N,Not at Intersection, ,Non-Junction,None,,,         ,Jessie,Meadows,Rain,Front to Rear,no,no,no,no,no,False
101127042,METROPOLITAN NASHVILLE POLICE DEPT,114978736,Davidson,Nashville,3/3/2016 1:58:00 PM,2,1,0,36.059540,-86.668550,UNA ANTIOCH PKE,,,,62.00,Feet,East,MOSS RD,,,,0.00,N,Not at Intersection,N,Non-Junction,None,,,         ,Jessie,Meadows,Rain,Front to Rear,no,no,no,no,no,False
101127043,METROPOLITAN NASHVILLE POLICE DEPT,20160207723,Davidson,Nashville,3/3/2016 4:08:00 PM,2,0,0,36.085350,-86.690610,ANTIOCH PKE,,,,74.00,Feet,South,PERIMETER HILL DR,,,,0.00,N,Not at Intersection,N,Non-Junction,None,,,         ,Jessie,Meadows,Rain,Angle,no,no,no,no,no,False
101127044,METROPOLITAN NASHVILLE POLICE DEPT,20160207545,Davidson,Nashville,3/3/2016 4:34:00 PM,2,0,0,36.046730,-86.673870,BLUE HOLE RD,,,,389.00,Feet,North,BELL RD,,,,0.00,N,Not at Intersection, ,Non-Junction,None,,,         ,Jessie,Meadows,Rain,Angle,no,no,no,no,no,False
101127045,METROPOLITAN NASHVILLE POLICE DEPT,20160207931,Davidson,Nashville,3/3/2016 5:34:00 PM,2,0,0,36.044730,-86.659570,I24 E ENT RAMP,,,,0.00,Feet,East,I 24,,,,0.00,N,Not at Intersection, ,Entrance/Exit Ramp Related,None,,,         ,Jessie,Meadows,Rain,Front to Rear,no,no,no,no,no,False
101127047,METROPOLITAN NASHVILLE POLICE DEPT,20160208214,Davidson,Nashville,3/3/2016 6:19:00 PM,2,0,0,36.081430,-86.726900,NOLENSVILLE PKE,,,,443.00,Feet,South,WELSHWOOD DR,,,,0.00,N,Not at Intersection, ,Non-Junction,None,,,         ,Tien,Nguyen,Cloudy,Angle,no,no,no,no,no,False
101127048,METROPOLITAN NASHVILLE POLICE DEPT,20160208190,Davidson,Nashville,3/3/2016 12:00:00 AM,2,0,0,36.106210,-86.673060,MURFREESBORO PKE,,,,0.00,,,DONELSON PKE,,,,0.00,Y,Four-Way,Y,Intersection,None,,,         ,Craig,Gentry,Rain,Front to Rear,no,no,no,no,no,False
101127049,METROPOLITAN NASHVILLE POLICE DEPT,20160203403,Davidson,Nashville,3/2/2016 12:20:00 PM,2,0,0,36.143520,-86.737510,I 40,,,,0.00,,,,,,,212.65,N,Not at Intersection, ,Non-Junction,None,,,         ,Jason,Smith,Clear,"Sideswipe, Same Direction",no,no,no,no,no,False
101127070,METROPOLITAN NASHVILLE POLICE DEPT,20160207970,Davidson,Nashville,3/3/2016 4:00:00 PM,1,0,0,36.151810,-86.875620,WESTBORO DR,,,,0.00,,,,,,,0.00,,,N,Non-Junction,None,,,         ,Tyler,Maupin,Cloudy,Not Collision with Motor Vehicle in Transport,no,no,no,no,no,False
101127073,METROPOLITAN NASHVILLE POLICE DEPT,20160208121,Davidson,Nashville,3/3/2016 5:50:00 PM,2,0,0,36.176290,-86.772450,I24 E EXT RAMP,,,,0.00,Feet,East,I 24,,,,0.00,N,Not at Intersection, ,Non-Junction,None,,,         ,Joshua,Hausman,Rain,Front to Rear,no,no,no,no,no,False
101127081,METROPOLITAN NASHVILLE POLICE DEPT,20160208069,Davidson,Nashville,3/3/2016 5:29:00 PM,2,0,0,36.154420,-86.740190,LEBANON PKE,,,,176.00,Feet,East,LANNOM AV,,,,0.00,N,Not at Intersection, ,Non-Junction,None,,,         ,Bryan,Byrnes,Cloudy,Front to Rear,no,no,no,no,no,False
101127086,METROPOLITAN NASHVILLE POLICE DEPT,20160208324,Davidson,Nashville,3/3/2016 6:59:00 PM,2,0,0,36.123450,-86.749000,I 440,,,,0.00,,,,,,,6.40,N,Not at Intersection,N,Non-Junction,None,,,         ,Clyde,Stambaugh,Clear,Front to Rear,no,no,no,no,yes,False
101127091,METROPOLITAN NASHVILLE POLICE DEPT,20160208065,Davidson,Nashville,3/3/2016 5:26:00 PM,3,0,0,36.157590,-86.801430,19TH AVN,,,,0.00,,,CHARLOTTE AV,,,,0.00,Y,Four-Way, ,Non-Junction,None,,,         ,David,Collins,Rain,Front to Rear,no,no,no,no,no,False
101127093,METROPOLITAN NASHVILLE POLICE DEPT,20160208354,Davidson,Nashville,3/3/2016 7:10:00 PM,2,0,0,36.150920,-86.800300,WEST END AV,,,,315.00,Feet,East,21ST AVS,,,,0.00,N,Not at Intersection, ,Non-Junction,None,,,         ,Nicholas,Smith,Cloudy,"Sideswipe, Same Direction",no,no,no,no,no,Campus
101127104,METROPOLITAN NASHVILLE POLICE DEPT,20160208410,Davidson,Nashville,3/3/2016 7:10:00 PM,2,0,0,36.044470,-86.650970,HICKORY HOLLOW PKWY,,,,0.00,,,CROSSINGS BLVD,,,,0.00,Y,T-Intersection, ,Intersection,None,,,         ,Jarred,Ruhlman,Rain,Front to Rear,no,no,no,no,no,False
101127111,METROPOLITAN NASHVILLE POLICE DEPT,083358386,Davidson,Nashville,3/3/2016 2:30:00 PM,2,0,0,36.150950,-86.857820,WHITE BRIDGE PKE,,,,88.00,Feet,North,OBRIEN AV,,,,0.00,N,Not at Intersection,N,Non-Junction,None,,,         ,Mark,Hatt,Cloudy,"Sideswipe, Same Direction",no,no,no,no,yes,False
101127121,VANDERBILT UNIVERSITY POLICE,16-0208482,Davidson,Nashville,3/3/2016 7:30:00 PM,2,0,0,36.139090,-86.806270,CHILDRENS WAY,,,,369.00,Feet,West,24TH AVS,,,,0.00,N,Not at Intersection, ,,None,,,         ,Jonathan,McAllister,,,no,no,no,yes,no,Campus
101127122,METROPOLITAN NASHVILLE POLICE DEPT,20160208488,Davidson,Nashville,3/3/2016 7:53:00 PM,2,2,0,36.140420,-86.817920,WEST END AV,,,,218.00,Feet,South,ACKLEN PARK DR,,,,0.00,N,Not at Intersection,N,Non-Junction,None,,,         ,Charles,Griffin,Rain,Front to Rear,no,no,no,no,no,False
101127123,METROPOLITAN NASHVILLE POLICE DEPT,20160208542,Davidson,Nashville,3/3/2016 8:09:00 PM,2,1,0,36.088350,-86.763180,I65 S EXT RAMP,,,,0.00,Feet,East,I 65,,,,0.00,N,Not at Intersection,Y,Entrance/Exit Ramp Related,None,,,         ,Clyde,Stambaugh,Clear,Front to Rear,no,no,no,no,no,False
101127126,METROPOLITAN NASHVILLE POLICE DEPT,20160208339,Davidson,Nashville,3/3/2016 6:35:00 PM,2,0,0,36.075570,-86.920970,OLD HICKORY BLVD,,,,0.00,,,,,,,0.00,,, ,Non-Junction,None,,,         ,John,Thomas,Rain,"Sideswipe, Same Direction",no,no,no,no,no,False
101127132,METROPOLITAN NASHVILLE POLICE DEPT,20160208015,Davidson,Nashville,3/3/2016 5:00:00 PM,2,0,0,36.051300,-86.884280,OLD HICKORY BLVD,,,,355.00,Feet,East,EDINBURGH DR,,,,0.00,N,Not at Intersection, ,Non-Junction,None,,,         ,Mark,Hatt,Cloudy,Front to Rear,no,no,no,no,no,False
101127137,METROPOLITAN NASHVILLE POLICE DEPT,20160208034,Davidson,Nashville,3/3/2016 4:45:00 PM,2,0,0,36.161350,-86.648740,SUGAR CREEK CIR,,,,0.00,Feet,East,STEWARTS FERRY PKE,,,,0.00,N,Not at Intersection,N,Non-Junction,None,,,         ,Bradley,McIntyre,Rain,Angle,no,no,no,yes,yes,False
101127148,BERRY HILL POLICE DEPT,16-0784,Davidson,Berry Hill,3/3/2016 4:50:00 PM,2,1,0,36.116670,-86.766320,E IRIS DR,,,,0.00,,,BRANSFORD AV,,,,0.00,Y,Four-Way,N,Intersection,None,,,         ,Larry,Carter,Rain,Front to Rear,no,no,no,no,no,False
101127149,METROPOLITAN NASHVILLE POLICE DEPT,20160208386,Davidson,Nashville,3/3/2016 7:21:00 PM,2,2,0,36.083980,-86.763720,I 65,,,,0.00,,,,,,,77.95,N,Not at Intersection,N,Non-Junction,None,,,         ,Tien,Nguyen,Clear,Front to Rear,no,no,no,no,no,False
101127155,METROPOLITAN NASHVILLE POLICE DEPT,20160207699,Davidson,Goodlettsville,3/3/2016 3:37:00 PM,2,0,0,36.294310,-86.696940,MYATT DR,,,,54.00,Feet,South,MYATT DR PVTDR,,,,0.00,N,Not at Intersection,N,Non-Junction,None,,,         ,Samuel,Miller,Cloudy,Angle,no,no,no,no,no,False
101127156,METROPOLITAN NASHVILLE POLICE DEPT,20160208014,Davidson,Nashville,3/3/2016 5:13:00 PM,2,0,0,36.256190,-86.714390,GALLATIN PKES,,,,0.00,,,NEELYS BEND RD,,,,0.00,Y,T-Intersection,Y,Intersection-Related,None,,,         ,Samuel,Miller,Cloudy,"Sideswipe, Same Direction",no,no,no,no,no,False
101127157,METROPOLITAN NASHVILLE POLICE DEPT,20160208422,Davidson,Not in City Limit,3/3/2016 7:32:00 PM,2,0,0,36.266010,-86.711220,GALLATIN PKEN,,,,0.00,,,,,,,0.00,,,N,Non-Junction,None,,,         ,Samuel,Miller,Cloudy,Front to Rear,no,no,no,yes,yes,False