master_record_number,agency,agency_tracking_number,county,city,collision_date,vehicles_involved,number_injured,number_dead,latitude,longitude,roadway_name,roadway_suffix,roadway_number,roadway_local_id,distance_from_reference,miles-feet_indicator,direction_from_reference,intersection_road_name,intersection_road_name_suffix,intersection_road_number,intersection_local_id,mile_marker,intersection_indicator,intersect_type,interchange_related_indicator,relation_to_junction,work_zone_type,construction_maintenance_zone,construction_maintenance_zone_location,fatal_case_number,officer_first_name,officer_last_name,weather_condition(s),manner_of_crash,pedestrian,bicycle,scooter,parking,hitrun,mou
101127161,METROPOLITAN NASHVILLE POLICE DEPT,2016-0193962,Davidson,Nashville,2/28/2016 5:42:00 PM,2,1,0,36.069120,-86.683840,ANTIOCH PKE,,,,1.00,Feet,West,RICHARDS RD,,,,0.00,N,Not at Intersection,N,Non-Junction,None,,,         ,Tamara,Zurawski,Clear,Angle,no,no,no,no,no,False
101127170,METROPOLITAN NASHVILLE POLICE DEPT,20160208177,Davidson,Nashville,3/3/2016 5:11:00 PM,2,0,0,36.111320,-86.745420,NOLENSVILLE PKE,,,,149.00,Feet,North,THOMPSON LN,,,,0.00,N,Not at Intersection, ,Non-Junction,None,,,         ,Ian,Lynch,Clear,Front to Rear,no,no,no,no,yes,False
101127171,METROPOLITAN NASHVILLE POLICE DEPT,20160208383,Davidson,Nashville,3/3/2016 6:04:00 PM,2,0,0,36.088450,-86.649630,MURFREESBORO PKE,,,,250.00,Feet,South,RANSOM PL,,,,0.00,N,Not at Intersection, ,Non-Junction,None,,,         ,Jaby,Djabbarov,Rain,Front to Rear,no,no,no,no,no,False
101127172,METROPOLITAN NASHVILLE POLICE DEPT,20160208283,Davidson,Nashville,3/3/2016 6:30:00 PM,2,0,0,36.078940,-86.728260,HARDING PL,,,,624.00,Feet,West,NOLENSVILLE PKE,,,,0.00,N,Not at Intersection,N,Non-Junction,None,,,         ,Jose,Salazar,Clear,Front to Rear,no,no,no,no,no,False
101127173,METROPOLITAN NASHVILLE POLICE DEPT,20160207555,Davidson,Nashville,3/3/2016 2:53:00 PM,2,1,0,36.185390,-86.816920,CLARKSVILLE PKE,,,,92.00,Feet,East,25TH AVN,,,,0.00,N,Not at Intersection,N,Non-Junction,None,,,         ,Michael,Brooks,Rain,Angle,no,no,no,no,no,False
101127174,METROPOLITAN NASHVILLE POLICE DEPT,20160207834,Davidson,Nashville,3/3/2016 4:10:00 PM,2,0,0,36.176770,-86.789040,MONROE ST,,,,0.00,,,5TH AVN,,,,0.00,Y,Four-Way,N,Intersection,None,,,         ,Michael,Brooks,Rain,Angle,no,no,no,no,yes,False
101127175,METROPOLITAN NASHVILLE POLICE DEPT,20160208101,Davidson,Nashville,3/3/2016 5:44:00 PM,2,2,0,36.191820,-86.828210,CLARKSVILLE PKE,,,,309.00,Feet,East,CLIFF DR,,,,0.00,N,Not at Intersection,N,Non-Junction,None,,,         ,Michael,Brooks,Rain,Front to Rear,no,no,no,no,no,False
101127176,METROPOLITAN NASHVILLE POLICE DEPT,20160207822,Davidson,Nashville,3/3/2016 4:15:00 PM,2,0,0,36.106210,-86.673060,DONELSON PKE,,,,0.00,,,MURFREESBORO PKE,,,,0.00,Y,Four-Way, ,Intersection,None,,,         ,Michael,Apsey,Cloudy,Front to Rear,no,no,no,no,no,False
101127184,METROPOLITAN NASHVILLE POLICE DEPT,20160208265,Davidson,Nashville,3/3/2016 5:17:00 PM,1,0,0,36.180130,-86.640230,JACKSON DOWNS BLVD,,,,0.00,,,POLO PARK APT PVTDR,,,,0.00,Y,T-Intersection,N,Non-Junction,None,,,         ,Michael,Apsey,Cloudy,Not Collision with Motor Vehicle in Transport,no,no,no,no,no,False
101127193,METROPOLITAN NASHVILLE POLICE DEPT,20160208468,Davidson,Nashville,3/3/2016 6:15:00 PM,2,0,0,36.059080,-86.716170,TUSCULUM RD,,,,14.00,Feet,East,NOLENSVILLE PKE,,,,0.00,N,Not at Intersection, ,Non-Junction,None,,,         ,Jared,Jenkins,Clear,Angle,no,no,no,no,no,False
101127195,METROPOLITAN NASHVILLE POLICE DEPT,20160208409,Davidson,Nashville,3/3/2016 9:00:00 PM,3,0,0,36.133340,-86.727130,I 24,,,,0.00,,,,,,,52.00,N,Not at Intersection, ,Non-Junction,None,,,         ,Michael,Russell,Clear,Front to Rear,no,no,no,no,no,False
101127197,METROPOLITAN NASHVILLE POLICE DEPT,20160206282,Davidson,Nashville,3/3/2016 6:35:00 AM,1,0,0,36.193420,-86.812560,ROSA L PARKS BLVD,,,,994.00,Feet,East,24TH AVN,,,,0.00,N,Not at Intersection, ,Non-Junction,None,,,         ,Benjamin,Cole,Rain,Not Collision with Motor Vehicle in Transport,no,no,no,no,no,False
101127198,METROPOLITAN NASHVILLE POLICE DEPT,20160207717,Davidson,Nashville,3/3/2016 4:13:00 PM,2,0,0,36.085320,-86.701280,I24 E ENT RAMP,,,,0.00,,,I 24,,,,0.00,Y,OTHER, ,Non-Junction,None,,,         ,Oscar,Gomez,Rain,"Sideswipe, Same Direction",no,no,no,no,no,False
101127219,METROPOLITAN NASHVILLE POLICE DEPT,20160209156,Davidson,Nashville,3/3/2016 11:23:00 PM,2,0,0,36.154340,-86.798960,19TH AVN,,,,0.00,,,CHURCH ST,,,,0.00,Y,Four-Way,N,Intersection,None,,,         ,Eric,Westbrook,Clear,Angle,no,no,no,no,yes,False
101127220,METROPOLITAN NASHVILLE POLICE DEPT,20160209155,Davidson,Nashville,3/3/2016 11:21:00 PM,2,0,0,36.126420,-86.728700,I 440,,,,0.00,,,,,,,7.50,N,Not at Intersection, ,Non-Junction,None,,,         ,Daniel,Garrett,Clear,Front to Rear,no,no,no,no,no,False
101127226,METROPOLITAN NASHVILLE POLICE DEPT,20160208538,Davidson,Antioch,3/3/2016 7:40:00 PM,2,0,0,0.000000,0.000000,BELL,RD,,,0.00,,,HICKORY HOLLOW,PKWY,,,0.00,Y,Four-Way,N,Intersection-Related,None,,,         ,Victoria,Cunningham,Clear,Other,no,no,no,no,yes,False
101127232,METROPOLITAN NASHVILLE POLICE DEPT,20160209135,Davidson,Nashville,3/3/2016 11:05:00 PM,2,0,0,36.048070,-86.714590,HICKORY TRACE DR,DR,,,0.00,,,,,,,0.00,,, ,"Driveway, Alley Access, etc",None,,,         ,Michael,Collazo,Clear,Other,no,no,no,yes,no,False
101127238,METROPOLITAN NASHVILLE POLICE DEPT,20160209223,Davidson,Not in City Limit,3/3/2016 12:00:00 AM,1,0,0,36.336690,-86.776830,LICKTON PKE,,,,762.00,Feet,East,UNION HILL RD,,,,0.00,N,Not at Intersection,N,Non-Junction,None,,,         ,Christina,Buckner,Unknown,Not Collision with Motor Vehicle in Transport,no,no,no,no,yes,False
101127247,METROPOLITAN NASHVILLE POLICE DEPT,20160206254,Davidson,Nashville,3/2/2016 12:00:00 AM,2,0,0,36.173920,-86.805930,UNDERWOOD ST,,,,36.00,Feet,East,17TH AVN,,,,0.00,N,Not at Intersection,N,Non-Junction,None,,,         ,Ethan,Usherwood,Unknown,Unknown,no,no,no,no,yes,False
101127248,METROPOLITAN NASHVILLE POLICE DEPT,2016-0209081,Davidson,Nashville,3/3/2016 10:35:00 PM,2,0,0,36.080650,-86.805420,GRANNY WHITE PIKE,,,,0.00,,,TYNE BLVD,,,,0.00,Y,Four-Way,N,Intersection,None,,,         ,Thomas,Miller,Clear,Angle,no,no,no,no,no,False
101127273,METROPOLITAN NASHVILLE POLICE DEPT,20160209541,Davidson,Nashville,3/4/2016 2:00:00 AM,2,0,0,36.180210,-86.797680,NASSAU ST,,,,58.00,Feet,North,GARFIELD ST,,,,0.00,N,Not at Intersection,N,Non-Junction,None,,,         ,Raymond,Heymann,Clear,Front to Rear,no,no,no,no,yes,False
101127276,METROPOLITAN NASHVILLE POLICE DEPT,20160209665,Davidson,Nashville,3/4/2016 3:04:00 AM,1,0,0,36.168990,-86.766230,I 24,,,,0.00,,,,,,,48.75,N,Not at Intersection,N,Non-Junction,None,,,         ,Edward,Conrads,Cloudy,Not Collision with Motor Vehicle in Transport,no,no,no,no,no,False
101127286,METROPOLITAN NASHVILLE POLICE DEPT,20160209802,Davidson,Nashville,3/4/2016 4:27:00 AM,1,0,0,36.061850,-86.664800,UNA ANTIOCH PKE,,,,0.00,,,CHADFIELD WAY,,,,0.00,Y,T-Intersection, ,Non-Junction,None,,,         ,Justin,McCormick,Clear,Not Collision with Motor Vehicle in Transport,no,no,no,no,no,False
101127289,METROPOLITAN NASHVILLE POLICE DEPT,20160209574,Davidson,Nashville,3/4/2016 2:20:00 AM,2,1,0,0.000000,0.000000,I24 WEST,,,,1.00,Feet,West,I24 WEST,,,,56.60,N,Not at Intersection,N,Non-Junction,None,,,         ,Caleb,Jernigan,Clear,Angle,no,no,no,no,yes,False
101127292,METROPOLITAN NASHVILLE POLICE DEPT,20160209731,Davidson,Nashville,3/4/2016 12:00:00 AM,1,0,0,0.000000,0.000000,,,I40,,50.00,Feet,East,,,,,211.00,N,Not at Intersection,N,Non-Junction,None,,,         ,Justin,Chisholm,Clear,Not Collision with Motor Vehicle in Transport,no,no,no,no,yes,False
101127294,METROPOLITAN NASHVILLE POLICE DEPT,2016-0209041,Davidson,Nashville,3/3/2016 10:24:00 PM,2,0,0,36.158620,-86.782750,BROADWAY,,,,0.00,Feet,,9TH AVN,,,,0.00,Y,T-Intersection, ,Intersection-Related,None,,,         ,Andrew,Mullen,Clear,Front to Rear,no,no,no,no,no,False
101127302,METROPOLITAN NASHVILLE POLICE DEPT,20160209915,Davidson,Nashville,3/4/2016 5:34:00 AM,1,0,0,36.079590,-86.716290,WALLACE RD,,,,105.00,Feet,East,FOLEY DR,,,,0.00,N,Not at Intersection, ,Non-Junction,None,,,         ,Justin,McCormick,Clear,Not Collision with Motor Vehicle in Transport,no,no,no,yes,no,False
101127310,METROPOLITAN NASHVILLE POLICE DEPT,2016-0206293,Davidson,Not in City Limit,3/3/2016 6:46:00 AM,1,1,0,36.001280,-86.645930,OLD HICKORY BLVD,,,,2248.00,Feet,East,WHITTEMORE LN,,,,0.00,N,Not at Intersection,N,Non-Junction,None,,,         ,William,Whitworth,Cloudy,Not Collision with Motor Vehicle in Transport,no,no,no,no,no,False
101127311,METROPOLITAN NASHVILLE POLICE DEPT,2016-0206493,Davidson,Nashville,3/3/2016 8:13:00 AM,2,0,0,36.044950,-86.659730,BELL RD,,,,147.00,Feet,North,I24 E EXT RAMP,,,,0.00,N,Not at Intersection,Y,Non-Junction,None,,,         ,William,Whitworth,Rain,Angle,no,no,no,no,no,False
101127312,METROPOLITAN NASHVILLE POLICE DEPT,2016-0206958,Davidson,Nashville,3/3/2016 10:56:00 AM,2,1,0,36.048720,-86.665080,I 24,,,,0.00,,,,,,,59.00,N,Not at Intersection,N,Non-Junction,None,,,         ,William,Whitworth,Rain,Front to Rear,no,no,no,no,no,False
101127315,METROPOLITAN NASHVILLE POLICE DEPT,2016-0207169,Davidson,Nashville,3/3/2016 11:51:00 AM,2,0,0,36.046760,-86.673850,BLUE HOLE RD,,,,402.00,Feet,North,BELL RD,,,,0.00,N,Not at Intersection,N,Non-Junction,None,,,         ,William,Whitworth,Rain,Front to Rear,no,no,no,no,no,False
101127318,METROPOLITAN NASHVILLE POLICE DEPT,20160207305,Davidson,Nashville,3/3/2016 1:05:00 PM,1,1,0,36.043310,-86.781740,I 65,,,,0.00,,,,,,,74.90,N,Not at Intersection,N,Non-Junction,None,,,         ,Phillip,Murphy,Rain,Not Collision with Motor Vehicle in Transport,no,no,no,no,no,False
101127319,METROPOLITAN NASHVILLE POLICE DEPT,2016-0207360,Davidson,Not in City Limit,3/3/2016 1:32:00 PM,2,0,0,36.070310,-86.945370,TODD PREIS DR,,,,26.00,Feet,West,DORAL COUNTRY DR,,,,0.00,N,Not at Intersection, ,Non-Junction,None,,,         ,Curtis,Rich,Rain,Rear to Side,no,no,no,no,no,False
101127325,METROPOLITAN NASHVILLE POLICE DEPT,20160206703,Davidson,Nashville,3/3/2016 9:23:00 AM,2,1,0,36.074760,-86.773590,FRANKLIN PKE,,,,903.00,Feet,West,FARRELL RD,,,,0.00,N,Not at Intersection,N,Non-Junction,None,,,         ,Phillip,Murphy,Rain,Front to Rear,no,no,no,no,no,False
101127349,METROPOLITAN NASHVILLE POLICE DEPT,20160210117,Davidson,Madison,3/4/2016 7:25:00 AM,2,0,0,36.255010,-86.715230,MADISON BLVD,,,,0.00,,,GALLATIN PKES,,,,0.00,Y,T-Intersection, ,Intersection,None,,,         ,Brian,Otto,Cloudy,Angle,no,no,no,no,no,False
101127350,METROPOLITAN NASHVILLE POLICE DEPT,2016-0210102,Davidson,Nashville,3/4/2016 7:22:00 AM,3,0,0,36.053870,-86.898540,OLD HICKORY BLVD,,,,46.00,Feet,East,GAUCHO ROAD PVTDR,,,,0.00,N,Not at Intersection,N,Non-Junction,None,,,         ,Curtis,Rich,Cloudy,Front to Rear,no,no,no,no,no,False
101127352,METROPOLITAN NASHVILLE POLICE DEPT,20160210087,Davidson,Nashville,3/4/2016 7:07:00 AM,2,0,0,36.109690,-86.770070,I 65,,,,0.00,,,,,,,79.70,N,Not at Intersection, ,Non-Junction,None,,,         ,Nathan,Kemp,Clear,"Sideswipe, Same Direction",no,no,no,no,no,False
101127355,METROPOLITAN NASHVILLE POLICE DEPT,20160210137,Davidson,Nashville,3/4/2016 7:37:00 AM,2,0,0,36.169870,-86.797660,I 40,,,,0.00,,,,,,,208.00,N,Not at Intersection,N,Non-Junction,None,,,         ,Nathan,Kemp,Clear,"Sideswipe, Same Direction",no,no,no,no,yes,False
101127363,METROPOLITAN NASHVILLE POLICE DEPT,20160210080,Davidson,Nashville,3/4/2016 7:00:00 AM,1,0,0,36.200590,-86.720210,MARSDEN AV,,,,0.00,,,TAMMANY DR,,,,0.00,Y,T-Intersection, ,,None,,,         ,Alex,Moore,,,no,no,no,no,no,False
101127380,METROPOLITAN NASHVILLE POLICE DEPT,20160210053,Davidson,Nashville,3/4/2016 6:56:00 AM,2,0,0,36.202960,-86.776850,I 65,,,,0.00,,,,,,,87.10,N,Not at Intersection, ,Non-Junction,None,,,         ,Earnest,Fields,Clear,Front to Rear,no,no,no,no,yes,False
101127382,METROPOLITAN NASHVILLE POLICE DEPT,20160210176,Davidson,Nashville,3/4/2016 7:50:00 AM,2,1,0,36.110170,-86.720250,BRILEY PKWYS,,,,90.00,Feet,North,I24 W EXT RAMP,,,,0.00,N,Not at Intersection,N,Non-Junction,None,,,         ,David,Smith,Cloudy,Front to Rear,no,no,no,no,no,False
101127388,METROPOLITAN NASHVILLE POLICE DEPT,2016-0207276,Davidson,Nashville,3/3/2016 1:00:00 PM,1,1,0,36.183760,-86.747830,EASTLAND AV,,,,160.00,Feet,East,GALLATIN AV,,,,0.00,N,Not at Intersection,N,Non-Junction,None,,,         ,Andrew,Ivey,Rain,Not Collision with Motor Vehicle in Transport,yes,no,no,no,no,False
101127395,METROPOLITAN NASHVILLE POLICE DEPT,20160210206,Davidson,Nashville,3/4/2016 8:00:00 AM,3,2,0,36.147170,-86.743560,I 40,,,,0.00,,,,,,,212.00,N,Not at Intersection,N,Non-Junction,None,,,         ,James,Curtis,Cloudy,Front to Rear,no,no,no,no,no,False
101127398,METROPOLITAN NASHVILLE POLICE DEPT,20160210223,Davidson,Nashville,3/4/2016 8:11:00 AM,2,0,0,36.153980,-86.785800,12TH AVS,,,,159.00,Feet,North,LAUREL ST,,,,0.00,N,Not at Intersection, ,Non-Junction,None,,,         ,Myriah,Iles,Cloudy,"Sideswipe, Same Direction",no,no,no,no,no,False
101127400,METROPOLITAN NASHVILLE POLICE DEPT,20160203402,Davidson,Not in City Limit,3/2/2016 12:05:00 PM,2,0,0,36.260040,-86.738450,I 65,,,,0.00,,,,,,,91.95,N,Not at Intersection,N,Non-Junction,None,,,         ,Earnest,Fields,Clear,"Sideswipe, Same Direction",no,no,no,no,yes,False
101127404,METROPOLITAN NASHVILLE POLICE DEPT,2016-0202736,Davidson,Nashville,3/2/2016 8:04:00 AM,2,0,0,36.124910,-86.813040,I 440,,,,0.00,,,,,,,2.40,N,Not at Intersection,N,Non-Junction,None,,,         ,Allen,Bates,Cloudy,Front to Rear,no,no,no,no,yes,False
101127411,METROPOLITAN NASHVILLE POLICE DEPT,20160207381,Davidson,Nashville,3/3/2016 1:30:00 PM,2,0,0,36.211930,-86.691260,BRILEY PKWYN,,,,1734.00,Feet,South,MCGAVOCK PKE,,,,0.00,N,Not at Intersection, ,,None,,,         ,James,Curtis,,,no,no,no,no,no,False
101127417,METROPOLITAN NASHVILLE POLICE DEPT,20160210167,Davidson,Not in City Limit,3/4/2016 7:42:00 AM,2,0,0,36.267180,-86.683340,CHARTER VILLAGE APTS PVTDR,,,,422.00,Feet,North,RIO VISTA DR,,,,0.00,N,Not at Intersection, ,OtherLocation,None,,,         ,Jack,Crouch,Cloudy,Rear to Rear,no,no,no,yes,no,False
101127425,METROPOLITAN NASHVILLE POLICE DEPT,20160210078,Davidson,Antioch,3/4/2016 7:00:00 AM,2,0,0,0.000000,0.000000,OLD HICKORY,BLVD,SR171,,100.00,Feet,West,FIRESTONE,PKWY,,,0.00,N,Not at Intersection, ,Non-Junction,None,,,         ,Phouthasone,Phantakou,Cloudy,Front to Rear,no,no,no,no,no,False
101127433,METROPOLITAN NASHVILLE POLICE DEPT,20160199433,Davidson,Nashville,3/1/2016 8:45:00 AM,1,0,0,36.198940,-86.738660,DELMAS AV,,,,328.00,Feet,West,BRONTE AV,,,,0.00,N,Not at Intersection,N,Non-Junction,None,,,         ,Steven,Spillers,Clear,Not Collision with Motor Vehicle in Transport,no,no,no,no,yes,False
101127434,GOODLETTSVILLE POLICE DEPT,16-08138,Davidson,Goodlettsville,3/4/2016 6:20:00 AM,2,1,0,36.305081,-86.707353,,,I65,,0.00,,,,,,,96.00,N,Not at Intersection,Y,Non-Junction,None,,,         ,John,Spencer,Cloudy,Not Collision with Motor Vehicle in Transport,no,no,no,no,no,False
101127445,METROPOLITAN NASHVILLE POLICE DEPT,20160210182,Davidson,Not in City Limit,3/4/2016 6:38:00 AM,2,0,0,36.325450,-86.878980,I 24,,,,0.00,,,,,,,34.40,N,Not at Intersection, ,,None,,,         ,Rodney,Clark,,,no,no,no,no,no,False
101127447,METROPOLITAN NASHVILLE POLICE DEPT,2016210093,Davidson,Nashville,3/4/2016 7:05:00 AM,2,0,0,36.040010,-86.743470,OLD HICKORY BLVD,,,,0.00,,,EDMONDSON PKE,,,,0.00,Y,Five Point Or More, ,Non-Junction,None,,,         ,Cecilia,Gomez,Cloudy,Front to Rear,no,no,no,no,no,False
101127458,METROPOLITAN NASHVILLE POLICE DEPT,2016-0210641,Davidson,Nashville,3/4/2016 11:00:00 AM,2,0,0,36.152710,-86.828850,CHARLOTTE AV,,,,0.00,,,37TH AVN,,,,0.00,Y,T-Intersection, ,Intersection,None,,,         ,Curtis,Rich,Cloudy,Angle,no,no,no,no,no,False
101127467,METROPOLITAN NASHVILLE POLICE DEPT,20160199555,Davidson,Nashville,3/4/2016 10:58:00 AM,2,0,0,36.133270,-86.797150,18TH AVS,,,,0.00,,,,,,,0.00,,Not at Intersection, ,,None,,,         ,George,Ward,,,no,no,no,no,no,False
101127478,METROPOLITAN NASHVILLE POLICE DEPT,2016-0210314,Davidson,Nashville,3/4/2016 8:40:00 AM,2,1,0,36.154630,-86.779160,8TH AVS,,,,0.00,,,LAFAYETTE ST,,,,0.00,Y,Roundabout,N,Intersection-Related,None,,,         ,Amanda,Hane,Clear,Angle,no,no,no,no,no,False
101127481,METROPOLITAN NASHVILLE POLICE DEPT,20160210366,Davidson,Nashville,3/4/2016 9:07:00 AM,2,1,0,36.068780,-86.688710,I 24,,,,0.00,,,,,,,57.05,N,Not at Intersection,N,Non-Junction,None,,,         ,David,Simmonds,Clear,Front to Rear,no,no,no,no,no,False
101127482,METROPOLITAN NASHVILLE POLICE DEPT,20160210471,Davidson,Nashville,3/4/2016 9:41:00 AM,2,0,0,36.070750,-86.690470,I 24,,,,0.00,,,,,,,56.90,N,Not at Intersection, ,Non-Junction,None,,,         ,David,Simmonds,Clear,Front to Rear,no,no,no,no,no,False
101127485,METROPOLITAN NASHVILLE POLICE DEPT,20160210537,Davidson,Nashville,3/4/2016 10:29:00 AM,2,0,0,36.146660,-86.767800,4TH AVS,,,,51.00,Feet,North,MILDRED SHUTE AV,,,,0.00,N,Not at Intersection, ,Non-Junction,None,,,         ,Jessie,Meadows,Clear,"Sideswipe, Same Direction",no,no,no,no,no,False
101127489,METROPOLITAN NASHVILLE POLICE DEPT,20160203895,Davidson,Nashville,3/2/2016 2:55:00 PM,2,1,0,36.157160,-86.789590,GEORGE L DAVIS BLVD,,,,0.00,,,GRUNDY ST,,,,0.00,Y,T-Intersection,N,Intersection-Related,None,,,         ,Michael,Douglas,Clear,Front to Rear,no,no,no,no,no,False
101127490,METROPOLITAN NASHVILLE POLICE DEPT,2016-0210781,Davidson,Nashville,3/4/2016 11:48:00 AM,2,0,0,36.171700,-86.865310,CENTENNIAL BLVD,,,,141.00,Feet,East,BRILEY PKWY N ENT RAMP,,,,0.00,N,Not at Intersection, ,,None,,,         ,Walter,Gray II,,,no,no,no,yes,no,False
101127514,METROPOLITAN NASHVILLE POLICE DEPT,20160210033,Davidson,Nashville,3/4/2016 6:15:00 AM,2,0,0,36.142570,-86.709010,I 40,,,,0.00,,,,,,,214.25,N,Not at Intersection,N,Non-Junction,None,,,         ,Timothy,Mead,Cloudy,Front to Rear,no,no,no,no,no,False
101127517,METROPOLITAN NASHVILLE POLICE DEPT,2016210786,Davidson,Nashville,3/4/2016 10:56:00 AM,2,0,0,36.158370,-86.800400,DR D B TODD JR BLVD,,,,170.00,Feet,West,CHARLOTTE AV,,,,0.00,N,Not at Intersection, ,OtherLocation,None,,,         ,Ernie,Wilson,Cloudy,"Sideswipe, Same Direction",no,no,no,yes,yes,False
101127518,METROPOLITAN NASHVILLE POLICE DEPT,2016-0210894,Davidson,Nashville,3/4/2016 12:33:00 PM,2,0,0,36.107570,-86.820750,BEDFORD AV,,,,386.00,Feet,North,ABBOTT MARTIN RD,,,,0.00,N,Not at Intersection, ,Non-Junction,None,,,         ,Curtis,Rich,Cloudy,Other,no,no,no,no,no,False
101127524,METROPOLITAN NASHVILLE POLICE DEPT,20160210941,Davidson,Nashville,3/4/2016 12:45:00 PM,2,0,0,36.130320,-86.802030,BLAIR BLVD,,,,0.00,,,21ST AVS,,,,0.00,Y,Four-Way,N,Intersection,None,,,         ,Nathan,Kemp,Clear,Front to Rear,no,no,no,no,no,False
101127525,METROPOLITAN NASHVILLE POLICE DEPT,2016-0210417,Davidson,Nashville,3/4/2016 8:48:00 AM,2,0,0,36.142300,-86.742830,MURFREESBORO PKE,,,,0.00,,,POLK AV,,,,0.00,Y,T-Intersection, ,Intersection,None,,,         ,William,Whitworth,Cloudy,Angle,no,no,no,no,no,False
101127526,METROPOLITAN NASHVILLE POLICE DEPT,2016-0210634,Davidson,Nashville,3/4/2016 10:47:00 AM,1,0,0,36.136000,-86.727320,I24 E EXT RAMP,,,,0.00,Feet,East,I 24,,,,0.00,N,Not at Intersection,Y,Entrance/Exit Ramp Related,None,,,         ,William,Whitworth,Cloudy,Not Collision with Motor Vehicle in Transport,no,no,no,no,yes,False
101127530,BERRY HILL POLICE DEPT,16-0792,Davidson,Berry Hill,3/4/2016 12:00:00 PM,2,0,0,36.121100,-86.775360,FRANKLIN PKE,,,,100.00,Feet,South,KIRKWOOD AV,,,,0.00,N,Not at Intersection, ,Non-Junction,None,,,         ,Ray,Ferguson,Cloudy,Angle,no,no,no,no,no,False
101127541,METROPOLITAN NASHVILLE POLICE DEPT,20160208881,Davidson,Nashville,3/3/2016 9:36:00 PM,2,0,0,36.079890,-86.627010,RURAL HILL RD,,,,446.00,Feet,East,PRIEST LAKE DR,,,,0.00,N,Not at Intersection,N,Non-Junction,None,,,         ,Michael,Apsey,Cloudy,Front to Rear,no,no,no,no,no,False
101127555,METROPOLITAN NASHVILLE POLICE DEPT,20160204412,Davidson,Nashville,3/2/2016 5:20:00 PM,2,0,0,36.141670,-86.713630,I 40,,,,0.00,,,,,,,214.00,N,Not at Intersection, ,Non-Junction,None,,,         ,Brian,Smith,Clear,Front to Rear,no,no,no,no,no,False
101127574,METROPOLITAN NASHVILLE POLICE DEPT,20160210971,Davidson,Nashville,3/4/2016 1:00:00 PM,3,2,0,36.129550,-86.802440,21ST AVS,,,,90.00,Feet,North,ASHWOOD AV,,,,0.00,N,Not at Intersection,N,Non-Junction,None,,,         ,Edin,Plancic,Cloudy,Front to Rear,no,no,no,no,no,False
101127575,METROPOLITAN NASHVILLE POLICE DEPT,20160186837,Davidson,Nashville,2/26/2016 7:30:00 AM,3,1,0,36.118330,-86.700990,BRILEY PKWY S ENT RAMP,,,,0.00,,,BRILEY PKWYS,,,,0.00,Y,OTHER,Y,Entrance/Exit Ramp Related,None,,,         ,Terry,Denton,Clear,Front to Rear,no,no,no,no,no,False
101127576,METROPOLITAN NASHVILLE POLICE DEPT,20160211017,Davidson,Nashville,3/4/2016 1:14:00 PM,2,0,0,36.146540,-86.743800,FESSLERS LN,,,,67.00,Feet,South,RUNDLE AV,,,,0.00,N,Not at Intersection, ,,None,,,         ,James,Curtis,,,no,no,no,no,no,False
101127584,METROPOLITAN NASHVILLE POLICE DEPT,20160211146,Davidson,Nashville,3/4/2016 1:39:00 PM,2,0,0,36.195450,-86.776150,I 65,,,,0.00,,,,,,,86.55,N,Not at Intersection, ,Non-Junction,None,,,         ,Michael,McCord,Cloudy,Front to Rear,no,no,no,no,no,False
101127589,Nashville Airport Police,2016-00517,Davidson,Nashville,3/2/2016 3:55:00 PM,2,0,0,0.000000,0.000000,TERMINAL,DR,,,200.00,Feet,North,SATELLITTE,WAY,,,0.00,N,Not at Intersection, ,Non-Junction,None,,,         ,Nathan,Holt,Clear,"Sideswipe, Same Direction",no,no,no,no,no,False
101127592,METROPOLITAN NASHVILLE POLICE DEPT,20160204653,Davidson,Goodlettsville,3/2/2016 7:22:00 PM,2,0,0,36.300930,-86.694550,GALLATIN PKEN,,,,98.00,Feet,East,SHEPHERD HILLS DR,,,,0.00,N,Not at Intersection, ,"Driveway, Alley Access, etc",None,,,         ,Carlos,Urrutia,Clear,"Sideswipe, Same Direction",no,no,no,no,no,False
101127593,METROPOLITAN NASHVILLE POLICE DEPT,20160204716,Davidson,Madison,3/2/2016 6:06:00 PM,2,0,0,36.281280,-86.707930,GALLATIN PKEN,,,,75.00,Feet,South,MCKINLEY ST,,,,0.00,N,Not at Intersection, ,Non-Junction,Construction Zone,,,         ,Carlos,Urrutia,Cloudy,"Sideswipe, Same Direction",no,no,no,no,no,False
101127644,METROPOLITAN NASHVILLE POLICE DEPT,20160207883,Davidson,Not in City Limit,3/3/2016 4:35:00 PM,3,0,0,36.265050,-86.737440,I 65,,,,0.00,,,,,,,92.30,N,Not at Intersection,N,Non-Junction,None,,,         ,Carlos,Urrutia,Rain,Front to Rear,no,no,no,no,no,False
101127658,METROPOLITAN NASHVILLE POLICE DEPT,20160211453,Davidson,Nashville,3/4/2016 3:39:00 PM,2,1,0,36.151180,-86.691820,ELM HILL PKE,,,,0.00,,,BRILEY PKWY S EXT RAMP,,,,0.00,Y,T-Intersection,N,Non-Junction,None,,,         ,Wesley,Young,Clear,Front to Rear,no,no,no,no,no,False
101127668,METROPOLITAN NASHVILLE POLICE DEPT,2016-0211413,Davidson,Nashville,3/4/2016 3:28:00 PM,2,2,0,36.129530,-86.816790,I 440,,,,0.00,,,,,,,2.00,N,Not at Intersection,N,Non-Junction,None,,,         ,Walter,Gray II,Cloudy,Front to Rear,no,no,no,no,no,False