master_record_number,agency,agency_tracking_number,county,city,collision_date,vehicles_involved,number_injured,number_dead,latitude,longitude,roadway_name,roadway_suffix,roadway_number,roadway_local_id,distance_from_reference,miles-feet_indicator,direction_from_reference,intersection_road_name,intersection_road_name_suffix,intersection_road_number,intersection_local_id,mile_marker,intersection_indicator,intersect_type,interchange_related_indicator,relation_to_junction,work_zone_type,construction_maintenance_zone,construction_maintenance_zone_location,fatal_case_number,officer_first_name,officer_last_name,weather_condition(s),manner_of_crash,pedestrian,bicycle,scooter,parking,hitrun,mou
101128191,METROPOLITAN NASHVILLE POLICE DEPT,20160214055,Davidson,Nashville,3/5/2016 9:55:00 AM,2,1,0,36.055030,-86.641480,ZELIDA AV,,,,0.00,,,HICKORY CLUB DR,,,,0.00,Y,T-Intersection,N,Intersection,None,,,         ,Jason,Dudley,Clear,Front to Rear,no,no,no,no,no,False
101128195,METROPOLITAN NASHVILLE POLICE DEPT,20160214312,Davidson,Nashville,3/5/2016 1:35:00 PM,1,1,0,36.169520,-86.602540,I40 E EXT RAMP,,,,0.00,,,I 40,,,,0.00,Y,Four-Way,N,Non-Junction,None,,,         ,MIchael,Mihajlov,Clear,Not Collision with Motor Vehicle in Transport,no,no,no,no,no,False
101128201,METROPOLITAN NASHVILLE POLICE DEPT,20160214325,Davidson,Nashville,3/5/2016 1:30:00 PM,3,5,0,36.200120,-86.620790,OLD HICKORY BLVD,,,,162.00,Feet,South,PLANTATION DR,,,,0.00,N,Not at Intersection,N,Non-Junction,None,,,         ,Gregory,Lindstrom,Clear,Front to Rear,no,no,no,no,no,False
101128212,METROPOLITAN NASHVILLE POLICE DEPT,20160214425,Davidson,Nashville,3/5/2016 2:37:00 PM,2,0,0,36.199490,-86.620590,LEBANON PKE WB EXT RAMP,,,,0.00,,,OLD HICKORY BLVD,,,,0.00,Y,Four-Way, ,Intersection-Related,None,,,         ,Tyler,Conrads,Clear,Angle,no,no,no,no,no,False
101128214,METROPOLITAN NASHVILLE POLICE DEPT,2016-0214399,Davidson,Nashville,3/5/2016 2:47:00 PM,2,0,0,36.113400,-86.804100,WOODMONT BLVD,,,,162.00,Feet,East,STOKESMONT RD,,,,0.00,N,Not at Intersection,N,Non-Junction,None,,,         ,Austin,Kendrick,Clear,Front to Rear,no,no,no,no,no,False
101128215,METROPOLITAN NASHVILLE POLICE DEPT,20160214395,Davidson,Nashville,3/5/2016 2:20:00 PM,2,0,0,36.109610,-86.728920,THOMPSON LN,,,,265.00,Feet,West,BRILEY PKWYN,,,,0.00,N,Not at Intersection, ,Non-Junction,None,,,         ,Jarret,Sonnenberg,Clear,Front to Rear,no,no,no,no,no,False
101128231,METROPOLITAN NASHVILLE POLICE DEPT,20160214478,Davidson,Nashville,3/5/2016 3:32:00 PM,2,0,0,36.130230,-86.900150,CHARLOTTE PKE,,,,64.00,Feet,West,I40 W EXT RAMP,,,,0.00,N,Not at Intersection, ,Entrance/Exit Ramp Related,None,,,         ,Benjamin,Spees,Clear,Front to Rear,no,no,no,no,no,False
101128240,METROPOLITAN NASHVILLE POLICE DEPT,20160214499,Davidson,Nashville,3/5/2016 2:25:00 PM,2,0,0,36.182110,-86.812030,DR D B TODD JR BLVD,,,,0.00,,,SEIFRIED ST,,,,0.00,Y,T-Intersection,Y,Intersection-Related,None,,,         ,Kevin,Reynolds,Clear,HeadOn,no,no,no,no,yes,False
101128250,METROPOLITAN NASHVILLE POLICE DEPT,20160214414,Davidson,Nashville,3/5/2016 3:00:00 PM,2,1,0,36.206670,-86.778430,W TRINITY LN,,,,0.00,,,HAMPTON ST,,,,0.00,Y,T-Intersection,N,Intersection-Related,None,,,         ,Christopher,Templin,Clear,Angle,no,no,no,no,no,False
101128253,METROPOLITAN NASHVILLE POLICE DEPT,20160214501,Davidson,Nashville,3/5/2016 3:30:00 PM,1,1,0,36.030910,-86.640140,OLD FRANKLIN RD,,,,0.51,Miles,East,CANE RIDGE RD,,,,0.00,N,Not at Intersection,N,Non-Junction,None,,,         ,Jeffrey,Livingston,Clear,Not Collision with Motor Vehicle in Transport,no,no,no,no,no,False
101128254,METROPOLITAN NASHVILLE POLICE DEPT,20160214409,Davidson,Nashville,3/4/2016 8:00:00 PM,2,0,0,36.179560,-86.737120,AVONDALE DR,,,,61.00,Feet,North,ORDWAY PL,,,,0.00,N,Not at Intersection,N,Non-Junction,None,,,         ,Nicholas,Diamond,Clear,Not Collision with Motor Vehicle in Transport,no,no,no,no,yes,False
101128257,METROPOLITAN NASHVILLE POLICE DEPT,20160211449,Davidson,Nashville,3/5/2016 3:30:00 PM,1,1,0,36.110560,-86.722130,I 24,,,,0.00,,,,,,,53.65,N,Not at Intersection,N,Non-Junction,None,,,         ,John,Joyce,Clear,Not Collision with Motor Vehicle in Transport,no,no,no,no,no,False
101128259,METROPOLITAN NASHVILLE POLICE DEPT,20160214484,Davidson,Not in City Limit,3/5/2016 3:09:00 PM,3,0,0,36.010140,-86.702050,NOLENSVILLE PKE,,,,259.00,Feet,North,BLUFF RD,,,,0.00,N,Not at Intersection,N,Non-Junction,None,,,         ,Jacob,Masteller,Clear,Front to Rear,no,no,no,no,no,False
101128263,METROPOLITAN NASHVILLE POLICE DEPT,20160214415,Davidson,Nashville,3/5/2016 2:59:00 PM,3,1,0,36.124290,-86.696340,VULTEE BLVD,,,,0.00,Feet,,BRILEY PKWY,,,,0.00,Y,Four-Way,N,Intersection,None,,,         ,Jaby,Djabbarov,Clear,Angle,no,no,no,no,no,False
101128265,METROPOLITAN NASHVILLE POLICE DEPT,20160214371,Davidson,Nashville,3/5/2016 2:21:00 PM,2,2,0,36.078020,-86.634230,BELL RD,,,,0.00,,,,,,,0.00,,,N,Entrance/Exit Ramp Related,None,,,         ,Brian,Smith,Clear,HeadOn,no,no,no,no,no,False
101128267,METROPOLITAN NASHVILLE POLICE DEPT,20160214567,Davidson,Nashville,3/5/2016 4:12:00 PM,2,0,0,36.251120,-86.718230,BRINK HAVEN AV,,,,0.00,,,GALLATIN PKES,,,,0.00,Y,OTHER,N,Non-Junction,None,,,         ,George,Oden,Clear,Angle,no,no,no,no,no,False
101128277,METROPOLITAN NASHVILLE POLICE DEPT,20160214569,Davidson,Nashville,3/5/2016 4:10:00 PM,2,0,0,36.255010,-86.715230,MADISON BLVD,,,,0.00,,,GALLATIN PKES,,,,0.00,Y,OTHER,N,Non-Junction,None,,,         ,William,Crowe,Clear,Angle,no,no,no,no,no,False
101128292,METROPOLITAN NASHVILLE POLICE DEPT,20160214703,Davidson,Nashville,3/5/2016 5:00:00 PM,2,0,0,36.146530,-86.812500,POSTON AV,,,,0.00,,,,,,,0.00,,,N,Non-Junction,None,,,         ,Eric,Burford,Clear,Angle,no,no,no,yes,yes,Campus
101128298,Nashville Airport Police,2016-00534,Davidson,Nashville,3/4/2016 4:22:00 PM,2,0,0,36.133410,-86.665080,BNA DR,,,,0.00,,,TERMINAL DR,,,,0.00,Y,OTHER,N,Non-Junction,None,,,         ,Nathan,Holt,Clear,Rear to Rear,no,no,no,yes,yes,False
101128299,METROPOLITAN NASHVILLE POLICE DEPT,20160214603,Davidson,Nashville,3/5/2016 4:35:00 PM,1,1,0,36.080360,-86.712650,RICHBRIAR RD,,,,165.00,Feet,West,RICHBRIAR CT,,,,0.00,N,Not at Intersection,N,Non-Junction,None,,,         ,Richard,Olive,Clear,Not Collision with Motor Vehicle in Transport,yes,no,no,yes,no,False
101128303,METROPOLITAN NASHVILLE POLICE DEPT,2016-0214768,Davidson,Nashville,3/5/2016 6:00:00 PM,2,0,0,36.116710,-86.923250,OLD HICKORY BLVD,,,,0.00,,,CHARLOTTE PKE,,,,0.00,Y,Four-Way, ,,None,,,         ,Michael,Rogers,,,no,no,no,no,no,False
101128305,METROPOLITAN NASHVILLE POLICE DEPT,20160214836,Davidson,Nashville,3/5/2016 6:32:00 PM,2,0,0,36.192680,-86.615490,HERMITAGE MARKETPLACE PVTDR,,,,0.00,,,OLD HICKORY BLVD,,,,0.00,Y,OTHER,N,OtherLocation,None,,,         ,Tyler,Conrads,Clear,Front to Rear,no,no,no,yes,yes,False
101128319,METROPOLITAN NASHVILLE POLICE DEPT,20160211707,Davidson,Nashville,3/4/2016 5:01:00 PM,2,0,0,36.133680,-86.890660,CHARLOTTE PKE,,,,147.00,Feet,West,OLD CHARLOTTE PKE,,,,0.00,N,Not at Intersection, ,OtherLocation,None,,,         ,Ryan,Allen,Clear,"Sideswipe, Same Direction",no,no,no,no,no,False
101128337,METROPOLITAN NASHVILLE POLICE DEPT,20160214761,Davidson,Nashville,3/5/2016 6:00:00 PM,2,0,0,36.082100,-86.758280,TROUSDALE DR,,,,364.00,Feet,North,HARDING PL,,,,0.00,N,Not at Intersection,N,Non-Junction,None,,,         ,Jacob,Masteller,Clear,Angle,no,no,no,no,no,False
101128342,METROPOLITAN NASHVILLE POLICE DEPT,20160214930,Davidson,Nashville,3/5/2016 6:58:00 PM,2,0,0,36.208430,-86.767270,QUEEN AV,,,,0.00,,,DICKERSON PKE,,,,0.00,Y,T-Intersection,N,Intersection,None,,,         ,Christopher,Valdez,Clear,Angle,no,no,no,no,no,False
101128367,METROPOLITAN NASHVILLE POLICE DEPT,20160214772,Davidson,Nashville,3/5/2016 6:05:00 PM,2,0,0,36.217790,-86.745570,HART LN,,,,92.00,Feet,East,ELLINGTON PKWY N ENT RAMP,,,,0.00,N,Not at Intersection,N,Non-Junction,None,,,         ,Audrean,Manquero,Clear,"Sideswipe, Same Direction",no,no,no,no,no,False
101128369,METROPOLITAN NASHVILLE POLICE DEPT,20160214993,Davidson,Nashville,3/5/2016 7:38:00 PM,2,0,0,36.048990,-86.716280,HICKORY PLZ,,,,0.00,,,HICKORYVIEW DR,,,,0.00,Y,Four-Way,N,Intersection,None,,,         ,Nicholas,Berens,Clear,Angle,no,no,no,no,no,False
101128381,METROPOLITAN NASHVILLE POLICE DEPT,20160215157,Davidson,Not in City Limit,3/5/2016 8:00:00 PM,1,0,0,36.264060,-86.704380,BURWOOD AV,,,,21.00,Feet,East,DELAWARE AV,,,,0.00,N,Not at Intersection, ,Non-Junction,None,,,         ,Jerry,Pirtle,Cloudy,Not Collision with Motor Vehicle in Transport,no,no,no,no,no,False
101128396,METROPOLITAN NASHVILLE POLICE DEPT,20160214884,Davidson,Nashville,3/5/2016 6:45:00 PM,2,0,0,36.152990,-86.765420,I 40,,,,0.00,,,,,,,210.65,N,Not at Intersection,N,Non-Junction,None,,,         ,Michael,Baron,Clear,Front to Rear,no,no,no,no,no,False
101128400,METROPOLITAN NASHVILLE POLICE DEPT,20160215324,Davidson,Nashville,3/5/2016 9:28:00 PM,1,0,0,36.128510,-86.727140,I 440,,,,0.00,,,,,,,7.60,N,Not at Intersection,N,Non-Junction,None,,,         ,Jarret,Sonnenberg,Clear,Unknown,no,no,no,no,yes,False
101128408,METROPOLITAN NASHVILLE POLICE DEPT,20160215433,Davidson,Nashville,3/5/2016 10:16:00 PM,1,1,0,36.155890,-86.628780,I 40,,,,0.00,,,,,,,219.00,N,Not at Intersection,N,Non-Junction,None,,,         ,Tyler,Conrads,Clear,Not Collision with Motor Vehicle in Transport,no,no,no,no,no,False
101128413,METROPOLITAN NASHVILLE POLICE DEPT,20160215259,Davidson,Nashville,3/5/2016 9:09:00 PM,2,0,0,36.157380,-86.759810,I 24,,,,0.00,,,,,,,49.65,N,Not at Intersection,N,Non-Junction,None,,,         ,James,Smith,Cloudy,"Sideswipe, Same Direction",no,no,no,no,yes,False
101128414,METROPOLITAN NASHVILLE POLICE DEPT,20160215352,Davidson,Nashville,3/5/2016 9:36:00 PM,3,1,0,36.168700,-86.755490,S 8TH ST,,,,47.00,Feet,South,SYLVAN ST,,,,0.00,N,Not at Intersection,N,Non-Junction,None,,,         ,James,Smith,Cloudy,Front to Rear,no,no,no,no,no,False
101128416,METROPOLITAN NASHVILLE POLICE DEPT,20160215408,Davidson,Nashville,3/5/2016 4:56:00 PM,2,0,0,36.063090,-86.630320,HAMILTON CHURCH RD,,,,211.00,Feet,North,HAMILTON CROSSINGS,,,,0.00,N,Not at Intersection, ,Non-Junction,None,,,         ,Charles,Ward,Clear,"Sideswipe, Same Direction",no,no,no,yes,yes,False
101128434,METROPOLITAN NASHVILLE POLICE DEPT,20160215479,Davidson,Nashville,3/5/2016 10:42:00 PM,1,0,0,36.090160,-86.625850,SMITH SPRINGS RD,,,,202.00,Feet,East,BELL RD,,,,0.00,N,Not at Intersection,N,Non-Junction,None,,,         ,Bridget,Griepentrog,Clear,Not Collision with Motor Vehicle in Transport,no,no,no,no,no,False
101128439,METROPOLITAN NASHVILLE POLICE DEPT,20160215604,Davidson,Nashville,3/5/2016 11:45:00 PM,1,0,0,36.166810,-86.857700,CENTENNIAL BLVD,,,,269.00,Feet,North,OHIO AV,,,,0.00,N,Not at Intersection, ,Non-Junction,None,,,         ,Jeffrey,Barfield,Clear,Not Collision with Motor Vehicle in Transport,no,no,no,no,no,False
101128440,METROPOLITAN NASHVILLE POLICE DEPT,20160215530,Davidson,Nashville,3/5/2016 10:37:00 PM,1,1,0,36.155350,-86.856170,HITE ST,,,,139.00,Feet,North,WINN AV,,,,0.00,N,Not at Intersection,N,Non-Junction,None,,,         ,Steven,Popp,Clear,Not Collision with Motor Vehicle in Transport,no,no,no,no,no,False
101128452,METROPOLITAN NASHVILLE POLICE DEPT,20160215562,Davidson,Antioch,3/5/2016 8:03:00 PM,1,0,0,36.055290,-86.598830,LAKEWALK,DR,,,0.00,,,HOBSON,PIKE,,,0.00,Y,T-Intersection,N,Intersection-Related,None,,,         ,Blaze,Williams,Clear,Not Collision with Motor Vehicle in Transport,no,no,no,no,yes,False
101128453,METROPOLITAN NASHVILLE POLICE DEPT,20160215480,Davidson,Nashville,3/5/2016 10:42:00 PM,1,1,0,36.164740,-86.818500,I40 E ENT RAMP,,,,0.00,Feet,East,I 40,,,,0.00,N,Not at Intersection,N,Non-Junction,None,,,         ,Benjamin,Cole,Cloudy,Not Collision with Motor Vehicle in Transport,no,no,no,no,no,False
101128454,METROPOLITAN NASHVILLE POLICE DEPT,20160215471,Davidson,Nashville,3/5/2016 10:40:00 PM,2,2,0,36.123950,-86.747480,I 440,,,,0.00,,,,,,,6.50,N,Not at Intersection,N,Non-Junction,None,,,         ,Ethan,Luffman,Clear,Front to Rear,no,no,no,no,no,False
101128455,METROPOLITAN NASHVILLE POLICE DEPT,20160213483,Davidson,Nashville,3/5/2016 3:20:00 AM,7,1,0,36.078620,-86.661060,PICCADILLY ROW,,,,629.00,Feet,West,BISHOPSGATE RD,,,,0.00,N,Not at Intersection,N,Non-Junction,None,,,         ,William,Coy,Fog,Not Collision with Motor Vehicle in Transport,no,no,no,no,no,False
101128462,METROPOLITAN NASHVILLE POLICE DEPT,20160215631,Davidson,Nashville,3/6/2016 12:04:00 AM,2,0,0,36.151220,-86.768630,I40 E EXT RAMP,,,,0.00,Feet,East,I 40,,,,0.00,N,Not at Intersection, ,Entrance/Exit Ramp Related,None,,,         ,Leonard,Spadavecchia,Clear,"Sideswipe, Same Direction",no,no,no,no,no,False
101128463,METROPOLITAN NASHVILLE POLICE DEPT,20160215493,Davidson,Nashville,3/5/2016 11:00:00 PM,2,0,0,36.164230,-86.777730,CHURCH ST,,,,0.00,,,3RD AVN,,,,0.00,Y,Four-Way, ,Intersection-Related,None,,,         ,Melvin,Foster,Clear,"Sideswipe, Same Direction",no,no,no,no,no,False
101128466,METROPOLITAN NASHVILLE POLICE DEPT,20160215694,Davidson,Nashville,3/6/2016 12:35:00 AM,3,4,0,36.073240,-86.693090,EZELL RD,,,,0.00,,,LINBAR DR,,,,0.00,Y,Four-Way,N,Intersection,None,,,         ,Benjamin,Smith,Clear,HeadOn,no,no,no,no,no,False
101128516,METROPOLITAN NASHVILLE POLICE DEPT,2016-0212862,Davidson,Nashville,3/4/2016 10:48:00 PM,2,0,0,36.172620,-86.765210,S 5TH ST,,,,90.00,Feet,South,SPRING ST,,,,0.00,N,Not at Intersection, ,Non-Junction,None,,,         ,Wallis,Massey,Clear,Angle,no,no,no,no,no,False
101128522,METROPOLITAN NASHVILLE POLICE DEPT,20160215997,Davidson,Nashville,3/6/2016 3:10:00 AM,2,0,0,36.159900,-86.773860,DEMONBREUN ST,,,,0.00,,,2ND AVS,,,,0.00,Y,Four-Way, ,Intersection,Construction Zone,,,         ,John,Anderson,Clear,Angle,no,no,no,no,no,False
101128523,METROPOLITAN NASHVILLE POLICE DEPT,20160215470,Davidson,Nashville,3/5/2016 10:37:00 PM,3,2,0,36.089590,-86.688520,HARDING PL,,,,0.00,,,EZELL PKE,,,,0.00,Y,Four-Way,N,Intersection-Related,None,,,         ,Caleb,Jernigan,Clear,Front to Rear,no,no,no,no,no,False
101128524,METROPOLITAN NASHVILLE POLICE DEPT,20160216004,Davidson,Nashville,3/6/2016 12:00:00 AM,2,0,0,36.154440,-86.760360,I 40,,,,0.00,,,,,,,211.00,N,Not at Intersection,N,Non-Junction,None,,,         ,Austin,Childress,Clear,"Sideswipe, Same Direction",no,no,no,no,yes,False
101128526,METROPOLITAN NASHVILLE POLICE DEPT,20160215589,Davidson,Nashville,3/5/2016 11:11:00 PM,2,0,0,36.161860,-86.779330,OPRY PL,,,,10.00,Feet,West,5TH AVN,,,,0.00,N,Not at Intersection, ,,None,,,         ,Christopher,Hanor,,,no,no,no,no,no,False
101128527,METROPOLITAN NASHVILLE POLICE DEPT,20160213563,Davidson,Nashville,3/6/2016 4:15:00 AM,2,0,0,36.154840,-86.786360,12TH AVS,,,,99.00,Feet,North,DEMONBREUN ST,,,,0.00,N,Not at Intersection,N,"Driveway, Alley Access, etc",None,,,         ,Christopher,Hanor,Clear,Angle,no,no,no,no,yes,False
101128532,METROPOLITAN NASHVILLE POLICE DEPT,20160215721,Davidson,Nashville,3/6/2016 12:48:00 AM,2,0,0,36.169800,-86.770180,WOODLAND ST,,,,250.00,Feet,East,S 2ND ST,,,,0.00,N,Not at Intersection, ,Non-Junction,None,,,         ,Austin,Bass,Clear,Angle,no,no,no,no,no,False
101128545,METROPOLITAN NASHVILLE POLICE DEPT,20160215854,Davidson,Nashville,3/6/2016 2:22:00 AM,2,0,0,36.192730,-86.776270,I 24,,,,0.00,,,,,,,46.70,N,Not at Intersection, ,Unknown,None,,,         ,Harris,Smith,Clear,"Sideswipe, Same Direction",no,no,no,no,no,False
101128549,METROPOLITAN NASHVILLE POLICE DEPT,20160216211,Davidson,Nashville,3/6/2016 5:50:00 AM,1,0,0,36.154430,-86.760140,I 40,,,,0.00,,,,,,,211.00,N,Not at Intersection, ,,None,,,         ,Bo,Branum,,,no,no,no,no,no,False
101128555,METROPOLITAN NASHVILLE POLICE DEPT,20160216052,Davidson,Nashville,3/6/2016 4:08:00 AM,1,0,0,36.188680,-86.589260,OLD LEBANON DIRT RD,,,,0.00,,,RACHAELS SPRING RD,,,,0.00,Y,T-Intersection, ,Unknown,None,,,         ,Blake,Giles,Clear,Unknown,no,no,no,no,no,False
101128567,METROPOLITAN NASHVILLE POLICE DEPT,2016-0214375,Davidson,Nashville,3/6/2016 12:00:00 AM,2,0,0,36.189410,-86.630460,HICKORY HILL LN,,,,547.00,Feet,North,LEBANON PKE,,,,0.00,N,Not at Intersection, ,Non-Junction,None,,,         ,Michael,Dance,Clear,Angle,no,no,no,no,no,False
101128598,METROPOLITAN NASHVILLE POLICE DEPT,20160214309,Davidson,Nashville,3/5/2016 1:34:00 PM,2,2,0,0.000000,0.000000,HAYWOOD,LN,,HAYWOOD LANE,150.00,Feet,East,APACHE,TRL,SR,APACHE TRAIL,0.00,N,Not at Intersection,N,Non-Junction,None,,,         ,Thomas,White,Clear,Angle,no,no,no,no,no,False
101128599,METROPOLITAN NASHVILLE POLICE DEPT,20160216215,Davidson,Nashville,3/6/2016 6:02:00 AM,1,1,0,0.000000,0.000000,HARDING,PL,SR361,,150.00,Feet,West,TRAVELERS INN,RD,SR,,0.00,N,Not at Intersection,N,Non-Junction,None,,,         ,Thomas,White,Clear,Not Collision with Motor Vehicle in Transport,no,no,no,no,no,False
101128610,GOODLETTSVILLE POLICE DEPT,16-08334,Davidson,Goodlettsville,3/5/2016 9:35:00 AM,2,1,0,36.300730,-86.700950,RIVERGATE PKWY,,,,0.00,,,RIVERGATE MALL PVTDR,,,,0.00,Y,Four-Way,N,Intersection,None,,,         ,John,Spencer,Clear,HeadOn,no,no,no,no,no,False
101128613,METROPOLITAN NASHVILLE POLICE DEPT,20160214339,Davidson,Nashville,3/5/2016 1:56:00 PM,5,3,0,36.132070,-86.895230,US HWY 70,,,,0.00,,,-- UNKNOWN RAMP/ROAD --,,,,0.00,Y,Four-Way,N,Non-Junction,None,,,         ,Christopher,Taylor,Clear,Front to Rear,no,no,no,no,no,False
101128621,METROPOLITAN NASHVILLE POLICE DEPT,20160214252,Davidson,Nashville,3/5/2016 12:26:00 PM,2,0,0,36.230160,-86.763500,EWING DR,,,,581.00,Feet,South,RICH ACRES DR,,,,0.00,N,Not at Intersection, ,Non-Junction,None,,,         ,Richard,Conger,Clear,Angle,no,no,no,no,no,False
101128649,METROPOLITAN NASHVILLE POLICE DEPT,2016-0216554,Davidson,Nashville,3/6/2016 12:00:00 AM,2,0,0,36.145150,-86.877110,COUGAR DR,,,,400.00,Feet,East,PREMIER DR,,,,0.00,N,Not at Intersection,N,Non-Junction,None,,,         ,Benjamin,Cantrell,Cloudy,"Sideswipe, Same Direction",no,no,no,no,yes,False
101128656,METROPOLITAN NASHVILLE POLICE DEPT,20160216443,Davidson,Nashville,3/6/2016 12:00:00 AM,3,0,0,36.141180,-86.785700,11TH AVS,,,,415.00,Feet,South,EDGEHILL AV,,,,0.00,N,Not at Intersection,N,Non-Junction,None,,,         ,Johnny,Crumby Jr.,Clear,"Sideswipe, Opposite Direction",no,no,no,no,yes,False
101128664,METROPOLITAN NASHVILLE POLICE DEPT,20160216568,Davidson,Nashville,3/6/2016 10:05:00 AM,2,0,0,36.152830,-86.779330,8TH AVS,,,,21.00,Feet,North,DREXEL ST,,,,0.00,N,Not at Intersection, ,Non-Junction,None,,,         ,Myriah,Iles,Clear,Front to Rear,no,no,no,no,yes,False
101128673,METROPOLITAN NASHVILLE POLICE DEPT,20160216520,Davidson,Nashville,3/6/2016 9:40:00 AM,1,1,0,36.027370,-86.634850,I 24,,,,0.00,,,,,,,61.25,N,Not at Intersection,N,Non-Junction,None,,,         ,Steven,Snitzer,Clear,Not Collision with Motor Vehicle in Transport,no,no,no,no,no,False
101128682,METROPOLITAN NASHVILLE POLICE DEPT,20160216639,Davidson,Nashville,3/6/2016 10:55:00 AM,2,0,0,36.160740,-86.789470,11TH AVN,,,,36.00,Feet,South,ELEVEN NORTH APTS PVTDR,,,,0.00,N,Not at Intersection,N,Non-Junction,None,,,         ,Clint,Gilleland,Clear,Angle,no,no,no,no,no,False
101128683,METROPOLITAN NASHVILLE POLICE DEPT,20160214310,Davidson,Nashville,3/5/2016 12:45:00 PM,2,0,0,36.179280,-86.773760,I 24,,,,0.00,,,,,,,47.75,N,Not at Intersection, ,Non-Junction,None,,,         ,Casey,Tomes,Clear,Front to Rear,no,no,no,no,no,False
101128686,METROPOLITAN NASHVILLE POLICE DEPT,20160216696,Davidson,Nashville,3/6/2016 12:00:00 AM,2,0,0,36.147400,-86.744200,I 40,,,,0.00,,,,,,,212.00,N,Not at Intersection,N,Non-Junction,None,,,         ,Michael,Dance,Clear,"Sideswipe, Same Direction",no,no,no,no,yes,False
101128696,BERRY HILL POLICE DEPT,16-0767,Davidson,Nashville,3/2/2016 12:00:00 AM,1,0,0,36.127000,-86.778790,ELLIOTT AV,,,,122.00,Feet,North,HILLVIEW HTS,,,,0.00,N,Not at Intersection,N,Non-Junction,None,,,         ,John,Gleixner,Clear,Not Collision with Motor Vehicle in Transport,no,no,no,no,yes,False
101128699,METROPOLITAN NASHVILLE POLICE DEPT,20160216539,Davidson,Nashville,3/6/2016 9:44:00 AM,1,0,0,36.122890,-86.773190,I 65,,,,0.00,,,,,,,80.55,N,Not at Intersection,N,Non-Junction,None,,,         ,Ronald,Raynore,Clear,Not Collision with Motor Vehicle in Transport,no,no,no,no,no,False
101128703,METROPOLITAN NASHVILLE POLICE DEPT,20160216633,Davidson,Nashville,3/6/2016 10:45:00 AM,2,0,0,36.231110,-86.771450,CREEKWOOD DR,,,,295.00,Feet,East,BRICKDALE LN,,,,0.00,N,Not at Intersection,N,Non-Junction,None,,,         ,Seth,Quiles,Clear,Front to Rear,no,no,no,no,yes,False
101128707,METROPOLITAN NASHVILLE POLICE DEPT,20160216713,Davidson,Nashville,3/6/2016 11:27:00 AM,2,0,0,36.256130,-86.714410,GALLATIN PKES,,,,0.00,,,NEELYS BEND RD,,,,0.00,Y,Four-Way, ,Intersection-Related,None,,,         ,Jack,Crouch,Clear,Front to Rear,no,no,no,no,no,False
101128716,METROPOLITAN NASHVILLE POLICE DEPT,2016-0216586,Davidson,Nashville,3/6/2016 10:18:00 AM,2,2,0,36.074460,-86.651510,DOVER GLEN DR,,,,129.00,Feet,East,SEPTO CT,,,,0.00,N,Not at Intersection,N,Non-Junction,None,,,         ,Roderic,Williams,Clear,HeadOn,no,no,no,no,no,False
101128719,METROPOLITAN NASHVILLE POLICE DEPT,20160216558,Davidson,Nashville,3/6/2016 9:55:00 AM,3,3,0,36.031470,-86.639370,I 24,,,,0.00,,,,,,,60.90,N,Not at Intersection,N,Non-Junction,None,,,         ,Jason,Dudley,Clear,Front to Rear,no,no,no,no,no,False
101128726,GOODLETTSVILLE POLICE DEPT,16-08494,Davidson,Goodlettsville,3/6/2016 11:50:00 AM,3,0,0,36.334776,-86.717181,US,,US31/41,,250.00,Feet,North,FANNING DR,,,,0.00,N,Not at Intersection,N,Non-Junction,None,,,         ,John,Spencer,Clear,Front to Rear,no,no,no,no,no,False
101128727,METROPOLITAN NASHVILLE POLICE DEPT,2016-0215645,Davidson,Nashville,3/6/2016 12:10:00 AM,2,0,0,36.118300,-86.700320,MURFREESBORO PKE,,,,0.00,,,BRILEY PKWYS,,,,0.00,Y,Four-Way,N,Entrance/Exit Ramp Related,None,,,         ,William,Whitworth,Cloudy,Angle,no,no,no,no,yes,False
101128729,METROPOLITAN NASHVILLE POLICE DEPT,20160214342,Davidson,Nashville,3/5/2016 1:50:00 PM,2,0,0,36.169550,-86.600980,I40 E EXT RAMP,,,,0.00,,,I 40,,,,0.00,Y,OTHER,N,Entrance/Exit Ramp Related,None,,,         ,George,Ward,Clear,Angle,no,no,no,no,no,False
101128730,VANDERBILT UNIVERSITY POLICE,16-0216903,Davidson,Nashville,3/6/2016 12:00:00 AM,2,0,0,36.141890,-86.800760,MEDICAL CENTER DR,,,,0.00,,,,,,,0.00,,, ,,None,,,         ,Samuel,McClain,,,no,no,no,yes,no,Campus
101128734,METROPOLITAN NASHVILLE POLICE DEPT,20160216772,Davidson,Nashville,3/6/2016 12:09:00 PM,2,0,0,36.108570,-86.720800,I 24,,,,0.00,,,,,,,53.80,N,Not at Intersection,N,Non-Junction,None,,,         ,Paul,Ellis,Clear,Front to Rear,no,no,no,no,no,False
101128736,METROPOLITAN NASHVILLE POLICE DEPT,20160216703,Davidson,Nashville,3/6/2016 11:29:00 AM,2,2,0,36.040290,-86.768330,STATE HWY 254,,,,0.00,,,SEVEN SPRINGS WAY,,,,0.00,Y,Four-Way,N,Intersection,None,,,         ,Nathan,Smith,Clear,Angle,no,no,no,no,no,False