master_record_number,agency,agency_tracking_number,county,city,collision_date,vehicles_involved,number_injured,number_dead,latitude,longitude,roadway_name,roadway_suffix,roadway_number,roadway_local_id,distance_from_reference,miles-feet_indicator,direction_from_reference,intersection_road_name,intersection_road_name_suffix,intersection_road_number,intersection_local_id,mile_marker,intersection_indicator,intersect_type,interchange_related_indicator,relation_to_junction,work_zone_type,construction_maintenance_zone,construction_maintenance_zone_location,fatal_case_number,officer_first_name,officer_last_name,weather_condition(s),manner_of_crash,pedestrian,bicycle,scooter,parking,hitrun,mou
101128740,METROPOLITAN NASHVILLE POLICE DEPT,20160216800,Davidson,Nashville,3/6/2016 12:25:00 PM,2,0,0,36.045480,-86.712070,OLD HICKORY BLVD,,,,355.00,Feet,East,NOLENSVILLE PKE,,,,0.00,N,Not at Intersection, ,Non-Junction,None,,,         ,Jason,Dudley,Clear,"Sideswipe, Same Direction",no,no,no,no,no,False
101128742,METROPOLITAN NASHVILLE POLICE DEPT,20160216884,Davidson,Nashville,3/6/2016 1:10:00 PM,2,0,0,36.165110,-86.749860,LENORE ST,,,,0.00,,,S 12TH ST,,,,0.00,Y,Four-Way,N,Intersection,None,,,         ,Christopher,Lo,Clear,Angle,no,no,no,no,no,False
101128751,METROPOLITAN NASHVILLE POLICE DEPT,2016-0215370,Davidson,Not in City Limit,3/5/2016 9:03:00 PM,1,0,0,36.119750,-86.993470,OLD CHARLOTTE PIKE,,,,2454.00,Feet,West,COUNTY HWY 1937,,,,0.00,N,Not at Intersection,N,Non-Junction,None,,,         ,Michael,Rogers,Clear,Not Collision with Motor Vehicle in Transport,no,no,no,no,no,False
101128756,METROPOLITAN NASHVILLE POLICE DEPT,20160211746,Davidson,Madison,3/4/2016 5:05:00 PM,2,0,0,36.262620,-86.684380,E OLD HICKORY BLVD,,,,0.00,,,LARKIN SPRINGS RD,,,,0.00,Y,Four-Way, ,Intersection,None,,,         ,Carlos,Urrutia,Clear,Angle,no,no,no,no,no,False
101128777,METROPOLITAN NASHVILLE POLICE DEPT,20160217108,Davidson,Nashville,3/6/2016 2:01:00 PM,2,0,0,36.069290,-86.683950,ANTIOCH PKE,,,,68.00,Feet,North,RICHARDS RD,,,,0.00,N,Not at Intersection,N,Non-Junction,None,,,         ,Alyson,Cook,Clear,"Sideswipe, Opposite Direction",no,no,no,no,yes,False
101128781,METROPOLITAN NASHVILLE POLICE DEPT,20160217098,Davidson,Not in City Limit,3/6/2016 12:04:00 PM,2,0,0,36.282290,-86.726770,HAMBLEN DR,,,,174.00,Feet,North,E CAMPBELL RD,,,,0.00,N,Not at Intersection, ,Non-Junction,None,,,         ,Rodney,Phipps,Clear,Angle,no,no,no,no,no,False
101128783,METROPOLITAN NASHVILLE POLICE DEPT,20160215308,Davidson,Nashville,3/5/2016 8:20:00 PM,2,0,0,36.081970,-86.763800,I 65,,,,0.00,,,,,,,77.80,N,Not at Intersection,N,Non-Junction,None,,,         ,John,Stanfield,Cloudy,Front to Rear,no,no,no,no,yes,False
101128787,METROPOLITAN NASHVILLE POLICE DEPT,20160217081,Davidson,Nashville,3/6/2016 8:50:00 AM,2,0,0,36.084930,-86.651450,TITAN CT,,,,34.00,Feet,North,RANSOM VILLAGE WAY,,,,0.00,N,Not at Intersection, ,,None,,,         ,Matthew,Johnson,,,no,no,no,no,no,False
101128792,METROPOLITAN NASHVILLE POLICE DEPT,20160217119,Davidson,Nashville,3/6/2016 3:14:00 PM,2,0,0,36.044920,-86.659820,BELL RD,,,,23.00,Feet,West,I24 E EXT RAMP,,,,0.00,N,Not at Intersection, ,Non-Junction,None,,,         ,Charles,Ward,Clear,Front to Rear,no,no,no,no,no,False
101128800,METROPOLITAN NASHVILLE POLICE DEPT,20160217066,Davidson,Nashville,3/6/2016 2:30:00 PM,1,0,0,36.136390,-86.858130,WHITE BRIDGE PKE,,,,0.00,,,STONEWAY TRL,,,,0.00,Y,T-Intersection, ,Non-Junction,None,,,         ,Tyler,Maupin,Clear,Not Collision with Motor Vehicle in Transport,no,no,no,no,no,False
101128804,METROPOLITAN NASHVILLE POLICE DEPT,20160217185,Davidson,Nashville,3/6/2016 3:45:00 PM,2,3,0,36.200320,-86.618600,LEBANON PKE,,,,0.00,,,HERMITAGE RD,,,,0.00,Y,OTHER,Y,Intersection-Related,None,,,         ,Brent,Hedgcoth,Clear,Angle,no,no,no,no,no,False
101128825,METROPOLITAN NASHVILLE POLICE DEPT,20160217204,Davidson,Nashville,3/6/2016 3:45:00 PM,2,0,0,36.217080,-86.696380,OPRYLAND DR,,,,0.00,,,MUSIC VALLEY DR,,,,0.00,Y,Four-Way,Y,Intersection,None,,,         ,John,Kelley,Clear,Angle,no,no,no,no,no,False
101128841,METROPOLITAN NASHVILLE POLICE DEPT,20160217359,Davidson,Nashville,3/6/2016 5:10:00 PM,1,0,0,36.097770,-86.709330,I 24,,,,0.00,,,,,,,54.75,N,Not at Intersection,N,Non-Junction,None,,,         ,Jeffrey,Livingston,Clear,Not Collision with Motor Vehicle in Transport,no,no,no,no,no,False
101128843,METROPOLITAN NASHVILLE POLICE DEPT,20160217344,Davidson,Nashville,3/6/2016 5:05:00 PM,1,0,0,36.121540,-86.807420,HILLSBORO PKE,,,,0.00,,,,,,,0.00,,,N,OtherLocation,None,,,         ,Eric,Burford,Clear,Not Collision with Motor Vehicle in Transport,no,no,no,yes,yes,False
101128852,METROPOLITAN NASHVILLE POLICE DEPT,20160217135,Davidson,Nashville,3/6/2016 3:07:00 PM,2,0,0,36.165220,-86.763800,I 24,,,,0.00,,,,,,,49.05,N,Not at Intersection,N,Non-Junction,None,,,         ,James,Smith,Clear,Front to Rear,no,no,no,no,no,False
101128853,METROPOLITAN NASHVILLE POLICE DEPT,20160217091,Davidson,Nashville,3/6/2016 2:55:00 PM,2,1,0,36.166990,-86.765010,I 24,,,,0.00,,,,,,,48.90,N,Not at Intersection,N,Non-Junction,None,,,         ,James,Smith,Clear,"Sideswipe, Same Direction",no,no,no,no,no,False
101128860,METROPOLITAN NASHVILLE POLICE DEPT,20160217493,Davidson,Nashville,3/6/2016 6:29:00 PM,1,0,0,36.167270,-86.689560,BRILEY PKWY S ENT RAMP,,,,465.00,Feet,East,BRILEY PKWYS,,,,0.00,N,Not at Intersection,N,Non-Junction,None,,,         ,Leslie,Hale,Clear,Not Collision with Motor Vehicle in Transport,no,no,no,no,yes,False
101128866,METROPOLITAN NASHVILLE POLICE DEPT,20160217452,Davidson,Nashville,3/6/2016 6:09:00 PM,2,1,0,36.141450,-86.669750,I 40,,,,0.00,,,,,,,215.00,N,Not at Intersection,N,Non-Junction,None,,,         ,Thomas,Barnes,Clear,"Sideswipe, Same Direction",no,no,no,no,no,False
101128874,METROPOLITAN NASHVILLE POLICE DEPT,20160217510,Davidson,Nashville,3/6/2016 6:30:00 PM,2,0,0,36.171430,-86.769040,JAMES ROBERTSON PKWY,,,,0.00,,,INTERSTATE DR,,,,0.00,Y,Four-Way,N,Intersection-Related,None,,,         ,Michael,Baron,Clear,"Sideswipe, Same Direction",no,no,no,no,yes,False
101128881,METROPOLITAN NASHVILLE POLICE DEPT,20160217148,Davidson,Nashville,3/6/2016 12:00:00 AM,2,1,0,36.082610,-86.727250,WELSHWOOD DR,,,,0.00,,,NOLENSVILLE PKE,,,,0.00,Y,OTHER,N,Non-Junction,None,,,         ,Benjamin,Froehlich,Clear,"Sideswipe, Opposite Direction",no,no,no,no,no,False
101128884,METROPOLITAN NASHVILLE POLICE DEPT,2016-0217555,Davidson,Nashville,3/6/2016 7:11:00 PM,2,0,0,36.139720,-86.879750,CHARLOTTE PKE,,,,336.00,Feet,East,HILLWOOD BLVD,,,,0.00,N,Not at Intersection,N,Non-Junction,None,,,         ,Michael,Rogers,Clear,Angle,no,no,no,no,yes,False
101128885,METROPOLITAN NASHVILLE POLICE DEPT,20160217462,Davidson,Nashville,3/6/2016 6:11:00 PM,2,2,0,36.208930,-86.777900,BRICK CHURCH PIKE,,,,0.00,,,AVONDALE CIR,,,,0.00,,Not at Intersection,N,Non-Junction,None,,,         ,Brandon,Rardin,Clear,Angle,no,no,no,no,no,False
101128901,Nashville Airport Police,16-00544,Davidson,Nashville,3/6/2016 2:50:00 PM,2,0,0,36.133410,-86.665080,BNA DR,,,,0.00,,,TERMINAL DR,,,,0.00,Y,T-Intersection, ,Non-Junction,None,,,         ,Mark,Lawrence,Clear,"Sideswipe, Same Direction",no,no,no,no,no,False
101128907,METROPOLITAN NASHVILLE POLICE DEPT,20160217531,Davidson,Not in City Limit,3/6/2016 6:58:00 PM,2,0,0,36.078640,-86.951140,HIGHWAY 70S,,,,103.00,Feet,West,BELLEVUE CTR PVTDR,,,,0.00,N,Not at Intersection,N,OtherLocation,None,,,         ,Benjamin,Spees,Clear,Rear to Side,no,no,no,yes,no,False
101128913,BERRY HILL POLICE DEPT,16-0812,Davidson,Berry Hill,3/6/2016 3:25:00 PM,2,0,0,36.128590,-86.777890,FRANKLIN PKE,,,,0.00,,,8TH AVS,,,,0.00,Y,T-Intersection, ,Intersection-Related,None,,,         ,Larry,Carter,Clear,"Sideswipe, Same Direction",no,no,no,no,no,False
101128917,METROPOLITAN NASHVILLE POLICE DEPT,20160217586,Davidson,Nashville,3/6/2016 7:30:00 PM,2,0,0,36.170830,-86.746800,SHELBY AV,,,,0.00,,,S 14TH ST,,,,0.00,Y,Four-Way, ,Intersection,None,,,         ,Wesley,Feinstein,Clear,Angle,no,no,no,no,yes,False
101128922,METROPOLITAN NASHVILLE POLICE DEPT,20160217660,Davidson,Nashville,3/6/2016 7:54:00 PM,2,0,0,36.235080,-86.670390,NEELYS BEND RD,,,,0.00,,,NAWAKWA TRL,,,,0.00,Y,T-Intersection, ,Non-Junction,None,,,         ,Christopher,Littles,Clear,Angle,no,no,no,no,no,False
101128926,METROPOLITAN NASHVILLE POLICE DEPT,20160217552,Davidson,Nashville,3/6/2016 7:00:00 PM,2,0,0,36.172380,-86.799410,I 40,,,,0.00,,,,,,,207.85,N,Not at Intersection, ,Entrance/Exit Ramp Related,None,,,         ,Keiara,Ward,Clear,"Sideswipe, Same Direction",no,no,no,no,no,False
101128941,METROPOLITAN NASHVILLE POLICE DEPT,20160217620,Davidson,Nashville,3/6/2016 6:00:00 PM,2,0,0,36.072620,-86.673150,OAKWOOD TERRACE DR,,,,389.00,Feet,North,HAWAIIAN VIEW,,,,0.00,N,Not at Intersection,N,Non-Junction,None,,,         ,Alyson,Cook,Clear,"Sideswipe, Opposite Direction",no,no,no,no,yes,False
101128959,METROPOLITAN NASHVILLE POLICE DEPT,20160216145,Davidson,Nashville,3/6/2016 5:14:00 AM,1,1,0,36.248560,-86.683970,NEELYS BEND RD,,,,49.00,Feet,West,SANITARIUM RD,,,,0.00,N,Not at Intersection,N,Non-Junction,None,,,         ,Brenton,Adcox,Clear,Not Collision with Motor Vehicle in Transport,no,no,no,no,no,False
101128961,METROPOLITAN NASHVILLE POLICE DEPT,20160216181,Davidson,Nashville,3/6/2016 12:00:00 AM,1,0,0,36.154430,-86.760130,I 40,,,,0.00,,,,,,,211.00,N,Not at Intersection,N,Entrance/Exit Ramp Related,None,,,         ,Austin,Childress,Clear,Not Collision with Motor Vehicle in Transport,no,no,no,no,no,False
101128964,METROPOLITAN NASHVILLE POLICE DEPT,20160217289,Davidson,Not in City Limit,3/6/2016 4:44:00 PM,4,2,0,36.334860,-86.907180,I 24,,,,0.00,,,,,,,32.60,N,Not at Intersection,N,Non-Junction,None,,,         ,Thomas,Burns,Clear,Front to Rear,no,no,no,no,no,False
101128968,METROPOLITAN NASHVILLE POLICE DEPT,20160217804,Davidson,Nashville,3/6/2016 9:50:00 PM,2,0,0,36.158890,-86.782110,8TH AVS,,,,0.00,,,BROADWAY,,,,0.00,Y,Four-Way,N,Intersection,None,,,         ,Michael,Baron,Clear,Angle,no,no,no,no,yes,False
101128973,METROPOLITAN NASHVILLE POLICE DEPT,2016-0214852,Davidson,Nashville,3/5/2016 6:27:00 PM,2,0,0,36.150370,-86.857030,CHARLOTTE PKE,,,,105.00,Feet,East,ORLANDO AV,,,,0.00,N,Not at Intersection, ,Non-Junction,None,,,         ,Ryan,Allen,Clear,"Sideswipe, Same Direction",no,no,no,no,no,False
101128974,METROPOLITAN NASHVILLE POLICE DEPT,2016-0217024,Davidson,Nashville,3/6/2016 2:26:00 PM,2,0,0,36.049980,-86.906820,WARNER PARK DR,,,,150.00,Feet,East,WARNER PARK PVTDR,,,,0.00,N,Not at Intersection,N,Non-Junction,None,,,         ,Ryan,Allen,Clear,Angle,no,no,no,yes,yes,False
101128980,METROPOLITAN NASHVILLE POLICE DEPT,2016-0193688,Davidson,Nashville,2/28/2016 2:59:00 PM,2,0,0,36.062770,-86.630930,HAMILTON CROSSINGS,,,,56.00,Feet,North,HAMILTON CHURCH RD,,,,0.00,N,Not at Intersection,N,Non-Junction,None,,,         ,Tamara,Zurawski,Clear,Angle,no,no,no,no,yes,False
101128982,METROPOLITAN NASHVILLE POLICE DEPT,20160217129,Davidson,Nashville,3/6/2016 3:00:00 PM,2,0,0,36.150930,-86.770680,-- UNKNOWN RAMP/ROAD --,,,,0.00,Feet,East,I 40,,,,0.00,N,Not at Intersection, ,Non-Junction,None,,,         ,Darryl,Williams,Clear,Front to Rear,no,no,no,no,no,False
101128984,METROPOLITAN NASHVILLE POLICE DEPT,20160216109,Davidson,Nashville,3/6/2016 4:48:00 AM,1,0,0,36.041470,-86.703670,CEDARMONT DR,,,,32.00,Feet,North,CEDARCREEK DR,,,,0.00,N,Not at Intersection,N,Non-Junction,None,,,         ,Autumn,Manning,Clear,Not Collision with Motor Vehicle in Transport,no,no,no,no,no,False
101128985,METROPOLITAN NASHVILLE POLICE DEPT,20160217667,Davidson,Nashville,3/6/2016 6:40:00 PM,1,0,0,36.104230,-86.691750,MCGAVOCK PKE,,,,0.00,,,CURREY RD,,,,0.00,Y,OTHER, ,Non-Junction,None,,,         ,Benjamin,Froehlich,Clear,Not Collision with Motor Vehicle in Transport,no,no,no,no,no,False
101128993,METROPOLITAN NASHVILLE POLICE DEPT,20160216230,Davidson,Nashville,3/6/2016 3:37:00 AM,2,0,0,36.062860,-86.626360,MURFREESBORO PKE,,,,943.00,Feet,South,HAMILTON CHURCH RD,,,,0.00,N,Not at Intersection, ,Non-Junction,None,,,         ,Autumn,Manning,Clear,"Sideswipe, Same Direction",no,no,no,yes,yes,False
101129007,METROPOLITAN NASHVILLE POLICE DEPT,20160217853,Davidson,Nashville,3/6/2016 10:40:00 PM,2,0,0,36.168310,-86.760330,S 6TH ST,,,,0.00,,,SHELBY AV,,,,0.00,Y,OTHER,N,Non-Junction,None,,,         ,Eric,Hall,Clear,Angle,no,no,no,yes,yes,False
101129015,METROPOLITAN NASHVILLE POLICE DEPT,20160218044,Davidson,Nashville,3/6/2016 12:00:00 AM,2,1,0,36.086870,-86.730230,NOLENSVILLE PKE,,,,0.00,,,ELYSIAN FIELDS CT,,,,0.00,Y,Four-Way,N,Intersection,None,,,         ,Douglas,Sykes,Clear,Front to Rear,no,no,no,no,yes,False
101129017,METROPOLITAN NASHVILLE POLICE DEPT,20160217999,Davidson,Nashville,3/6/2016 6:34:00 PM,2,0,0,36.087450,-86.701380,EXIT 56,,,,0.00,,,I 24,,,,0.00,Y,OTHER, ,Entrance/Exit Ramp Related,None,,,         ,William,Coy,Clear,"Sideswipe, Same Direction",no,no,no,no,yes,False
101129024,METROPOLITAN NASHVILLE POLICE DEPT,2016-0215933,Davidson,Nashville,3/6/2016 3:30:00 AM,2,0,0,36.156110,-86.774000,4TH AVE S,,,,24.00,Feet,North,PEABODY ST,,,,0.00,N,Not at Intersection, ,,None,,,         ,Jeremy,King,,,no,no,no,no,no,False
101129033,METROPOLITAN NASHVILLE POLICE DEPT,20160217901,Davidson,Nashville,3/6/2016 10:59:00 PM,2,0,0,36.052070,-86.644400,EAGLE VIEW BLVD,,,,160.00,Feet,East,BELL RD,,,,0.00,N,Not at Intersection,N,Non-Junction,None,,,         ,Kevin,Breeding,Clear,Front to Rear,no,no,no,no,yes,False
101129043,METROPOLITAN NASHVILLE POLICE DEPT,2016-0218470,Davidson,Nashville,3/7/2016 3:55:00 AM,1,0,0,36.211550,-86.915570,ASHLAND CITY HWY,,,,1600.00,Feet,East,OLD HICKORY BLVD,,,,0.00,N,Not at Intersection, ,Non-Junction,None,,,         ,Matthew,Lachance,Clear,Not Collision with Motor Vehicle in Transport,no,no,no,no,no,False
101129054,METROPOLITAN NASHVILLE POLICE DEPT,20160214292,Davidson,Nashville,3/5/2016 1:17:00 PM,1,1,0,36.175270,-86.792660,ROSA L PARKS BLVD,,,,0.00,,,MONROE ST,,,,0.00,Y,Four-Way,N,Intersection,None,,,         ,James,Wray,Clear,Not Collision with Motor Vehicle in Transport,yes,no,no,no,no,False
101129057,METROPOLITAN NASHVILLE POLICE DEPT,20160218574,Davidson,Not in City Limit,3/7/2016 4:00:00 AM,1,0,0,36.358770,-86.884020,WHITES CREEK PKE,,,,472.00,Feet,North,JACKMAN RD,,,,0.00,N,Not at Intersection,N,Non-Junction,None,,,         ,Matthew,Lachance,Clear,Not Collision with Motor Vehicle in Transport,no,no,no,no,no,False
101129074,METROPOLITAN NASHVILLE POLICE DEPT,20160214259,Davidson,Nashville,3/5/2016 10:30:00 AM,2,0,0,36.176770,-86.789040,MONROE ST,,,,0.00,,,5TH AVN,,,,0.00,Y,Four-Way,N,Non-Junction,None,,,         ,James,Wray,Clear,"Sideswipe, Same Direction",no,no,no,no,yes,False
101129082,METROPOLITAN NASHVILLE POLICE DEPT,2016-0211107,Davidson,Nashville,3/4/2016 1:35:00 PM,2,0,0,36.150850,-86.777690,7TH AVE S,,,,0.00,,,FOGG ST,,,,0.00,Y,Four-Way,N,Intersection,None,,,         ,Charles,Coe,Clear,Angle,no,no,no,no,no,False
101129095,METROPOLITAN NASHVILLE POLICE DEPT,20160212774,Davidson,Nashville,3/4/2016 10:20:00 PM,2,0,0,36.105210,-86.776620,CALDWELL LN,,,,0.00,Feet,East,CRESTRIDGE DR,,,,0.00,N,Not at Intersection,N,Non-Junction,None,,,         ,Thomas,West,Clear,Front to Rear,no,no,no,no,no,False
101129111,METROPOLITAN NASHVILLE POLICE DEPT,20160218788,Davidson,Nashville,3/7/2016 7:00:00 AM,1,0,0,0.000000,0.000000,,,I24 E,,1.00,Feet,East,,,,,62.00,N,Not at Intersection,N,Non-Junction,None,,,         ,Robert,Erickson,Clear,Not Collision with Motor Vehicle in Transport,no,no,no,no,no,False
101129124,METROPOLITAN NASHVILLE POLICE DEPT,2016-0196175,Davidson,Nashville,2/29/2016 10:00:00 AM,1,1,0,36.236230,-86.732650,LEMONT DR,,,,180.00,Feet,West,SAUNDERS AV,,,,0.00,N,Not at Intersection,N,Non-Junction,None,,,         ,Coleman,Womack,Clear,Not Collision with Motor Vehicle in Transport,no,no,no,no,yes,False
101129139,METROPOLITAN NASHVILLE POLICE DEPT,2016-0218737,Davidson,Nashville,3/7/2016 6:40:00 AM,1,0,0,36.056420,-86.672430,BLUE HOLE RD,,,,78.00,Feet,North,ANTIOCH COMMUNITY CTR PVTDR,,,,0.00,N,Not at Intersection,N,"Driveway, Alley Access, etc",None,,,         ,William,Whitworth,Cloudy,Not Collision with Motor Vehicle in Transport,no,no,no,no,no,False
101129140,METROPOLITAN NASHVILLE POLICE DEPT,2016-0218860,Davidson,Nashville,3/7/2016 7:48:00 AM,2,0,0,36.141540,-86.740550,MURFREESBORO PKE,,,,0.00,Feet,,FOSTER AV,,,,0.00,Y,T-Intersection, ,Intersection,None,,,         ,William,Whitworth,Cloudy,Front to Rear,no,no,no,no,no,False
101129143,METROPOLITAN NASHVILLE POLICE DEPT,20160219077,Davidson,Nashville,3/7/2016 9:04:00 AM,3,2,0,36.126700,-86.711090,MURFREESBORO PKE,,,,0.00,,,THOMPSON PL,,,,0.00,Y,Four-Way,N,Intersection,None,,,         ,MIchael,Mihajlov,Clear,Front to Rear,no,no,no,no,no,False
101129148,VANDERBILT UNIVERSITY POLICE,16-0203237,Davidson,Nashville,3/2/2016 10:50:00 AM,2,0,0,36.141600,-86.806800,25TH AVS,,,,0.00,,,,,,,0.00,,Not at Intersection, ,,None,,,         ,Yasemine,Lomax,,,no,no,no,yes,no,Campus
101129152,METROPOLITAN NASHVILLE POLICE DEPT,20160218871,Davidson,Nashville,3/7/2016 7:45:00 AM,2,0,0,36.176400,-86.793420,US HWY 41 ALT,,,,204.00,Feet,South,TAYLOR ST,,,,0.00,N,Not at Intersection,N,Non-Junction,None,,,         ,Nathaniel,Clemons,Clear,Front to Rear,no,no,no,no,no,False
101129155,METROPOLITAN NASHVILLE POLICE DEPT,20160218833,Davidson,Nashville,3/7/2016 7:37:00 AM,3,1,0,36.116650,-86.725320,I 24,,,,0.00,,,,,,,53.15,N,Not at Intersection,N,Non-Junction,None,,,         ,Brian,Penny,Clear,Front to Rear,no,no,no,no,no,False
101129170,METROPOLITAN NASHVILLE POLICE DEPT,20160219138,Davidson,Nashville,3/7/2016 12:00:00 AM,2,0,0,36.169560,-86.806270,JEFFERSON ST,,,,50.00,Feet,East,DR D B TODD JR BLVD,,,,0.00,N,Not at Intersection, ,Non-Junction,None,,,         ,Garren,Hoskins,Cloudy,Front to Rear,no,no,no,no,no,False
101129172,METROPOLITAN NASHVILLE POLICE DEPT,20160219225,Davidson,Nashville,3/7/2016 9:20:00 AM,2,0,0,36.182710,-86.797900,-- UNKNOWN RAMP/ROAD --,,,,0.00,Feet,East,I 65,,,,0.00,N,Not at Intersection, ,Entrance/Exit Ramp Related,None,,,         ,Nathaniel,Clemons,Cloudy,Front to Rear,no,no,no,no,no,False
101129174,METROPOLITAN NASHVILLE POLICE DEPT,2016-0219213,Davidson,Nashville,3/7/2016 9:45:00 AM,2,0,0,36.135990,-86.724940,SPENCE LN,,,,75.00,Feet,North,MURFREESBORO PKE,,,,0.00,N,Not at Intersection,N,Non-Junction,None,,,         ,Scott,Toney,Cloudy,Front to Rear,no,no,no,no,no,False
101129188,METROPOLITAN NASHVILLE POLICE DEPT,20160219396,Davidson,Nashville,3/7/2016 10:41:00 AM,2,0,0,36.149360,-86.774320,I 40,,,,0.00,,,,,,,210.15,N,Not at Intersection,N,Non-Junction,None,,,         ,Pedro,Rivera Chaparro,,"Sideswipe, Same Direction",no,no,no,no,yes,False
101129190,METROPOLITAN NASHVILLE POLICE DEPT,20160219321,Davidson,Nashville,3/7/2016 10:30:00 AM,2,0,0,36.213250,-86.796850,AVALON DR,,,,0.00,,,ADLAI ST,,,,0.00,Y,OTHER, ,Non-Junction,None,,,         ,James,Wray,Clear,Front to Rear,no,no,no,no,no,False
101129191,METROPOLITAN NASHVILLE POLICE DEPT,20160219384,Davidson,Nashville,3/7/2016 10:55:00 AM,2,0,0,36.084570,-86.647580,MURFREESBORO PKE,,,,352.00,Feet,North,BROOKSBORO PL,,,,0.00,N,Not at Intersection,N,Non-Junction,None,,,         ,Robert,Erickson,Clear,Front to Rear,no,no,no,no,no,False
101129196,METROPOLITAN NASHVILLE POLICE DEPT,2016-0219362,Davidson,Nashville,3/7/2016 10:45:00 AM,2,0,0,36.120700,-86.807970,LOMBARDY AV,,,,0.00,,,SHARONDALE DR,,,,0.00,Y,Four-Way, ,Intersection,None,,,         ,Curtis,Rich,Cloudy,Front to Rear,no,no,no,no,yes,False
101129198,METROPOLITAN NASHVILLE POLICE DEPT,2016-0219012,Davidson,Nashville,3/7/2016 8:41:00 AM,1,1,0,36.223770,-86.813990,REVELS DR,,,,253.00,Feet,West,DUBOIS DR,,,,0.00,N,Not at Intersection,N,Non-Junction,None,,,         ,William,Caillouette,Clear,Not Collision with Motor Vehicle in Transport,no,no,no,yes,no,False
101129199,METROPOLITAN NASHVILLE POLICE DEPT,20160219202,Davidson,Nashville,3/7/2016 9:35:00 AM,2,0,0,36.156580,-86.787480,12TH AVS,,,,0.00,,,BROADWAY,,,,0.00,Y,Four-Way, ,,None,,,         ,Daniel,Russett,,,no,no,no,no,no,False
101129200,METROPOLITAN NASHVILLE POLICE DEPT,20160219454,Davidson,Nashville,3/7/2016 11:36:00 AM,2,0,0,36.070730,-86.684470,ANTIOCH PKE,,,,160.00,Feet,North,HAYWOOD LN,,,,0.00,N,Not at Intersection,N,Non-Junction,None,,,         ,Jessie,Meadows,Clear,"Sideswipe, Same Direction",no,no,no,no,yes,False
101129201,METROPOLITAN NASHVILLE POLICE DEPT,20160219197,Davidson,Nashville,3/7/2016 9:45:00 AM,1,0,0,36.158410,-86.790610,GEORGE L DAVIS BLVD,,,,0.00,,,I40 W ENT RAMP,,,,0.00,Y,T-Intersection,Y,Intersection,None,,,         ,Michael,Johnson,Cloudy,Not Collision with Motor Vehicle in Transport,no,no,no,no,no,False
101129207,VANDERBILT UNIVERSITY POLICE,16-0219168,Davidson,Nashville,3/7/2016 9:50:00 AM,2,0,0,36.139170,-86.807000,CHILDRENS WAY,,,,0.00,,,25TH AVS,,,,0.00,Y,Four-Way, ,,None,,,         ,Yasemine,Lomax,,,no,no,no,no,no,Campus
101129224,METROPOLITAN NASHVILLE POLICE DEPT,20160219613,Davidson,Nashville,3/7/2016 12:10:00 PM,1,0,0,36.073730,-86.731890,EDMONDSON PKE,,,,651.00,Feet,North,MILNER DR,,,,0.00,N,Not at Intersection, ,"Driveway, Alley Access, etc",None,,,         ,Brent,Bauer,Cloudy,Not Collision with Motor Vehicle in Transport,no,no,no,no,no,False
101129225,METROPOLITAN NASHVILLE POLICE DEPT,20160218857,Davidson,Nashville,3/7/2016 7:46:00 AM,2,2,0,36.156580,-86.787480,12TH AVS,,,,0.00,,,BROADWAY,,,,0.00,Y,Four-Way,Y,Intersection,None,,,         ,Clint,Gilleland,Cloudy,Rear to Side,no,no,no,no,no,False
101129234,METROPOLITAN NASHVILLE POLICE DEPT,20160216675,Davidson,Nashville,3/6/2016 11:00:00 AM,2,0,0,36.206520,-86.776290,I 65,,,,0.00,,,,,,,87.30,N,Not at Intersection, ,Non-Junction,Construction Zone,,,         ,Randall,Smith,Clear,Angle,no,no,no,no,no,False
101129240,METROPOLITAN NASHVILLE POLICE DEPT,20160219633,Davidson,Nashville,3/7/2016 11:36:00 AM,2,0,0,36.164310,-86.781530,UNION ST,,,,158.00,Feet,West,5TH AVN,,,,0.00,N,Not at Intersection, ,,None,,,         ,Pedro,Rivera Chaparro,,,no,no,no,no,no,False
101129242,METROPOLITAN NASHVILLE POLICE DEPT,20160219684,Davidson,Nashville,3/6/2016 12:00:00 AM,3,0,0,36.127120,-86.711640,MURFREESBORO PKE,,,,222.00,Feet,West,THOMPSON PL,,,,0.00,N,Not at Intersection,N,Non-Junction,None,,,         ,Steven,Rowlett,Unknown,Unknown,no,no,no,yes,yes,False
101129249,METROPOLITAN NASHVILLE POLICE DEPT,20160219560,Davidson,Nashville,3/7/2016 11:59:00 AM,2,0,0,36.171210,-86.808790,HEIMAN ST,,,,340.00,Feet,East,21ST AVN,,,,0.00,N,Not at Intersection, ,Non-Junction,None,,,         ,Spencer,Pittman,Cloudy,Rear to Side,no,no,no,no,no,False
101129255,METROPOLITAN NASHVILLE POLICE DEPT,20160219078,Davidson,Nashville,3/7/2016 9:02:00 AM,2,0,0,36.134350,-86.781130,WEDGEWOOD AV,,,,44.00,Feet,West,ACKLEN AV,,,,0.00,N,Not at Intersection,N,Non-Junction,None,,,         ,Nathan,Kemp,Clear,Angle,no,no,no,no,no,False
101129256,METROPOLITAN NASHVILLE POLICE DEPT,20160219449,Davidson,Nashville,3/7/2016 11:20:00 AM,2,0,0,36.066120,-86.771240,HOGAN RD,,,,236.00,Feet,East,RAGLAND DR,,,,0.00,N,Not at Intersection, ,,Work Zone,,,         ,Nathan,Kemp,,,no,no,no,no,no,False