master_record_number,agency,agency_tracking_number,county,city,collision_date,vehicles_involved,number_injured,number_dead,latitude,longitude,roadway_name,roadway_suffix,roadway_number,roadway_local_id,distance_from_reference,miles-feet_indicator,direction_from_reference,intersection_road_name,intersection_road_name_suffix,intersection_road_number,intersection_local_id,mile_marker,intersection_indicator,intersect_type,interchange_related_indicator,relation_to_junction,work_zone_type,construction_maintenance_zone,construction_maintenance_zone_location,fatal_case_number,officer_first_name,officer_last_name,weather_condition(s),manner_of_crash,pedestrian,bicycle,scooter,parking,hitrun,mou
101129257,METROPOLITAN NASHVILLE POLICE DEPT,20160219627,Davidson,Nashville,3/7/2016 12:22:00 PM,2,0,0,36.112910,-86.798310,WOODMONT BLVD,,,,510.00,Feet,East,BELMONT BLVD,,,,0.00,N,Not at Intersection, ,Non-Junction,None,,,         ,Nathan,Kemp,Clear,Front to Rear,no,no,no,no,no,False
101129278,BERRY HILL POLICE DEPT,16-0823,Davidson,Berry Hill,3/7/2016 8:14:00 AM,2,0,0,36.125500,-86.776840,FRANKLIN PKE,,,,113.00,Feet,North,INVERNESS AV,,,,0.00,N,Not at Intersection, ,Non-Junction,None,,,         ,Ronnie,Hill,Cloudy,Front to Rear,no,no,no,no,no,False
101129290,METROPOLITAN NASHVILLE POLICE DEPT,2016-0219414,Davidson,Nashville,3/7/2016 11:08:00 AM,2,0,0,36.153010,-86.857440,I40 W EXT RAMP,,,,50.00,Feet,East,BRILEY PKWY,,,,0.00,N,Not at Intersection, ,Non-Junction,None,,,         ,Walter,Gray II,Cloudy,Front to Rear,no,no,no,no,no,False
101129291,METROPOLITAN NASHVILLE POLICE DEPT,2016-0219477,Davidson,Nashville,3/7/2016 11:09:00 AM,2,1,0,36.136450,-86.822130,I440 E EXT RAMP,,,,50.00,Feet,North,I 440,,,,0.00,N,Not at Intersection,N,Non-Junction,None,,,         ,Walter,Gray II,Cloudy,Front to Rear,no,no,no,no,no,False
101129293,METROPOLITAN NASHVILLE POLICE DEPT,20160219934,Davidson,Nashville,3/7/2016 12:00:00 AM,2,0,0,36.156090,-86.777440,6TH AVS,,,,98.00,Feet,North,KOREAN VETERANS BLVD,,,,0.00,N,Not at Intersection, ,,Construction Zone,,,         ,Christian,Martin,,,no,no,no,no,no,False
101129307,METROPOLITAN NASHVILLE POLICE DEPT,20160212479,Davidson,Nashville,3/4/2016 9:00:00 PM,2,1,0,36.221700,-86.761670,HART LN,,,,0.00,,,DICKERSON PKE,,,,0.00,Y,T-Intersection,N,Intersection-Related,None,,,         ,Kevin,Crawford,Clear,Angle,no,no,no,no,yes,False
101129314,METROPOLITAN NASHVILLE POLICE DEPT,20160220089,Davidson,Nashville,3/7/2016 2:57:00 PM,2,0,0,36.104800,-86.814600,RICHARD JONES RD,,,,0.00,,,HILLSBORO PKE,,,,0.00,Y,T-Intersection, ,Intersection-Related,None,,,         ,Tien,Nguyen,Clear,Front to Rear,no,no,no,no,no,False
101129322,METROPOLITAN NASHVILLE POLICE DEPT,20160220150,Davidson,Nashville,3/7/2016 3:26:00 PM,2,0,0,36.178950,-86.742340,GARTLAND AV,,,,208.00,Feet,West,N 16TH ST,,,,0.00,N,Not at Intersection, ,,None,,,         ,Michael,Moss,,,no,no,no,no,no,False
101129326,METROPOLITAN NASHVILLE POLICE DEPT,20160219662,Davidson,Nashville,3/7/2016 12:57:00 PM,2,0,0,36.138550,-86.731500,MURFREESBORO PKE,,,,3.00,Feet,East,BLANTON AV,,,,0.00,N,Not at Intersection, ,Non-Junction,None,,,         ,Jessie,Meadows,Clear,Angle,no,no,no,no,no,False
101129327,METROPOLITAN NASHVILLE POLICE DEPT,20160219957,Davidson,Nashville,3/7/2016 2:14:00 PM,2,0,0,36.129860,-86.727890,I 24,,,,0.00,,,,,,,51.20,N,Not at Intersection,N,Non-Junction,None,,,         ,Jessie,Meadows,Clear,"Sideswipe, Same Direction",no,no,no,no,no,False
101129340,METROPOLITAN NASHVILLE POLICE DEPT,20160220186,Davidson,Not in City Limit,3/7/2016 3:35:00 PM,2,0,0,36.279070,-86.708950,GALLATIN PKEN,,,,100.00,Feet,South,ONE MILE PKWY,,,,0.00,N,Not at Intersection, ,Non-Junction,None,,,         ,Christopher,Littles,Clear,Angle,no,no,no,no,no,False
101129346,METROPOLITAN NASHVILLE POLICE DEPT,20160220054,Davidson,Nashville,3/7/2016 2:45:00 PM,2,0,0,36.167890,-86.777960,PUBLIC SQ,,,,0.00,,,JAMES ROBERTSON PKWY,,,,0.00,Y,T-Intersection,Y,Intersection,None,,,         ,Derek,Betty,Clear,"Sideswipe, Same Direction",no,no,no,no,no,False
101129349,METROPOLITAN NASHVILLE POLICE DEPT,20160218965,Davidson,Nashville,3/7/2016 8:20:00 AM,2,0,0,36.103050,-86.666200,US HWY 41,,,,0.00,,,TOWN PARK DR,,,,0.00,Y,T-Intersection, ,Intersection,None,,,         ,Colin,Feeney,Clear,Front to Rear,no,no,no,no,no,False
101129350,BERRY HILL POLICE DEPT,16-0827,Davidson,Berry Hill,3/7/2016 2:40:00 PM,2,0,0,36.122560,-86.775860,FRANKLIN PKE,,,,0.00,,,BILOXI AV,,,,0.00,Y,T-Intersection, ,"Driveway, Alley Access, etc",None,,,         ,Roy,Morris,Clear,Angle,no,no,no,no,no,False
101129352,METROPOLITAN NASHVILLE POLICE DEPT,20160220016,Davidson,Nashville,3/7/2016 2:59:00 PM,1,1,0,36.167150,-86.779610,3RD AVN,,,,0.00,,,JAMES ROBERTSON PKWY,,,,0.00,Y,OTHER,N,OtherLocation,None,,,         ,Jacob,Partin,Clear,Not Collision with Motor Vehicle in Transport,yes,no,no,no,yes,False
101129353,METROPOLITAN NASHVILLE POLICE DEPT,20160220220,Davidson,Nashville,3/7/2016 3:40:00 PM,2,0,0,36.123840,-86.826560,WOODLAWN DR,,,,0.00,,,BOWLING AV,,,,0.00,Y,Four-Way, ,Intersection,None,,,         ,Mark,Hatt,Clear,Front to Rear,no,no,no,no,no,False
101129354,METROPOLITAN NASHVILLE POLICE DEPT,2016-0220210,Davidson,Not in City Limit,3/7/2016 3:11:00 PM,2,1,0,36.073790,-86.935350,COLICE JEANNE RD,,,,87.00,Feet,South,HIGHWAY 70S,,,,0.00,N,Not at Intersection,N,Non-Junction,None,,,         ,Walter,Gray II,Cloudy,Front to Rear,no,no,no,no,no,False
101129362,METROPOLITAN NASHVILLE POLICE DEPT,20160220064,Davidson,Madison,3/7/2016 3:09:00 PM,2,0,0,36.264210,-86.734230,OLD HICKORY BLVDW,,,,107.00,Feet,West,HEAD DR,,,,0.00,N,Not at Intersection, ,Non-Junction,None,,,         ,Bradley,Campbell,Clear,Front to Rear,no,no,no,no,no,False
101129364,METROPOLITAN NASHVILLE POLICE DEPT,20160220062,Davidson,Nashville,3/7/2016 2:55:00 PM,2,0,0,36.159900,-86.773860,DEMONBREUN ST,,,,0.00,,,2ND AVS,,,,0.00,Y,Four-Way,N,Intersection,Construction Zone,Intermittent Moving Work,Termination Area,         ,Tyler,Hutton,Clear,Angle,no,no,no,no,no,False
101129383,METROPOLITAN NASHVILLE POLICE DEPT,20160220222,Davidson,Nashville,3/7/2016 3:56:00 PM,2,0,0,36.142760,-86.776810,I 65,,,,0.00,,,,,,,82.00,N,Not at Intersection, ,Non-Junction,None,,,         ,Jose,Salazar,Clear,"Sideswipe, Same Direction",no,no,no,no,no,False
101129386,METROPOLITAN NASHVILLE POLICE DEPT,20160220268,Davidson,Nashville,3/7/2016 4:12:00 PM,2,0,0,36.043670,-86.692840,BELL RD,,,,165.00,Feet,East,BROOK VIEW ESTATES DR,,,,0.00,N,Not at Intersection, ,Non-Junction,None,,,         ,William,Durham,Clear,Front to Rear,no,no,no,no,no,False
101129387,METROPOLITAN NASHVILLE POLICE DEPT,20160220314,Davidson,Nashville,3/7/2016 4:32:00 PM,2,2,0,36.140400,-86.721350,I 40,,,,0.00,,,,,,,213.55,N,Not at Intersection,N,Non-Junction,None,,,         ,Leslie,Hale,Clear,Front to Rear,no,no,no,no,no,False
101129388,METROPOLITAN NASHVILLE POLICE DEPT,20160220257,Davidson,Nashville,3/7/2016 1:57:00 PM,2,0,0,36.152130,-86.819760,CITY BLVD,,,,120.00,Feet,East,CITY AV,,,,0.00,N,Not at Intersection,N,OtherLocation,None,,,         ,Tien,Nguyen,Clear,"Sideswipe, Same Direction",no,no,no,yes,yes,False
101129389,METROPOLITAN NASHVILLE POLICE DEPT,20160220134,Davidson,Nashville,3/7/2016 3:15:00 PM,2,2,0,36.151830,-86.798390,LYLE AV,,,,0.00,,,WEST END AV,,,,0.00,Y,OTHER,N,Non-Junction,None,,,         ,Craig,Oakley,Clear,Angle,no,no,no,no,no,False
101129400,METROPOLITAN NASHVILLE POLICE DEPT,20160220364,Davidson,Nashville,3/7/2016 4:49:00 PM,2,1,0,36.140490,-86.720780,I 40,,,,0.00,,,,,,,213.60,N,Not at Intersection,N,Non-Junction,None,,,         ,Thomas,Barnes,Clear,Front to Rear,no,no,no,no,no,False
101129406,METROPOLITAN NASHVILLE POLICE DEPT,20160220407,Davidson,Nashville,3/7/2016 3:54:00 PM,2,0,0,36.146840,-86.808630,WEST END AV,,,,0.00,,,25TH AVN,,,,0.00,Y,Four-Way, ,Intersection-Related,None,,,         ,Tien,Nguyen,Clear,Front to Rear,no,no,no,no,no,Campus
101129408,VANDERBILT UNIVERSITY POLICE,16-0220118,Davidson,Nashville,3/7/2016 2:00:00 PM,2,0,0,36.108910,-86.762970,POWELL AV,,,,0.00,,,,,,,0.00,,Not at Intersection,N,OtherLocation,None,,,         ,Shaun,Jasper,Clear,Angle,no,no,no,yes,yes,OHO
101129409,METROPOLITAN NASHVILLE POLICE DEPT,20160220259,Davidson,Nashville,3/7/2016 4:00:00 PM,2,0,0,36.148590,-86.665300,ELM HILL PKE,,,,300.00,Feet,East,DONELSON PKE,,,,0.00,N,Not at Intersection, ,,None,,,         ,Brent,Hedgcoth,,,no,no,no,no,no,False
101129416,METROPOLITAN NASHVILLE POLICE DEPT,20160220427,Davidson,Nashville,3/7/2016 5:10:00 PM,3,0,0,36.149650,-86.772740,I 40,,,,0.00,,,,,,,210.25,N,Not at Intersection, ,Non-Junction,None,,,         ,Eric,Burford,Clear,Front to Rear,no,no,no,no,no,False
101129423,METROPOLITAN NASHVILLE POLICE DEPT,2016-0220298,Davidson,Nashville,3/7/2016 4:20:00 PM,2,0,0,36.152820,-86.729130,LEBANON PKE,,,,2261.00,Feet,West,SPENCE LN,,,,0.00,N,Not at Intersection, ,Non-Junction,None,,,         ,Amanda,Martin,Clear,Front to Rear,no,no,no,no,no,False
101129424,METROPOLITAN NASHVILLE POLICE DEPT,20160220530,Davidson,Nashville,3/7/2016 5:17:00 PM,2,0,0,36.130320,-86.802030,BLAIR BLVD,,,,0.00,,,21ST AVS,,,,0.00,Y,Four-Way, ,Intersection-Related,None,,,         ,Tien,Nguyen,Clear,Front to Rear,no,no,no,no,no,False
101129429,METROPOLITAN NASHVILLE POLICE DEPT,20160220546,Davidson,Nashville,3/7/2016 6:06:00 PM,2,0,0,36.110900,-86.744660,THOMPSON LN,,,,164.00,Feet,East,NOLENSVILLE PKE,,,,0.00,N,Not at Intersection,N,Non-Junction,None,,,         ,Jessie,Meadows,Clear,"Sideswipe, Same Direction",no,no,no,no,yes,False
101129431,METROPOLITAN NASHVILLE POLICE DEPT,20160220552,Davidson,Nashville,3/7/2016 6:00:00 AM,2,0,0,36.191060,-86.621570,PANAMA DR,,,,142.00,Feet,South,BALTIC DR,,,,0.00,N,Not at Intersection,N,Non-Junction,None,,,         ,Christopher,Mackey,Clear,Unknown,no,no,no,no,yes,False
101129433,METROPOLITAN NASHVILLE POLICE DEPT,20160220344,Davidson,Nashville,3/7/2016 4:40:00 PM,2,0,0,36.148200,-86.822230,I 440,,,,0.00,,,,,,,1.30,N,Not at Intersection, ,,None,,,         ,William,Taylor,,,no,no,no,no,no,False
101129441,METROPOLITAN NASHVILLE POLICE DEPT,2016-0220524,Davidson,Nashville,3/7/2016 5:44:00 PM,1,1,0,36.159440,-86.865640,BRILEY PKWYN,,,,724.00,Feet,West,BRILEY PKWYS,,,,0.00,N,Not at Intersection,N,Non-Junction,None,,,         ,Michael,Rogers,Clear,Not Collision with Motor Vehicle in Transport,no,no,no,no,no,False
101129444,METROPOLITAN NASHVILLE POLICE DEPT,20160220644,Davidson,Nashville,3/7/2016 6:40:00 PM,2,0,0,36.088060,-86.771800,FRANKLIN PKE,,,,0.00,,,S CURTISWOOD LN,,,,0.00,Y,Four-Way, ,Intersection-Related,None,,,         ,Tien,Nguyen,Clear,Front to Rear,no,no,no,no,no,False
101129449,METROPOLITAN NASHVILLE POLICE DEPT,20160220547,Davidson,Antioch,3/7/2016 5:43:00 PM,2,0,0,36.007280,-86.612730,I 24,,,,0.00,,,,,,,63.20,N,Not at Intersection,N,Non-Junction,None,,,         ,William,Durham,Clear,Angle,no,no,no,no,no,False
101129450,METROPOLITAN NASHVILLE POLICE DEPT,20160220515,Davidson,Nashville,3/7/2016 5:32:00 PM,2,0,0,36.158430,-86.640000,STEWARTS FERRY PKE,,,,76.00,Feet,East,HICKORY BEND DR,,,,0.00,N,Not at Intersection,N,Non-Junction,None,,,         ,Mikala,Moore,Clear,Front to Rear,no,no,no,no,yes,False
101129451,METROPOLITAN NASHVILLE POLICE DEPT,2016-0217735,Davidson,Nashville,3/6/2016 7:16:00 PM,2,0,0,36.059960,-86.672110,ANTIOCH PKE,,,,0.00,,,BLUE HOLE RD,,,,0.00,Y,T-Intersection,N,Intersection-Related,None,,,         ,Matthew,Johnson,Clear,Angle,no,no,no,no,no,False
101129453,METROPOLITAN NASHVILLE POLICE DEPT,2016-0220223,Davidson,Nashville,3/7/2016 3:55:00 PM,3,2,0,36.156450,-86.787800,BROADWAY,,,,100.00,Feet,West,12TH AVN,,,,0.00,N,Not at Intersection,N,Non-Junction,None,,,         ,Michael,Schlegel,Clear,Front to Rear,no,no,no,no,no,False
101129462,METROPOLITAN NASHVILLE POLICE DEPT,20160220477,Davidson,Goodlettsville,3/7/2016 5:25:00 PM,2,1,0,36.300160,-86.695990,GALLATIN PKEN,,,,225.00,Feet,East,CUDE LN,,,,0.00,N,Not at Intersection,N,Non-Junction,None,,,         ,Jessica,Ware,Clear,Front to Rear,no,no,no,no,yes,False
101129470,METROPOLITAN NASHVILLE POLICE DEPT,20160220649,Davidson,Nashville,3/7/2016 6:41:00 PM,2,0,0,36.217990,-86.623920,OLD HICKORY BLVD,,,,457.00,Feet,North,2ND ST,,,,0.00,N,Not at Intersection,N,Non-Junction,None,,,         ,Dontaveous,Eubanks,Clear,Angle,no,no,no,no,no,False
101129487,METROPOLITAN NASHVILLE POLICE DEPT,2016204404,Davidson,Nashville,3/2/2016 5:17:00 PM,1,1,0,36.164790,-86.784370,7TH AVN,,,,0.00,,,CHARLOTTE AV,,,,0.00,Y,T-Intersection,N,Intersection,None,,,         ,Jacob,Paul,Clear,Not Collision with Motor Vehicle in Transport,yes,no,no,no,no,False
101129525,BERRY HILL POLICE DEPT,16-0829,Davidson,Berry Hill,3/7/2016 5:43:00 PM,2,2,0,36.122090,-86.775700,FRANKLIN PKE,,,,130.00,Feet,South,HORNER AV,,,,0.00,N,Not at Intersection,N,Non-Junction,None,,,         ,Greg,Colson,Clear,Front to Rear,no,no,no,no,no,False
101129526,VANDERBILT UNIVERSITY POLICE,16-0220760,Davidson,Nashville,3/7/2016 12:00:00 AM,2,0,0,36.138990,-86.804080,CHILDRENS WAY,,,,294.00,Feet,East,24TH AVS,,,,0.00,N,Not at Intersection,N,Non-Junction,None,,,         ,Alan,Reed,Clear,"Sideswipe, Same Direction",no,no,no,yes,yes,Campus
101129527,METROPOLITAN NASHVILLE POLICE DEPT,20160220819,Davidson,Nashville,3/7/2016 8:03:00 PM,1,1,0,36.137800,-86.705220,PATRICIA DR,,,,172.00,Feet,North,MARCELLA DR,,,,0.00,N,Not at Intersection,N,Non-Junction,None,,,         ,Patrick,Taylor,Clear,Not Collision with Motor Vehicle in Transport,no,no,no,no,no,False
101129533,METROPOLITAN NASHVILLE POLICE DEPT,20160220578,Davidson,Not in City Limit,3/7/2016 6:10:00 PM,2,2,0,36.264450,-86.732280,OLD HICKORY BLVDW,,,,0.00,,,N GRAYCROFT AV,,,,0.00,Y,Four-Way,N,Intersection,None,,,         ,Bradley,Campbell,Clear,Angle,no,no,no,no,no,False
101129536,METROPOLITAN NASHVILLE POLICE DEPT,2016-0214198,Davidson,Nashville,3/5/2016 12:21:00 PM,2,1,0,36.139350,-86.819100,WEST END AV,,,,0.00,,,MURPHY RD,,,,0.00,Y,Four-Way,N,Intersection-Related,None,,,         ,Allen,Bates,Clear,Angle,no,no,no,no,no,False
101129537,METROPOLITAN NASHVILLE POLICE DEPT,20160220806,Davidson,Nashville,3/7/2016 8:00:00 PM,2,0,0,36.201020,-86.617410,TYLER DR,,,,127.00,Feet,East,LEBANON PKE,,,,0.00,N,Not at Intersection, ,OtherLocation,None,,,         ,Christopher,Mackey,Clear,Other,no,no,no,no,no,False
101129555,METROPOLITAN NASHVILLE POLICE DEPT,20160220879,Davidson,Not in City Limit,3/7/2016 6:05:00 PM,2,0,0,36.263180,-86.713090,OLD HICKORY BLVDW,,,,0.00,,,OLD TIME VILLAGE PVTDR,,,,0.00,Y,T-Intersection,Y,Intersection-Related,None,,,         ,Jessica,Ware,Clear,"Sideswipe, Same Direction",no,no,no,no,no,False
101129556,METROPOLITAN NASHVILLE POLICE DEPT,20160220753,Davidson,Nashville,3/7/2016 6:36:00 PM,2,0,0,36.069030,-86.681660,RICHARDS RD,,,,136.00,Feet,West,CUMMINGS PARK DR,,,,0.00,N,Not at Intersection,N,Non-Junction,None,,,         ,William,Durham,Clear,"Sideswipe, Opposite Direction",no,no,no,no,yes,False
101129560,METROPOLITAN NASHVILLE POLICE DEPT,20160220115,Davidson,Not in City Limit,3/7/2016 2:45:00 PM,1,0,0,36.022210,-86.712050,NOLENSVILLE PKE,,,,161.00,Feet,South,PERSIA WAY,,,,0.00,N,Not at Intersection,N,Non-Junction,None,,,         ,Ian,Lynch,Clear,Not Collision with Motor Vehicle in Transport,no,no,no,no,no,False
101129562,METROPOLITAN NASHVILLE POLICE DEPT,20160220396,Davidson,Nashville,3/7/2016 4:10:00 PM,2,0,0,36.122390,-86.805290,I 440,,,,0.00,,,,,,,2.80,N,Not at Intersection,N,Non-Junction,None,,,         ,Mark,Hatt,Clear,Front to Rear,no,no,no,no,yes,False
101129564,METROPOLITAN NASHVILLE POLICE DEPT,20160220090,Davidson,Nashville,3/7/2016 3:05:00 PM,2,0,0,36.159190,-86.797250,CHARLOTTE AV,,,,304.00,Feet,East,17TH AVN,,,,0.00,N,Not at Intersection, ,Non-Junction,None,,,         ,Michael,Brooks,Cloudy,Front to Rear,no,no,no,no,no,False
101129565,METROPOLITAN NASHVILLE POLICE DEPT,20160220058,Davidson,Nashville,3/7/2016 2:51:00 PM,2,1,0,36.169120,-86.809330,JEFFERSON ST,,,,79.00,Feet,East,21ST AVN,,,,0.00,N,Not at Intersection,N,Non-Junction,None,,,         ,Michael,Brooks,Cloudy,"Sideswipe, Same Direction",no,no,no,no,no,False
101129566,METROPOLITAN NASHVILLE POLICE DEPT,20160220306,Davidson,Nashville,3/7/2016 4:25:00 PM,2,0,0,36.202550,-86.783540,SEMINARY ST,,,,124.00,Feet,West,LIBERIA ST,,,,0.00,N,Not at Intersection, ,Non-Junction,None,,,         ,Michael,Brooks,Cloudy,"Sideswipe, Opposite Direction",no,no,no,no,no,False
101129567,METROPOLITAN NASHVILLE POLICE DEPT,20160220487,Davidson,Nashville,3/7/2016 5:31:00 PM,2,0,0,36.170560,-86.797930,I 40,,,,0.00,,,,,,,208.00,N,Not at Intersection, ,Non-Junction,None,,,         ,Michael,Brooks,Cloudy,Front to Rear,no,no,no,no,no,False
101129568,METROPOLITAN NASHVILLE POLICE DEPT,20160220663,Davidson,Nashville,3/7/2016 6:48:00 PM,2,2,0,36.197610,-86.837320,CLARKSVILLE PKE,,,,0.00,,,ASHLAND CITY HWY,,,,0.00,Y,T-Intersection,N,Intersection,None,,,         ,Michael,Brooks,Cloudy,Angle,no,no,no,no,no,False
101129569,METROPOLITAN NASHVILLE POLICE DEPT,20160220855,Davidson,Nashville,3/7/2016 8:19:00 PM,2,0,0,36.231580,-86.798320,EWING DR,,,,793.00,Feet,West,VISTA LN,,,,0.00,N,Not at Intersection,N,Non-Junction,None,,,         ,Michael,Brooks,Cloudy,"Sideswipe, Same Direction",no,no,no,no,no,False
101129574,METROPOLITAN NASHVILLE POLICE DEPT,2016-0216630,Davidson,Nashville,3/6/2016 10:25:00 AM,2,0,0,36.148290,-86.810260,CENTENNIAL PARK PVTDR,,,,750.00,Feet,North,WEST END AV,,,,0.00,N,Not at Intersection,N,Non-Junction,None,,,         ,Allen,Bates,Clear,Angle,no,no,no,no,no,False
101129575,METROPOLITAN NASHVILLE POLICE DEPT,20160221043,Davidson,Nashville,3/7/2016 9:31:00 PM,1,0,0,36.094960,-86.807850,LONE OAK RD,,,,61.00,Feet,West,HUNT PL,,,,0.00,N,Not at Intersection,N,Non-Junction,None,,,         ,Tien,Nguyen,Clear,Not Collision with Motor Vehicle in Transport,no,no,no,no,no,False
101129579,METROPOLITAN NASHVILLE POLICE DEPT,20160221007,Davidson,Nashville,3/7/2016 9:19:00 PM,2,2,0,36.161570,-86.620090,I 40,,,,0.00,,,,,,,219.65,N,Not at Intersection,N,Non-Junction,None,,,         ,Noah,Melton,Clear,Front to Rear,no,no,no,no,no,False
101129581,METROPOLITAN NASHVILLE POLICE DEPT,2016-0207996,Davidson,Nashville,3/3/2016 5:08:00 PM,1,0,0,36.046120,-86.857360,OLD HICKORY BLVD,,,,600.00,Feet,West,WILDWOOD VALLEY DR,,,,0.00,N,Not at Intersection,N,Non-Junction,None,,,         ,William,King,Cloudy,Not Collision with Motor Vehicle in Transport,no,no,no,no,no,False
101129582,METROPOLITAN NASHVILLE POLICE DEPT,2016-0220009,Davidson,Nashville,3/7/2016 2:19:00 PM,2,2,0,36.039340,-86.785660,FRANKLIN PIKE CIR,,,,0.00,,,FRANKLIN PKE,,,,0.00,Y,Four-Way,N,Intersection-Related,None,,,         ,William,King,Clear,Front to Rear,no,no,no,no,no,False
101129583,METROPOLITAN NASHVILLE POLICE DEPT,2016-0220973,Davidson,Nashville,3/7/2016 8:50:00 PM,1,0,0,36.080820,-86.957050,I 40,,,,0.00,,,,,,,196.30,N,Not at Intersection,Y,Non-Junction,None,,,         ,Christopher,Clark,Clear,Not Collision with Motor Vehicle in Transport,no,no,no,no,no,False
101129590,GOODLETTSVILLE POLICE DEPT,16-08673,Davidson,Goodlettsville,3/7/2016 9:23:00 PM,2,0,0,36.309470,-86.695630,VIETNAM VETERANS BLVD SB EXT R,,,,0.00,,,CONFERENCE DR,,,,0.00,Y,T-Intersection, ,Entrance/Exit Ramp Related,None,,,         ,Donald,Brinton,Clear,Front to Rear,no,no,no,no,no,False
101129599,METROPOLITAN NASHVILLE POLICE DEPT,20160221317,Davidson,Nashville,3/7/2016 11:50:00 PM,2,0,0,36.053720,-86.658230,HICKORY HOLLOW MALL PVTDR PL,,,,230.00,Feet,South,MT VIEW RD,,,,0.00,N,Not at Intersection, ,Non-Junction,None,,,         ,Kyle,Arndt,Clear,Front to Rear,no,no,no,yes,yes,False
101129622,METROPOLITAN NASHVILLE POLICE DEPT,20160209994,Davidson,Nashville,3/4/2016 6:19:00 AM,5,0,0,36.042890,-86.654560,I 24,,,,0.00,,,,,,,59.70,N,Not at Intersection,N,Non-Junction,None,,,         ,David,Moser,Clear,Front to Rear,no,no,no,no,no,False
101129624,METROPOLITAN NASHVILLE POLICE DEPT,20160221465,Davidson,Nashville,3/8/2016 12:15:00 AM,3,1,0,36.157230,-86.760430,I40 W ENT RAMP,,,,0.00,,,I 24,,,,0.00,Y,Y-Intersection,N,Entrance/Exit Ramp Related,None,,,         ,John,Anderson,Clear,Front to Rear,no,no,no,no,no,False
101129629,METROPOLITAN NASHVILLE POLICE DEPT,20160221156,Davidson,Nashville,3/7/2016 10:20:00 PM,2,0,0,36.177680,-86.773230,-- UNKNOWN RAMP/ROAD --,,,,0.00,,,I 24,,,,0.00,Y,OTHER, ,Entrance/Exit Ramp Related,Work Zone,,,         ,Phouthasone,Phantakou,Clear,Front to Rear,no,no,no,no,no,False
101129634,METROPOLITAN NASHVILLE POLICE DEPT,2016-0221609,Davidson,Nashville,3/8/2016 12:30:00 AM,2,0,0,36.150900,-86.770640,4TH AVS,,,,0.00,,,I40 W EXT RAMP,,,,0.00,Y,Four-Way, ,Entrance/Exit Ramp Related,None,,,         ,Michael,Maclennan,Clear,"Sideswipe, Same Direction",no,no,no,no,no,False
101129655,METROPOLITAN NASHVILLE POLICE DEPT,20160221843,Davidson,Nashville,3/8/2016 3:49:00 AM,2,0,0,36.052800,-86.671640,I 24,,,,0.00,,,,,,,58.55,N,Not at Intersection,N,Non-Junction,None,,,         ,Kyle,Arndt,Clear,"Sideswipe, Same Direction",no,no,no,no,no,False
101129670,METROPOLITAN NASHVILLE POLICE DEPT,20160221832,Davidson,Nashville,3/8/2016 3:30:00 AM,1,0,0,36.218190,-86.803490,US HWY 431,,,,0.00,,,MOORMANS ARM RD,,,,0.00,Y,OTHER,N,OtherLocation,None,,,         ,Jordan,Vrbas,Clear,Not Collision with Motor Vehicle in Transport,no,no,no,yes,yes,False
101129685,METROPOLITAN NASHVILLE POLICE DEPT,20160219761,Davidson,Nashville,3/7/2016 1:14:00 PM,3,3,0,36.061900,-86.850270,HILLSBORO PKE,,,,433.00,Feet,South,TIMBERWOOD PL,,,,0.00,N,Not at Intersection,N,Non-Junction,None,,,         ,Nathan,Kemp,Clear,HeadOn,no,no,no,no,no,False
101129686,METROPOLITAN NASHVILLE POLICE DEPT,2016-0222097,Davidson,Nashville,3/8/2016 6:55:00 AM,2,0,0,36.077760,-86.911060,HIGHWAY 70S,,,,96.00,Feet,West,WINDSOR TERRACE DR,,,,0.00,N,Not at Intersection,N,Non-Junction,None,,,         ,Curtis,Rich,Clear,Angle,no,no,no,no,no,False
101129699,METROPOLITAN NASHVILLE POLICE DEPT,2016-0222143,Davidson,Nashville,3/8/2016 7:15:00 AM,2,0,0,36.143930,-86.881990,I 40,,,,0.00,,,,,,,202.40,N,Not at Intersection, ,Non-Junction,None,,,         ,Benjamin,Cantrell,Clear,Front to Rear,no,no,no,no,no,False
101129700,METROPOLITAN NASHVILLE POLICE DEPT,20160222120,Davidson,Nashville,3/8/2016 6:37:00 AM,2,0,0,36.183650,-86.610660,ANDREW JACKSON PKWY,,,,0.00,,,OLD HICKORY BLVD,,,,0.00,Y,Four-Way,N,Intersection,None,,,         ,James,Curtis,Clear,Front to Rear,no,no,no,no,no,False
101129706,METROPOLITAN NASHVILLE POLICE DEPT,2016-0222083,Davidson,Nashville,3/8/2016 6:20:00 AM,2,1,0,0.000000,0.000000,INTERSTATE 40,,,,350.00,Feet,East,DEMONBREUN ST. EXIT,,,,0.00,N,Not at Intersection,N,Non-Junction,None,,,         ,William,Vincion,Clear,Front to Rear,no,no,no,no,no,False
101129707,METROPOLITAN NASHVILLE POLICE DEPT,20160222137,Davidson,Nashville,3/8/2016 12:00:00 AM,2,0,0,36.152860,-86.765710,I 40,,,,0.00,,,,,,,210.65,N,Not at Intersection, ,Non-Junction,None,,,         ,Christian,Martin,Clear,"Sideswipe, Same Direction",no,no,no,no,no,False