master_record_number,agency,agency_tracking_number,county,city,collision_date,vehicles_involved,number_injured,number_dead,latitude,longitude,roadway_name,roadway_suffix,roadway_number,roadway_local_id,distance_from_reference,miles-feet_indicator,direction_from_reference,intersection_road_name,intersection_road_name_suffix,intersection_road_number,intersection_local_id,mile_marker,intersection_indicator,intersect_type,interchange_related_indicator,relation_to_junction,work_zone_type,construction_maintenance_zone,construction_maintenance_zone_location,fatal_case_number,officer_first_name,officer_last_name,weather_condition(s),manner_of_crash,pedestrian,bicycle,scooter,parking,hitrun,mou
101129708,METROPOLITAN NASHVILLE POLICE DEPT,20160222117,Davidson,Nashville,3/8/2016 7:36:00 AM,2,0,0,36.168360,-86.869450,BRILEY PKWYS,,,,0.00,,,BRILEY PKWY S ENT RAMP,,,,0.00,Y,OTHER, ,Intersection-Related,None,,,         ,Michael,Phelps,Clear,Angle,no,no,no,no,no,False
101129715,METROPOLITAN NASHVILLE POLICE DEPT,16-0219812,Davidson,Nashville,3/7/2016 1:15:00 PM,2,0,0,36.149650,-86.666380,DONELSON PKE,,,,310.00,Feet,North,ELM HILL PKE,,,,0.00,N,Not at Intersection,Y,Non-Junction,None,,,         ,Larry,Benz,Clear,Front to Rear,no,no,no,no,no,False
101129719,METROPOLITAN NASHVILLE POLICE DEPT,2016-0214163,Davidson,Not in City Limit,3/5/2016 11:49:00 AM,2,0,0,36.258140,-86.787340,I 24,,,,0.00,,,,,,,42.00,N,Not at Intersection,N,Non-Junction,None,,,         ,Kendra,Cowper,Rain,Not Collision with Motor Vehicle in Transport,no,no,no,no,yes,False
101129724,METROPOLITAN NASHVILLE POLICE DEPT,20160215369,Davidson,Nashville,3/5/2016 9:42:00 PM,3,0,1,36.141720,-86.778670,8TH AVS,,,,0.00,,,CHESTNUT ST,,,,0.00,Y,Four-Way,N,Intersection-Related,None,,,16-0135  ,Jessie,Loy,Clear,"Sideswipe, Same Direction",no,no,no,no,no,False
101129725,METROPOLITAN NASHVILLE POLICE DEPT,20160222217,Davidson,Nashville,3/8/2016 7:30:00 AM,2,1,0,36.172140,-86.601820,OLD HICKORY BLVD,,,,190.00,Feet,South,PRINCETON PL,,,,0.00,N,Not at Intersection,N,"Driveway, Alley Access, etc",None,,,         ,Candice,Soper,Clear,Angle,no,no,no,no,no,False
101129727,METROPOLITAN NASHVILLE POLICE DEPT,20160222272,Davidson,Nashville,3/8/2016 7:55:00 AM,2,0,0,36.170070,-86.593380,I 40,,,,0.00,,,,,,,221.25,N,Not at Intersection, ,,None,,,         ,James,Curtis,,,no,no,no,no,no,False
101129740,METROPOLITAN NASHVILLE POLICE DEPT,20160222171,Davidson,Nashville,3/8/2016 7:20:00 AM,2,0,0,36.039710,-86.762790,OLD HICKORY BLVD,,,,0.00,,,HEARTHSTONE LN,,,,0.00,Y,T-Intersection,N,Intersection,None,,,         ,Johnny,Crumby Jr.,Clear,Angle,no,no,no,no,no,False
101129749,METROPOLITAN NASHVILLE POLICE DEPT,20160222231,Davidson,Nashville,3/8/2016 7:28:00 AM,2,0,0,36.217690,-86.775100,I 65,,,,0.00,,,,,,,88.10,N,Not at Intersection, ,,None,,,         ,Michael,McCord,,,no,no,no,no,no,False
101129757,METROPOLITAN NASHVILLE POLICE DEPT,20160222191,Davidson,Antioch,3/8/2016 7:30:00 AM,2,0,0,36.020260,-86.626840,I 24,,,,0.00,,,,,,,62.00,N,Not at Intersection, ,Non-Junction,None,,,         ,Julius,Gallon,Clear,Front to Rear,no,no,no,no,no,False
101129761,METROPOLITAN NASHVILLE POLICE DEPT,2016-0214266,Davidson,Nashville,3/5/2016 1:03:00 PM,2,0,0,36.156580,-86.787480,12TH AVS,,,,0.00,,,BROADWAY,,,,0.00,Y,Four-Way, ,Intersection,None,,,         ,Daniel,Massey,Clear,"Sideswipe, Same Direction",no,no,no,no,no,False
101129763,METROPOLITAN NASHVILLE POLICE DEPT,20160222310,Davidson,Nashville,3/8/2016 8:12:00 AM,2,0,0,36.079610,-86.758540,TROUSDALE DR,,,,0.00,,,RICHMAR DR,,,,0.00,Y,T-Intersection, ,Intersection,None,,,         ,Brent,Bauer,Cloudy,Angle,no,no,no,no,no,False
101129768,METROPOLITAN NASHVILLE POLICE DEPT,2016-0222324,Davidson,Nashville,3/8/2016 8:30:00 AM,2,0,0,36.168790,-86.811690,JEFFERSON ST,,,,500.00,Feet,East,21ST AVN,,,,0.00,N,Not at Intersection, ,,None,,,         ,Darryl,Morton,,,no,no,no,no,no,False
101129773,METROPOLITAN NASHVILLE POLICE DEPT,20160210820,Davidson,Nashville,3/4/2016 12:00:00 PM,2,0,0,36.171430,-86.769040,INTERSTATE DR,,,,0.00,,,JAMES ROBERTSON PKWY,,,,0.00,Y,Four-Way, ,Intersection-Related,None,,,         ,Shawn,Taylor,Clear,Front to Rear,no,no,no,no,no,False
101129775,METROPOLITAN NASHVILLE POLICE DEPT,20160222302,Davidson,Nashville,3/8/2016 8:16:00 AM,2,0,0,36.133120,-86.799990,PORTLAND AV,,,,0.00,,,20TH AVS,,,,0.00,Y,Four-Way, ,Intersection,None,,,         ,Nathan,Kemp,Clear,Angle,no,no,no,no,no,False
101129777,METROPOLITAN NASHVILLE POLICE DEPT,20160222378,Davidson,Nashville,3/8/2016 8:37:00 AM,2,0,0,36.139940,-86.800450,21ST AVS,,,,119.00,Feet,North,PIERCE AV,,,,0.00,N,Not at Intersection,N,Non-Junction,None,,,         ,Nathan,Kemp,Clear,"Sideswipe, Same Direction",no,no,no,no,no,Campus
101129778,METROPOLITAN NASHVILLE POLICE DEPT,20160222471,Davidson,Nashville,3/8/2016 9:23:00 AM,1,0,0,36.155210,-86.806390,22ND AVN,,,,200.00,Feet,North,MURPHY AV,,,,0.00,N,Not at Intersection, ,Non-Junction,None,,,         ,Nathan,Kemp,Clear,Not Collision with Motor Vehicle in Transport,no,no,no,no,no,False
101129799,METROPOLITAN NASHVILLE POLICE DEPT,20160222206,Davidson,Nashville,3/8/2016 7:09:00 AM,2,0,0,36.213460,-86.775600,I 65,,,,0.00,,,,,,,87.85,N,Not at Intersection, ,Non-Junction,None,,,         ,Michael,McCord,Cloudy,"Sideswipe, Same Direction",no,no,no,no,no,False
101129803,METROPOLITAN NASHVILLE POLICE DEPT,20160222281,Davidson,Nashville,3/8/2016 8:05:00 AM,2,0,0,36.044770,-86.661020,BELL RD,,,,163.00,Feet,West,I24 E ENT RAMP,,,,0.00,N,Not at Intersection,N,Non-Junction,None,,,         ,Jonathan,Cavezza,Clear,Angle,no,no,no,no,no,False
101129806,METROPOLITAN NASHVILLE POLICE DEPT,20160222190,Davidson,Nashville,3/8/2016 7:15:00 AM,2,2,0,36.195380,-86.866120,BRILEY PKWYS,,,,1011.00,Feet,North,BRILEY PKWYN,,,,0.00,N,Not at Intersection,N,Non-Junction,None,,,         ,Cary,Briley,Clear,Front to Rear,no,no,no,no,no,False
101129808,METROPOLITAN NASHVILLE POLICE DEPT,2016-0222428,Davidson,Nashville,3/8/2016 9:11:00 AM,2,0,0,36.246510,-86.756590,DICKERSON PKE,,,,56.00,Feet,South,SKYLINE COMMONS PVTDR,,,,0.00,N,Not at Intersection,N,Non-Junction,None,,,         ,Arthur,Hipp,Cloudy,"Sideswipe, Same Direction",no,no,no,no,yes,False
101129823,METROPOLITAN NASHVILLE POLICE DEPT,2016-0219932,Davidson,Nashville,3/7/2016 2:00:00 PM,2,0,0,36.100880,-86.727560,ANTIOCH PKE,,,,142.00,Feet,East,COLBY DR,,,,0.00,N,Not at Intersection,N,Non-Junction,None,,,         ,Michael,Payne,Clear,Rear to Rear,no,no,no,yes,no,False
101129824,METROPOLITAN NASHVILLE POLICE DEPT,2016-0222556,Davidson,Nashville,3/8/2016 10:02:00 AM,2,2,0,36.134230,-86.826240,US HWY 70S,,,,326.00,Feet,West,BOWLING AVE,,,,0.00,N,Not at Intersection,N,Non-Junction,None,,,         ,Walter,Gray II,Cloudy,Front to Rear,no,no,no,no,no,False
101129828,METROPOLITAN NASHVILLE POLICE DEPT,20160220148,Davidson,Nashville,3/7/2016 3:00:00 PM,2,0,0,36.219720,-86.597600,WINDSOR CHASE WAY,,,,0.00,,,ANDREW JACKSON PKWY,,,,0.00,Y,T-Intersection, ,Intersection,None,,,         ,Dontaveous,Eubanks,Clear,Angle,no,no,no,no,no,False
101129842,METROPOLITAN NASHVILLE POLICE DEPT,2016-0222761,Davidson,Nashville,3/8/2016 11:00:00 AM,2,0,0,36.129300,-86.904350,CHARLOTTE PKE,,,,0.00,,,CHARLOTTE PKE PVTDR,,,,0.00,Y,Y-Intersection, ,Intersection,None,,,         ,Curtis,Rich,Clear,Angle,no,no,no,no,no,False
101129843,METROPOLITAN NASHVILLE POLICE DEPT,20160222505,Davidson,Nashville,3/8/2016 9:00:00 AM,2,0,0,36.039320,-86.782030,OLD HICKORY BLVD,,,,96.00,Feet,West,I65 N EXT RAMP,,,,0.00,N,Not at Intersection, ,,None,,,         ,Brent,Bauer,,,no,no,no,no,no,False
101129844,METROPOLITAN NASHVILLE POLICE DEPT,20160222827,Davidson,Nashville,3/8/2016 12:00:00 AM,1,0,0,36.191780,-86.784770,I 65,,,,0.00,,,,,,,86.05,N,Not at Intersection, ,,None,,,         ,Joshua,Baker,,,no,no,no,no,no,False
101129854,METROPOLITAN NASHVILLE POLICE DEPT,20160222743,Davidson,Nashville,3/8/2016 10:52:00 AM,2,0,0,36.190840,-86.615350,OLD HICKORY BLVD,,,,0.00,,,OLD LEBANON DIRT RD,,,,0.00,,Not at Intersection, ,OtherLocation,None,,,         ,Candice,Soper,Clear,Angle,no,no,no,yes,no,False
101129863,METROPOLITAN NASHVILLE POLICE DEPT,20160222821,Davidson,Nashville,3/8/2016 12:00:00 AM,2,0,0,36.154710,-86.773120,4TH AVS,,,,0.00,,,LEA AV,,,,0.00,Y,Four-Way, ,,None,,,         ,Christian,Martin,,,no,no,no,no,no,False
101129864,METROPOLITAN NASHVILLE POLICE DEPT,20160222765,Davidson,Nashville,3/8/2016 11:08:00 AM,2,0,0,36.089650,-86.806020,HARDING PL,,,,0.00,,,BELMONT PARK TER,,,,0.00,Y,Four-Way,N,Intersection,None,,,         ,Nathan,Kemp,Clear,"Sideswipe, Same Direction",no,no,no,no,no,False
101129869,METROPOLITAN NASHVILLE POLICE DEPT,20160222774,Davidson,Nashville,3/8/2016 11:09:00 AM,2,0,0,36.112390,-86.768020,THOMPSON LN,,,,0.00,,,OLD POWELL AV,,,,0.00,Y,Four-Way, ,Intersection-Related,None,,,         ,Darrell,Osment,Clear,Front to Rear,no,no,no,no,no,False
101129874,METROPOLITAN NASHVILLE POLICE DEPT,20160222718,Davidson,Nashville,3/8/2016 11:05:00 AM,1,0,0,36.077390,-86.657930,UNA ANTIOCH PKE,,,,15.00,Feet,West,OKEE TRL,,,,0.00,N,Not at Intersection,N,Non-Junction,None,,,         ,Jessie,Meadows,Clear,Not Collision with Motor Vehicle in Transport,no,no,no,no,yes,False
101129889,METROPOLITAN NASHVILLE POLICE DEPT,20160222893,Davidson,Nashville,3/8/2016 11:40:00 AM,2,0,0,36.256190,-86.714390,NEELYS BEND RD,,,,0.00,,,GALLATIN PKES,,,,0.00,Y,T-Intersection, ,Non-Junction,None,,,         ,Brian,Otto,Clear,Angle,no,no,no,no,no,False
101129890,METROPOLITAN NASHVILLE POLICE DEPT,20160199266,Davidson,Nashville,3/1/2016 9:15:00 AM,3,1,0,36.199990,-86.776690,I 65,,,,0.00,,,,,,,86.85,N,Not at Intersection,N,Non-Junction,None,,,         ,Earnest,Fields,Cloudy,Front to Rear,no,no,no,no,no,False
101129895,METROPOLITAN NASHVILLE POLICE DEPT,2016-0222192,Davidson,Nashville,3/8/2016 7:25:00 AM,2,0,0,36.182570,-86.767080,GRACE ST,,,,567.00,Feet,West,LISCHEY AV,,,,0.00,N,Not at Intersection,N,Non-Junction,None,,,         ,Coleman,Womack,Clear,"Sideswipe, Same Direction",no,no,no,no,yes,False
101129896,VANDERBILT UNIVERSITY POLICE,16-0222552,Davidson,Nashville,3/8/2016 9:10:00 AM,2,0,0,36.139280,-86.803600,CHILDRENS WAY,,,,0.00,,,,,,,0.00,,OTHER,N,"Driveway, Alley Access, etc",None,,,         ,Donald,Clark,Clear,Angle,no,no,no,yes,no,Campus
101129901,METROPOLITAN NASHVILLE POLICE DEPT,20160222284,Davidson,Nashville,3/8/2016 7:45:00 AM,2,0,0,36.084950,-86.727950,PARAGON MILLS RD,,,,83.00,Feet,East,NOLENSVILLE PKE,,,,0.00,N,Not at Intersection,N,Non-Junction,None,,,         ,James,Thomas,Clear,Front to Rear,no,no,no,no,yes,False
101129904,METROPOLITAN NASHVILLE POLICE DEPT,2016--0219482,Davidson,Nashville,3/7/2016 11:35:00 AM,2,0,0,0.000000,0.000000,5TH AVENUE NORTH,,,,30.00,Feet,North,BROADWAY,,,,0.00,N,Not at Intersection, ,,None,,,         ,William,Vincion,,,no,no,no,no,no,False
101129909,METROPOLITAN NASHVILLE POLICE DEPT,20160223158,Davidson,Nashville,3/8/2016 1:07:00 PM,2,0,0,36.086580,-86.771970,FRANKLIN PKE,,,,0.00,,,HARDING PL,,,,0.00,Y,Four-Way,N,Intersection,None,,,         ,Nathan,Kemp,Clear,Front to Rear,no,no,no,no,no,False
101129919,METROPOLITAN NASHVILLE POLICE DEPT,2016-0219550,Davidson,Nashville,3/6/2016 11:00:00 PM,1,0,0,36.224420,-86.762370,SUNSET CIR,,,,144.00,Feet,North,SUNSET DR,,,,0.00,N,Not at Intersection,N,Non-Junction,None,,,         ,Coleman,Womack,Unknown,Not Collision with Motor Vehicle in Transport,no,no,no,no,yes,False
101129921,METROPOLITAN NASHVILLE POLICE DEPT,20160222701,Davidson,Nashville,3/8/2016 10:30:00 AM,2,0,0,36.069600,-86.770240,I 65,,,,0.00,,,,,,,76.90,N,Not at Intersection, ,Non-Junction,None,,,         ,Brent,Bauer,Clear,"Sideswipe, Same Direction",no,no,no,no,no,False
101129925,METROPOLITAN NASHVILLE POLICE DEPT,20160223141,Davidson,Nashville,3/8/2016 12:41:00 PM,1,0,0,36.159520,-86.622940,I 40,,,,0.00,,,,,,,219.40,N,Not at Intersection, ,Non-Junction,None,,,         ,Cassandra,Del Bosco,Clear,Not Collision with Motor Vehicle in Transport,no,no,no,no,no,False
101129952,METROPOLITAN NASHVILLE POLICE DEPT,2016-0222292,Davidson,Nashville,3/8/2016 7:30:00 AM,1,0,0,36.188840,-86.752020,GRANADA AV,,,,412.00,Feet,West,LAURENT ST,,,,0.00,N,Not at Intersection,N,Non-Junction,None,,,         ,Coleman,Womack,Clear,Not Collision with Motor Vehicle in Transport,no,no,no,no,yes,False
101129954,METROPOLITAN NASHVILLE POLICE DEPT,20160222306,Davidson,Nashville,3/8/2016 8:15:00 AM,2,0,0,36.154490,-86.792390,BROADWAY,,,,169.00,Feet,East,16TH AVN,,,,0.00,N,Not at Intersection, ,,None,,,         ,Erik,Wagner,,,no,no,no,no,no,False
101129966,METROPOLITAN NASHVILLE POLICE DEPT,20160223135,Davidson,Nashville,3/8/2016 1:34:00 PM,2,0,0,36.117780,-86.699660,MURFREESBORO PKE,,,,181.00,Feet,North,BRILEY PKWY N EXT RAMP,,,,0.00,N,Not at Intersection, ,Non-Junction,None,,,         ,Jessie,Meadows,Clear,"Sideswipe, Opposite Direction",no,no,no,no,no,False
101130017,METROPOLITAN NASHVILLE POLICE DEPT,20160223389,Davidson,Nashville,3/8/2016 2:10:00 PM,1,1,0,36.181270,-86.800140,I 65,,,,0.00,,,,,,,85.10,N,Not at Intersection,N,OtherLocation,None,,,         ,Joshua,Baker,Clear,Not Collision with Motor Vehicle in Transport,no,no,no,no,no,False
101130038,METROPOLITAN NASHVILLE POLICE DEPT,20160204823,Davidson,Goodlettsville,3/2/2016 7:22:00 PM,2,1,0,36.285170,-86.692630,MYATT DR,,,,0.00,,,NORTHGATE BUSINESS PKWY,,,,0.00,Y,T-Intersection,N,Intersection,None,,,         ,Carlos,Urrutia,Clear,Front to Rear,no,no,no,no,yes,False
101130050,BERRY HILL POLICE DEPT,16-0839,Davidson,Berry Hill,3/8/2016 12:40:00 PM,2,0,0,36.114180,-86.766700,BRANSFORD AV,,,,459.00,Feet,North,HEATHER PL,,,,0.00,N,Not at Intersection, ,Non-Junction,None,,,         ,Ronnie,Hill,Clear,Front to Rear,no,no,no,no,no,False
101130060,METROPOLITAN NASHVILLE POLICE DEPT,20160211637,Davidson,Madison,3/4/2016 4:39:00 PM,2,0,0,36.247240,-86.720820,GALLATIN PKES,,,,229.00,Feet,North,BERKLEY DR,,,,0.00,N,Not at Intersection,N,Non-Junction,None,,,         ,Carlos,Urrutia,Clear,Front to Rear,no,no,no,no,yes,False
101130070,METROPOLITAN NASHVILLE POLICE DEPT,2016-0223548,Davidson,Nashville,3/8/2016 3:19:00 PM,2,0,0,36.151900,-86.850340,US HWY 70,,,,130.00,Feet,West,52ND AVE N,,,,0.00,N,Not at Intersection, ,Non-Junction,None,,,         ,Walter,Gray II,Clear,Front to Rear,no,no,no,no,no,False
101130072,METROPOLITAN NASHVILLE POLICE DEPT,20160223552,Davidson,Nashville,3/8/2016 3:08:00 PM,2,0,0,36.095510,-86.653810,OLD MURFREESBORO PKE,,,,0.00,,,MURFREESBORO PKE RAMP,,,,0.00,Y,T-Intersection,N,Intersection,None,,,         ,Michael,Apsey,Clear,Angle,no,no,no,no,no,False
101130076,METROPOLITAN NASHVILLE POLICE DEPT,20160223678,Davidson,Nashville,3/8/2016 4:00:00 PM,2,0,0,36.135540,-86.797170,MAGNOLIA BLVD,,,,0.00,,,17TH AVS,,,,0.00,Y,T-Intersection, ,Intersection-Related,None,,,         ,Tien,Nguyen,Clear,"Sideswipe, Same Direction",no,no,no,no,no,False
101130083,METROPOLITAN NASHVILLE POLICE DEPT,20160223476,Davidson,Nashville,3/8/2016 3:15:00 PM,2,0,0,36.044630,-86.650740,CROSSINGS BLVD,,,,90.00,Feet,East,HICKORY HOLLOW PKWY,,,,0.00,N,Not at Intersection, ,Non-Junction,None,,,         ,Jessie,Meadows,Clear,Front to Rear,no,no,no,no,no,False
101130084,METROPOLITAN NASHVILLE POLICE DEPT,20160223690,Davidson,Nashville,3/8/2016 4:24:00 PM,2,0,0,36.071040,-86.635270,MURFREESBORO PKE,,,,404.00,Feet,South,BELL RD,,,,0.00,N,Not at Intersection, ,Non-Junction,None,,,         ,Jessie,Meadows,Clear,Front to Rear,no,no,no,no,no,False
101130100,METROPOLITAN NASHVILLE POLICE DEPT,20160223639,Davidson,Nashville,3/8/2016 2:45:00 PM,2,0,0,36.149130,-86.775400,I 40,,,,0.00,,,,,,,210.10,N,Not at Intersection, ,Non-Junction,None,,,         ,Michael,Baron,Clear,Angle,no,no,no,no,no,False
101130101,VANDERBILT UNIVERSITY POLICE,16-0223688,Davidson,Nashville,3/8/2016 3:45:00 PM,2,0,0,36.142210,-86.775000,CHESTNUT ST,,,,254.00,Feet,East,FORT NEGLEY BLVD,,,,0.00,N,Not at Intersection, ,,None,,,         ,Cedric,Edwards,,,no,no,no,yes,no,False
101130108,METROPOLITAN NASHVILLE POLICE DEPT,20160223468,Davidson,Nashville,3/8/2016 2:40:00 PM,2,0,0,0.000000,0.000000,GALLATIN,AVE,,,0.00,,,,,US,,0.00,Y,OTHER, ,Intersection-Related,None,,,         ,Terence,Maahs,Clear,Front to Rear,no,no,no,no,yes,False
101130110,METROPOLITAN NASHVILLE POLICE DEPT,20160223840,Davidson,Nashville,3/8/2016 5:22:00 PM,2,0,0,36.135130,-86.725230,I24 W EXT RAMP,,,,0.00,Feet,East,I24 W ENT RAMP,,,,0.00,N,Not at Intersection, ,Entrance/Exit Ramp Related,None,,,         ,Jessie,Meadows,Clear,"Sideswipe, Same Direction",no,no,no,no,no,False
101130112,METROPOLITAN NASHVILLE POLICE DEPT,20160223699,Davidson,Nashville,3/8/2016 4:05:00 PM,2,0,0,36.068920,-86.662600,UNA ANTIOCH PKE,,,,316.00,Feet,North,STREAMFIELD PASS,,,,0.00,N,Not at Intersection,N,Non-Junction,None,,,         ,Matthew,Johnson,Clear,Angle,no,no,no,no,no,False
101130114,METROPOLITAN NASHVILLE POLICE DEPT,20160223822,Davidson,Nashville,3/8/2016 4:35:00 PM,2,0,0,36.152540,-86.766010,I 40,,,,0.00,,,,,,,210.60,N,Not at Intersection, ,,None,,,         ,John,Kelley,,,no,no,no,no,no,False
101130118,METROPOLITAN NASHVILLE POLICE DEPT,20160223522,Davidson,Nashville,3/8/2016 2:31:00 PM,2,0,0,36.169680,-86.821300,W HEIMAN ST,,,,0.00,,,ED TEMPLE BLVD,,,,0.00,Y,Four-Way, ,Intersection,None,,,         ,Michael,Brooks,Clear,Angle,no,no,no,no,no,False
101130119,METROPOLITAN NASHVILLE POLICE DEPT,20160223620,Davidson,Not in City Limit,3/8/2016 3:47:00 PM,3,1,0,36.257090,-86.848830,CLARKSVILLE PKE,,,,813.00,Feet,North,DRY FORK RD,,,,0.00,N,Not at Intersection,N,Non-Junction,None,,,         ,Michael,Brooks,Clear,Angle,no,no,no,no,no,False
101130123,METROPOLITAN NASHVILLE POLICE DEPT,20160223842,Davidson,Nashville,3/8/2016 4:44:00 PM,2,0,0,36.040010,-86.743470,OLD HICKORY BLVD,,,,0.00,,,EDMONDSON PKE,,,,0.00,Y,Four-Way, ,Intersection-Related,None,,,         ,Tien,Nguyen,Clear,Angle,no,no,no,no,no,False
101130125,METROPOLITAN NASHVILLE POLICE DEPT,2016-0223887,Davidson,Nashville,3/8/2016 5:09:00 PM,2,1,0,36.154000,-86.858190,ROBERTSON AV,,,,0.00,,,MIDLAND AV,,,,0.00,Y,T-Intersection,N,Non-Junction,None,,,         ,Michael,Rogers,Clear,Front to Rear,no,no,no,no,no,False
101130132,VANDERBILT UNIVERSITY POLICE,16-0223696,Davidson,Nashville,3/8/2016 3:50:00 PM,2,0,0,36.140610,-86.805080,24TH AVS,,,,253.00,Feet,North,PIERCE AV,,,,0.00,N,Not at Intersection, ,Non-Junction,None,,,         ,Donald,Dennis,Clear,Angle,no,no,no,yes,no,Campus
101130133,METROPOLITAN NASHVILLE POLICE DEPT,20160223902,Davidson,Nashville,3/8/2016 5:15:00 PM,2,0,0,36.155850,-86.777290,KOREAN VETERANS BLVD,,,,0.00,,,6TH AVS,,,,0.00,Y,Four-Way,N,Intersection-Related,None,,,         ,Michael,Baron,Clear,Front to Rear,no,no,no,no,no,False
101130140,METROPOLITAN NASHVILLE POLICE DEPT,20160223929,Davidson,Nashville,3/8/2016 4:52:00 PM,2,0,0,36.189060,-86.607210,ANDREW JACKSON PKWY,,,,293.00,Feet,West,CHANDLER RD,,,,0.00,N,Not at Intersection, ,OtherLocation,None,,,         ,Christopher,Mackey,Clear,Other,no,no,no,no,no,False
101130143,METROPOLITAN NASHVILLE POLICE DEPT,20160224068,Davidson,Nashville,3/8/2016 6:00:00 PM,3,0,0,36.064790,-86.628480,HAMILTON CHURCH RD,,,,0.00,,,MURFREESBORO PKE,,,,0.00,Y,Four-Way, ,Intersection,None,,,         ,Jeffrey,Livingston,Clear,Front to Rear,no,no,no,no,yes,False
101130144,METROPOLITAN NASHVILLE POLICE DEPT,20160223576,Davidson,Nashville,3/8/2016 3:30:00 PM,2,7,0,36.092170,-86.651850,MURFREESBORO PKE,,,,376.00,Feet,North,BRITISH WOODS DR,,,,0.00,N,Not at Intersection,N,Non-Junction,None,,,         ,William,Durham,Clear,Angle,no,no,no,no,no,False
101130145,METROPOLITAN NASHVILLE POLICE DEPT,20160224043,Davidson,Nashville,3/8/2016 4:17:00 PM,2,0,0,36.084230,-86.705670,HARDING PL,,,,69.00,Feet,East,LINBAR DR,,,,0.00,N,Not at Intersection,N,Non-Junction,None,,,         ,William,Durham,Clear,Front to Rear,no,no,no,no,yes,False
101130157,THP District 9 - Administrative,316012037,Davidson,Nashville,2/26/2016 12:00:00 AM,3,1,0,36.154960,-86.627180,STEWARTS FERRY PIKE,,,,0.00,,,RAMP,,,,0.00,Y,OTHER,N,Intersection,None,,,         ,Steven,Lowery,Clear,Front to Rear,no,no,no,no,no,False
101130159,METROPOLITAN NASHVILLE POLICE DEPT,20160223669,Davidson,Nashville,3/8/2016 3:58:00 PM,2,0,0,36.152140,-86.797770,WEST END AV,,,,300.00,Feet,West,19TH AVN,,,,0.00,N,Not at Intersection, ,Non-Junction,None,,,         ,Clyde,Stambaugh,Clear,Front to Rear,no,no,no,no,no,False
101130160,METROPOLITAN NASHVILLE POLICE DEPT,20160223784,Davidson,Nashville,3/8/2016 4:28:00 PM,2,0,0,36.155690,-86.789740,I40 E EXT RAMP,,,,0.00,,,I40 E ENT RAMP,,,,0.00,Y,Four-Way, ,Intersection,None,,,         ,Clyde,Stambaugh,Clear,"Sideswipe, Same Direction",no,no,no,no,no,False
101130161,METROPOLITAN NASHVILLE POLICE DEPT,20160223895,Davidson,Nashville,3/8/2016 5:00:00 PM,2,0,0,36.152430,-86.766280,I 40,,,,0.00,,,,,,,210.60,N,Not at Intersection, ,,None,,,         ,John,Kelley,,,no,no,no,no,no,False
101130165,METROPOLITAN NASHVILLE POLICE DEPT,20160224168,Davidson,Nashville,3/8/2016 6:05:00 PM,2,0,0,36.147660,-86.768470,4TH AVS,,,,0.00,,,CAMERON ST,,,,0.00,Y,T-Intersection,N,Intersection-Related,None,,,         ,Tien,Nguyen,Clear,"Sideswipe, Same Direction",no,no,no,no,no,False
101130170,METROPOLITAN NASHVILLE POLICE DEPT,20160220999,Davidson,Nashville,3/7/2016 7:58:00 PM,2,0,0,36.164230,-86.777730,CHURCH ST,,,,0.00,,,3RD AVN,,,,0.00,Y,Four-Way, ,,None,,,         ,Michael,Douglas,,,no,no,no,no,no,False
101130173,GOODLETTSVILLE POLICE DEPT,16-08799,Davidson,Goodlettsville,3/8/2016 6:12:00 PM,2,1,0,36.298120,-86.713250,I 65,,,,0.00,,,,,,,95.00,N,Not at Intersection,N,Non-Junction,None,,,         ,Donald,Brinton,Clear,Front to Rear,no,no,no,no,no,False
101130176,METROPOLITAN NASHVILLE POLICE DEPT,20160223998,Davidson,Nashville,3/8/2016 6:05:00 PM,2,2,0,36.103400,-86.666480,FAIRCLOTH LN,,,,62.00,Feet,North,MURFREESBORO PKE,,,,0.00,N,Not at Intersection,N,Non-Junction,None,,,         ,Jessie,Meadows,Clear,Angle,no,no,no,no,no,False
101130178,METROPOLITAN NASHVILLE POLICE DEPT,20160223492,Davidson,Nashville,3/8/2016 2:56:00 PM,2,0,0,36.247370,-86.720740,GALLATIN PKES,,,,256.00,Feet,South,DUE WEST AVW,,,,0.00,N,Not at Intersection,N,Non-Junction,None,,,         ,Samuel,Miller,Clear,Angle,no,no,no,no,no,False
101130179,METROPOLITAN NASHVILLE POLICE DEPT,20160223691,Davidson,Nashville,3/8/2016 3:56:00 PM,2,0,0,36.241940,-86.747830,I65 N ENT RAMP,,,,0.00,,,I 65,,,,0.00,Y,OTHER, ,Non-Junction,None,,,         ,Samuel,Miller,Clear,"Sideswipe, Same Direction",no,no,no,no,no,False
101130182,METROPOLITAN NASHVILLE POLICE DEPT,20160224336,Davidson,Nashville,3/8/2016 7:07:00 PM,2,0,0,36.071870,-86.636180,MURFREESBORO PKE,,,,0.00,,,BELL RD,,,,0.00,Y,Four-Way,N,Non-Junction,None,,,         ,Larry,Preuett,Clear,Front to Rear,no,no,no,no,yes,False
101130189,METROPOLITAN NASHVILLE POLICE DEPT,20160224047,Davidson,Nashville,3/8/2016 6:08:00 PM,3,0,0,36.123330,-86.749380,I 440,,,,0.00,,,,,,,6.40,N,Not at Intersection,N,Non-Junction,None,,,         ,Clyde,Stambaugh,Clear,Front to Rear,no,no,no,no,no,False