master_record_number,agency,agency_tracking_number,county,city,collision_date,vehicles_involved,number_injured,number_dead,latitude,longitude,roadway_name,roadway_suffix,roadway_number,roadway_local_id,distance_from_reference,miles-feet_indicator,direction_from_reference,intersection_road_name,intersection_road_name_suffix,intersection_road_number,intersection_local_id,mile_marker,intersection_indicator,intersect_type,interchange_related_indicator,relation_to_junction,work_zone_type,construction_maintenance_zone,construction_maintenance_zone_location,fatal_case_number,officer_first_name,officer_last_name,weather_condition(s),manner_of_crash,pedestrian,bicycle,scooter,parking,hitrun,mou
101130630,METROPOLITAN NASHVILLE POLICE DEPT,2016-0226632,Davidson,Nashville,3/9/2016 11:50:00 AM,2,0,0,36.155700,-86.789760,14TH AVN,,,,23.00,Feet,North,I40 E ENT RAMP,,,,0.00,N,Not at Intersection, ,Non-Junction,None,,,         ,Edin,Plancic,Clear,"Sideswipe, Same Direction",no,no,no,no,no,False
101130640,METROPOLITAN NASHVILLE POLICE DEPT,20160226709,Davidson,Nashville,3/9/2016 12:40:00 PM,2,0,0,36.072210,-86.691700,I 24,,,,0.00,,,,,,,56.80,N,Not at Intersection,N,Non-Junction,None,,,         ,Kenneth,Alexandrow,Clear,Not Collision with Motor Vehicle in Transport,no,no,no,no,yes,False
101130641,METROPOLITAN NASHVILLE POLICE DEPT,20160226103,Davidson,Nashville,3/9/2016 8:25:00 AM,2,0,0,36.179970,-86.791070,5TH AVN,,,,150.00,Feet,North,MORGAN PARK CNCTR,,,,0.00,N,Not at Intersection,N,Non-Junction,None,,,         ,James,Jarvis,Clear,Front to Rear,no,no,no,no,no,False
101130643,METROPOLITAN NASHVILLE POLICE DEPT,20160226845,Davidson,Nashville,3/9/2016 1:03:00 PM,2,0,0,36.101480,-86.804180,SHACKLEFORD RD,,,,0.00,,,EDEN AV,,,,0.00,Y,T-Intersection,N,Intersection,None,,,         ,Johnny,Crumby Jr.,Clear,Angle,no,no,no,no,yes,False
101130648,METROPOLITAN NASHVILLE POLICE DEPT,20160226682,Davidson,Nashville,3/9/2016 12:37:00 PM,2,0,0,36.156480,-86.806440,CHARLOTTE AV,,,,0.00,,,21ST AVN,,,,0.00,Y,Four-Way, ,Non-Junction,None,,,         ,Spencer,Pittman,Clear,"Sideswipe, Same Direction",no,no,no,no,yes,False
101130649,METROPOLITAN NASHVILLE POLICE DEPT,20160226748,Davidson,Nashville,3/9/2016 12:54:00 PM,1,0,0,36.231780,-86.802760,EWING DR,,,,343.00,Feet,West,CLAYMILLE BLVD,,,,0.00,N,Not at Intersection,N,Non-Junction,None,,,         ,Michael,McCord,Clear,Not Collision with Motor Vehicle in Transport,no,no,no,no,no,False
101130664,METROPOLITAN NASHVILLE POLICE DEPT,20160227019,Davidson,Nashville,3/9/2016 2:25:00 PM,2,0,0,36.079830,-86.758520,TROUSDALE DR,,,,82.00,Feet,North,RICHMAR DR,,,,0.00,N,Not at Intersection, ,Non-Junction,None,,,         ,Brent,Bauer,Clear,"Sideswipe, Same Direction",no,no,no,no,no,False
101130672,METROPOLITAN NASHVILLE POLICE DEPT,2016-0226100,Davidson,Nashville,3/9/2016 9:05:00 AM,1,0,0,36.145920,-86.757830,TRIMBLE ST,,,,163.00,Feet,East,FAIRFIELD AV,,,,0.00,N,Not at Intersection, ,Non-Junction,None,,,         ,William,Whitworth,Cloudy,Not Collision with Motor Vehicle in Transport,no,no,no,no,no,False
101130673,METROPOLITAN NASHVILLE POLICE DEPT,2016-0226710,Davidson,Nashville,3/9/2016 12:53:00 PM,1,2,0,36.067100,-86.717920,NOLENSVILLE PKE,,,,157.00,Feet,North,NORTHCREST DR,,,,0.00,N,Not at Intersection,N,OtherLocation,None,,,         ,William,Whitworth,Cloudy,Not Collision with Motor Vehicle in Transport,yes,no,no,yes,no,False
101130681,METROPOLITAN NASHVILLE POLICE DEPT,20160227040,Davidson,Nashville,3/9/2016 1:55:00 PM,2,0,0,36.152710,-86.796610,WEST END AV,,,,210.00,Feet,West,18TH AVS,,,,0.00,N,Not at Intersection,N,Non-Junction,None,,,         ,Tien,Nguyen,Clear,Angle,no,no,no,no,no,False
101130698,METROPOLITAN NASHVILLE POLICE DEPT,20160227080,Davidson,Nashville,3/9/2016 2:51:00 PM,2,0,0,36.192020,-86.781200,I 65,,,,0.00,,,,,,,86.25,N,Not at Intersection, ,Non-Junction,None,,,         ,Brian,Woodard,Cloudy,Front to Rear,no,no,no,no,no,False
101130704,METROPOLITAN NASHVILLE POLICE DEPT,20160223774,Davidson,Madison,3/8/2016 4:36:00 PM,2,1,0,36.274860,-86.729640,GRAYCROFT CT,,,,0.00,,,N GRAYCROFT AV,,,,0.00,Y,T-Intersection,N,Intersection,None,,,         ,Carlos,Urrutia,Clear,Front to Rear,no,no,no,no,no,False
101130705,METROPOLITAN NASHVILLE POLICE DEPT,20160224089,Davidson,Nashville,3/8/2016 6:30:00 PM,2,0,0,36.231920,-86.783160,I 24,,,,0.00,,,,,,,44.00,N,Not at Intersection, ,Non-Junction,None,,,         ,Carlos,Urrutia,Clear,Front to Rear,no,no,no,no,no,False
101130711,METROPOLITAN NASHVILLE POLICE DEPT,20160227251,Davidson,Nashville,3/9/2016 3:46:00 PM,2,0,0,36.149260,-86.806400,ELLISTON PL,,,,288.00,Feet,North,24TH AVN,,,,0.00,N,Not at Intersection, ,Non-Junction,None,,,         ,Tien,Nguyen,Clear,"Sideswipe, Same Direction",no,no,no,no,no,Campus
101130727,METROPOLITAN NASHVILLE POLICE DEPT,20160227106,Davidson,Nashville,3/9/2016 2:50:00 PM,3,0,0,36.157760,-86.773160,KOREAN VETERANS BLVD,,,,83.00,Feet,East,3RD AVS,,,,0.00,N,Not at Intersection, ,Non-Junction,None,,,         ,Jason,Thomas,Clear,"Sideswipe, Same Direction",no,no,no,no,no,False
101130728,METROPOLITAN NASHVILLE POLICE DEPT,20160227057,Davidson,Nashville,3/9/2016 2:46:00 PM,2,1,0,36.167890,-86.777960,PUBLIC SQ,,,,0.00,,,JAMES ROBERTSON PKWY,,,,0.00,Y,OTHER,N,Intersection-Related,None,,,         ,Jacob,Partin,Clear,Angle,no,no,no,no,no,False
101130757,METROPOLITAN NASHVILLE POLICE DEPT,2016-0227225,Davidson,Nashville,3/9/2016 3:36:00 PM,2,0,0,36.108840,-86.922460,OLD HICKORY BLVD,,,,362.00,Feet,South,SONYA DR,,,,0.00,N,Not at Intersection,N,Non-Junction,None,,,         ,Walter,Gray II,Cloudy,Angle,no,no,no,no,no,False
101130759,METROPOLITAN NASHVILLE POLICE DEPT,20160221055,Davidson,Nashville,3/7/2016 8:15:00 PM,2,1,0,36.232670,-86.750380,WALTON LN,,,,0.00,,,,,,,0.00,,,N,Non-Junction,None,,,         ,Kevin,Crawford,Clear,Front to Rear,no,no,no,yes,yes,False
101130771,METROPOLITAN NASHVILLE POLICE DEPT,20160227406,Davidson,Nashville,3/9/2016 4:34:00 PM,2,0,0,36.077470,-86.773100,FRANKLIN PKE,,,,0.00,,,TYNE BLVD,,,,0.00,Y,Four-Way, ,Intersection-Related,None,,,         ,Tien,Nguyen,Cloudy,Front to Rear,no,no,no,no,no,False
101130793,METROPOLITAN NASHVILLE POLICE DEPT,20160227549,Davidson,Nashville,3/9/2016 5:17:00 PM,2,0,0,36.073600,-86.637810,MURFREESBORO PKE,,,,404.00,Feet,South,RURAL HILL RD,,,,0.00,N,Not at Intersection,N,Non-Junction,None,,,         ,William,Durham,Clear,Front to Rear,no,no,no,no,no,False
101130796,METROPOLITAN NASHVILLE POLICE DEPT,20160227374,Davidson,Nashville,3/9/2016 3:30:00 PM,3,0,0,36.207020,-86.791600,W TRINITY LN,,,,0.00,,,BAPTIST WORLD CENTER DR,,,,0.00,Y,Four-Way, ,,None,,,         ,Jonathan,Hadley,,,no,no,no,no,no,False
101130804,METROPOLITAN NASHVILLE POLICE DEPT,20160227561,Davidson,Nashville,3/9/2016 5:15:00 PM,2,0,0,36.153750,-86.757740,I 40,,,,0.00,,,,,,,211.10,N,Not at Intersection, ,Non-Junction,None,,,         ,John,Kelley,Clear,"Sideswipe, Same Direction",no,no,no,no,no,False
101130807,METROPOLITAN NASHVILLE POLICE DEPT,20160227713,Davidson,Nashville,3/9/2016 6:11:00 PM,2,0,0,36.107150,-86.788730,LEALAND LN,,,,0.00,,,GRANDVIEW DR,,,,0.00,Y,T-Intersection, ,Intersection-Related,None,,,         ,Tien,Nguyen,Clear,Front to Rear,no,no,no,no,no,False
101130808,METROPOLITAN NASHVILLE POLICE DEPT,20160227255,Davidson,Nashville,3/9/2016 3:15:00 PM,2,1,0,36.073960,-86.624520,ANDERSON RD,,,,103.00,Feet,East,CREEKVIEW DR,,,,0.00,N,Not at Intersection,N,Non-Junction,None,,,         ,Jessie,Meadows,Clear,Angle,no,no,no,no,no,False
101130809,METROPOLITAN NASHVILLE POLICE DEPT,20160227255,Davidson,Nashville,3/9/2016 4:32:00 PM,2,0,0,36.121340,-86.750400,NOLENSVILLE PKE,,,,155.00,Feet,South,I440 E ENT RAMP,,,,0.00,N,Not at Intersection, ,Non-Junction,None,,,         ,Jessie,Meadows,Clear,Front to Rear,no,no,no,no,no,False
101130810,METROPOLITAN NASHVILLE POLICE DEPT,20160227565,Davidson,Nashville,3/9/2016 5:55:00 PM,2,0,0,36.136190,-86.724820,SPENCE LN,,,,157.00,Feet,North,MURFREESBORO PKE,,,,0.00,N,Not at Intersection,N,Non-Junction,None,,,         ,Jessie,Meadows,Clear,"Sideswipe, Same Direction",no,no,no,no,yes,False
101130811,GOODLETTSVILLE POLICE DEPT,16-08957,Davidson,Goodlettsville,3/9/2016 5:55:00 PM,2,0,0,36.305910,-86.693820,CONFERENCE DR,,,,0.00,,,RIVERGATE MALL PVTDR,,,,0.00,Y,T-Intersection,N,Intersection-Related,None,,,         ,Rico,Jones,Clear,Angle,no,no,no,no,no,False
101130812,METROPOLITAN NASHVILLE POLICE DEPT,20160227625,Davidson,Antioch,3/9/2016 5:30:00 PM,2,0,0,36.049840,-86.562440,HURRICANE CREEK BOAT RMP,,,,220.00,Feet,East,ANDERSON RD,,,,0.00,N,Not at Intersection, ,Non-Junction,None,,,         ,Larry,Preuett,Clear,Front to Rear,no,no,no,no,no,False
101130814,METROPOLITAN NASHVILLE POLICE DEPT,20160227564,Davidson,Nashville,3/9/2016 5:20:00 PM,2,0,0,36.119310,-86.801610,I 440,,,,0.00,,,,,,,3.10,N,Not at Intersection, ,Non-Junction,None,,,         ,Tien,Nguyen,Clear,Front to Rear,no,no,no,no,no,False
101130825,METROPOLITAN NASHVILLE POLICE DEPT,20160224680,Davidson,Nashville,3/8/2016 10:10:00 PM,2,0,0,36.160520,-86.866420,STATE HWY 155,,,,819.00,Feet,North,DULUTH AVE,,,,0.00,N,Not at Intersection,N,Non-Junction,None,,,         ,Mark,Hatt,Clear,Not Collision with Motor Vehicle in Transport,no,no,no,no,no,False
101130826,METROPOLITAN NASHVILLE POLICE DEPT,20160226765,Davidson,Nashville,3/9/2016 2:07:00 PM,2,0,0,36.085080,-86.702960,HARDING PL,,,,36.00,Feet,West,I24 E EXT RAMP,,,,0.00,N,Not at Intersection, ,Non-Junction,None,,,         ,Jessie,Meadows,Clear,Front to Rear,no,no,no,no,no,False
101130827,METROPOLITAN NASHVILLE POLICE DEPT,20160226848,Davidson,Nashville,3/9/2016 1:50:00 PM,2,0,0,36.085080,-86.702960,HARDING PL,,,,36.00,Feet,West,I24 E EXT RAMP,,,,0.00,N,Not at Intersection,N,Non-Junction,None,,,         ,Jessie,Meadows,Clear,Front to Rear,no,no,no,no,no,False
101130831,METROPOLITAN NASHVILLE POLICE DEPT,20160227650,Davidson,Nashville,3/9/2016 5:47:00 PM,2,0,0,36.199740,-86.592040,TULIP GROVE RD,,,,0.00,,,CHANDLER RD,,,,0.00,Y,Four-Way,N,Intersection,None,,,         ,Tyler,Conrads,Clear,Angle,no,no,no,no,no,False
101130832,METROPOLITAN NASHVILLE POLICE DEPT,20160227772,Davidson,Nashville,3/9/2016 5:50:00 PM,2,0,0,36.052210,-86.644910,EAGLE VIEW BLVD,,,,0.00,,,BELL RD,,,,0.00,Y,T-Intersection, ,Intersection,None,,,         ,Jeffrey,Livingston,Cloudy,Front to Rear,no,no,no,no,no,False
101130833,METROPOLITAN NASHVILLE POLICE DEPT,20160227789,Davidson,Nashville,3/9/2016 3:00:00 PM,2,0,0,36.075260,-86.654540,DOVER GLEN DR,,,,197.00,Feet,East,SPLIT OAK TRL,,,,0.00,N,Not at Intersection,N,Non-Junction,None,,,         ,William,Durham,Clear,"Sideswipe, Same Direction",no,no,no,no,yes,False
101130840,METROPOLITAN NASHVILLE POLICE DEPT,20160227847,Davidson,Nashville,3/9/2016 6:54:00 PM,2,0,0,36.065240,-86.759230,HOGAN RD,,,,0.00,,,TROUSDALE DR,,,,0.00,Y,Four-Way, ,Intersection-Related,None,,,         ,Tien,Nguyen,Clear,Angle,no,no,no,no,no,False
101130849,METROPOLITAN NASHVILLE POLICE DEPT,20160227830,Davidson,Nashville,3/9/2016 6:45:00 PM,3,3,0,36.073800,-86.638010,MURFREESBORO PKE,,,,309.00,Feet,South,RURAL HILL RD,,,,0.00,N,Not at Intersection,N,Non-Junction,None,,,         ,Larry,Preuett,Clear,Front to Rear,no,no,no,no,no,False
101130850,METROPOLITAN NASHVILLE POLICE DEPT,20160227649,Davidson,Nashville,3/9/2016 5:46:00 PM,2,0,0,36.078540,-86.908400,HIGHWAY 70S,,,,174.00,Feet,East,ERIN LN,,,,0.00,N,Not at Intersection,N,Non-Junction,None,,,         ,Jeremy,Huffine,Clear,Angle,no,no,no,no,no,False
101130855,METROPOLITAN NASHVILLE POLICE DEPT,20160227818,Davidson,Nashville,3/9/2016 6:30:00 PM,2,0,0,36.106130,-86.815970,ABBOTT MARTIN RD,,,,0.00,,,BANDYWOOD DR,,,,0.00,Y,T-Intersection,N,Intersection,None,,,         ,Mark,Hatt,Cloudy,Angle,no,no,no,no,no,False
101130874,METROPOLITAN NASHVILLE POLICE DEPT,20160227670,Davidson,Not in City Limit,3/9/2016 5:40:00 PM,2,1,0,35.999450,-86.693430,NOLENSVILLE PKE,,,,0.00,,,CONCORD HILLS DR,,,,0.00,Y,T-Intersection,N,Non-Junction,None,,,         ,David,Collins,Clear,Front to Rear,no,no,no,no,no,False
101130877,METROPOLITAN NASHVILLE POLICE DEPT,20160227263,Davidson,Nashville,3/9/2016 3:50:00 PM,2,0,0,36.116040,-86.790260,I 440,,,,0.00,,,,,,,4.00,N,Not at Intersection,N,Non-Junction,None,,,         ,Clyde,Stambaugh,Clear,Front to Rear,no,no,no,no,yes,False
101130883,METROPOLITAN NASHVILLE POLICE DEPT,20160224195,Davidson,Not in City Limit,3/8/2016 6:29:00 PM,3,0,0,35.996870,-86.689890,CONCORD RD,,,,0.00,,,NOLENSVILLE PKE,,,,0.00,Y,T-Intersection, ,Intersection,None,,,         ,Nicholas,Berens,Clear,Front to Rear,no,no,no,no,no,False
101130894,METROPOLITAN NASHVILLE POLICE DEPT,20160227136,Davidson,Nashville,3/9/2016 3:10:00 PM,2,0,0,36.148860,-86.786680,HAWKINS ST,,,,0.00,,,13TH AVS,,,,0.00,Y,T-Intersection,N,Intersection,None,,,         ,Clyde,Stambaugh,Clear,Angle,no,no,no,no,no,False
101130901,METROPOLITAN NASHVILLE POLICE DEPT,2016-0219520,Davidson,Nashville,3/7/2016 11:53:00 AM,2,2,0,36.174090,-86.605340,CENTRAL PKE,,,,0.00,,,I40 E EXT RAMP,,,,0.00,Y,T-Intersection,N,Intersection,None,,,         ,Jeb,Johnston,Clear,Angle,no,no,no,no,no,False
101130903,METROPOLITAN NASHVILLE POLICE DEPT,20160228116,Davidson,Nashville,3/9/2016 7:25:00 PM,2,0,0,36.092720,-86.827510,US HWY 431,,,,163.00,Feet,South,FOREST PLACE CIR,,,,0.00,N,Not at Intersection,N,Non-Junction,None,,,         ,Mark,Hatt,Cloudy,Front to Rear,no,no,no,no,yes,False
101130906,Nashville Airport Police,16-00577,Davidson,Nashville,3/9/2016 1:45:00 PM,2,0,0,36.109690,-86.671460,KNAPP BLVD,,,,0.00,,,DONELSON PKE,,,,0.00,Y,Four-Way,N,Intersection,None,,,         ,Mark,Lawrence,Clear,Front to Rear,no,no,no,no,no,False
101130909,METROPOLITAN NASHVILLE POLICE DEPT,20160227725,Davidson,Nashville,3/9/2016 6:12:00 PM,2,2,0,36.073870,-86.623510,ANDERSON RD,,,,0.00,,,OWENDALE DR,,,,0.00,Y,Four-Way,N,Intersection-Related,None,,,         ,Michael,Apsey,Cloudy,Front to Rear,no,no,no,no,no,False
101130915,METROPOLITAN NASHVILLE POLICE DEPT,20160227279,Davidson,Nashville,3/9/2016 3:55:00 PM,2,2,0,36.184310,-86.754520,W EASTLAND AV,,,,0.00,,,MCFERRIN AV,,,,0.00,Y,Four-Way,N,Intersection,None,,,         ,Audrean,Manquero,Clear,Front to Rear,no,no,no,no,no,False
101130921,METROPOLITAN NASHVILLE POLICE DEPT,20160223663,Davidson,Nashville,3/8/2016 3:48:00 PM,2,0,0,36.156580,-86.787480,12TH AVS,,,,0.00,,,BROADWAY,,,,0.00,Y,Four-Way,N,Non-Junction,None,,,         ,Michael,Douglas,Clear,"Sideswipe, Same Direction",no,no,no,no,no,False
101130927,METROPOLITAN NASHVILLE POLICE DEPT,2016-0227955,Davidson,Nashville,3/9/2016 6:45:00 PM,2,0,0,36.117230,-86.876530,DAVIDSON RD,,,,0.00,,,HICKORY VALLEY RD,,,,0.00,Y,Y-Intersection, ,Intersection,None,,,         ,William,McDaniel,Clear,"Sideswipe, Same Direction",no,no,no,no,no,False
101130935,METROPOLITAN NASHVILLE POLICE DEPT,20160227155,Davidson,Nashville,3/9/2016 12:00:00 AM,1,1,0,36.182320,-86.805680,COFFEE ST,,,,105.00,Feet,West,11TH AVN,,,,0.00,N,Not at Intersection,N,Non-Junction,None,,,         ,Khalid,Abbady,Cloudy,Not Collision with Motor Vehicle in Transport,no,no,no,no,yes,False
101130936,METROPOLITAN NASHVILLE POLICE DEPT,20160227439,Davidson,Nashville,3/9/2016 4:45:00 PM,2,0,0,36.192050,-86.792910,VANTAGE WAY,,,,672.00,Feet,West,CUMBERLAND BND,,,,0.00,N,Not at Intersection,N,Non-Junction,None,,,         ,Khalid,Abbady,Cloudy,Front to Rear,no,no,no,no,no,False
101130937,METROPOLITAN NASHVILLE POLICE DEPT,20160227732,Davidson,Nashville,3/9/2016 6:15:00 PM,2,1,0,36.181670,-86.797070,ROSA L PARKS BLVD,,,,291.00,Feet,South,BUCHANAN ST,,,,0.00,N,Not at Intersection,N,Non-Junction,None,,,         ,Khalid,Abbady,Cloudy,Front to Rear,no,no,no,no,no,False
101130938,METROPOLITAN NASHVILLE POLICE DEPT,20160228309,Davidson,Nashville,3/9/2016 7:15:00 PM,2,0,0,36.175130,-86.807110,17TH AVN,,,,247.00,Feet,North,COCKRILL ST,,,,0.00,N,Not at Intersection, ,,None,,,         ,Khalid,Abbady,,,no,no,no,no,no,False
101130943,METROPOLITAN NASHVILLE POLICE DEPT,20160227743,Davidson,Nashville,3/9/2016 6:21:00 PM,2,0,0,36.166500,-86.761600,S 5TH ST,,,,0.00,,,SYLVAN ST,,,,0.00,Y,T-Intersection,N,Intersection,None,,,         ,Shawn,Rosson,Clear,"Sideswipe, Same Direction",no,no,no,no,yes,False
101130949,VANDERBILT UNIVERSITY POLICE,16-0228259,Davidson,Nashville,3/9/2016 9:00:00 PM,2,0,0,36.140740,-86.800340,21ST AVS,,,,0.00,,,DIXIE PL,,,,0.00,Y,OTHER, ,Non-Junction,None,,,         ,Alan,Reed,Cloudy,Front to Rear,no,no,no,no,no,Campus
101130957,METROPOLITAN NASHVILLE POLICE DEPT,20160227452,Davidson,Nashville,3/9/2016 3:36:00 PM,1,1,0,36.220080,-86.693700,MUSIC VALLEY DR,,,,0.00,,,RUDY CIR,,,,0.00,Y,T-Intersection,N,Intersection,None,,,         ,Felipe,Pereira,Clear,Not Collision with Motor Vehicle in Transport,yes,no,no,no,no,False
101130960,METROPOLITAN NASHVILLE POLICE DEPT,20160227467,Davidson,Nashville,3/9/2016 4:50:00 PM,2,0,0,36.238400,-86.779820,BRILEY PKWYE,,,,139.00,Feet,East,BRILEY PKWYW,,,,0.00,N,Not at Intersection, ,Non-Junction,None,,,         ,Samuel,Miller,Cloudy,Front to Rear,no,no,no,no,no,False
101130974,METROPOLITAN NASHVILLE POLICE DEPT,20160228655,Davidson,Not in City Limit,3/9/2016 11:05:00 PM,2,0,0,36.264350,-86.736520,OLD HICKORY BLVDW,,,,117.00,Feet,West,I65 N ENT RAMP,,,,0.00,N,Not at Intersection, ,Entrance/Exit Ramp Related,None,,,         ,Michael,Reid,Rain,"Sideswipe, Same Direction",no,no,no,no,yes,False
101130978,METROPOLITAN NASHVILLE POLICE DEPT,20160225626,Davidson,Nashville,3/9/2016 12:00:00 AM,3,1,0,36.045480,-86.647290,CROSSINGS BLVD,,,,0.00,,,MT VIEW RD,,,,0.00,Y,Four-Way,N,Intersection-Related,None,,,         ,Tyler,Adcock,Cloudy,Angle,no,no,no,no,no,False
101130979,METROPOLITAN NASHVILLE POLICE DEPT,20160228517,Davidson,Nashville,3/9/2016 12:00:00 AM,2,0,0,0.000000,0.000000,OLD HICKORY BLVD,,,,0.00,,,OLD HICKORY BLVD,BLVD,,,0.00,Y,Four-Way,N,Intersection-Related,None,,,         ,Justin,Chisholm,Clear,Angle,no,no,no,no,yes,False
101130983,METROPOLITAN NASHVILLE POLICE DEPT,20160228728,Davidson,Nashville,3/9/2016 11:39:00 PM,1,0,0,36.115630,-86.773190,I 65,,,,0.00,,,,,,,80.15,N,Not at Intersection,N,Entrance/Exit Ramp Related,None,,,         ,Tyler,Bryson,Rain,Not Collision with Motor Vehicle in Transport,no,no,no,no,no,False
101130987,METROPOLITAN NASHVILLE POLICE DEPT,20160228492,Davidson,Nashville,3/9/2016 10:09:00 PM,3,1,0,36.191420,-86.759550,N 7TH ST,,,,270.00,Feet,South,RICHARDSON AV,,,,0.00,N,Not at Intersection,N,Non-Junction,None,,,         ,Joshua,Lefler,Rain,Front to Rear,no,no,no,no,no,False
101131066,METROPOLITAN NASHVILLE POLICE DEPT,20160229132,Davidson,Nashville,3/10/2016 12:55:00 AM,2,0,0,0.000000,0.000000,WESTCREST,DR,,479,10.00,Feet,North,,,,,400.00,N,Not at Intersection,N,Non-Junction,None,,,         ,William,Hamblen,Rain,Angle,no,no,no,no,yes,False
101131073,METROPOLITAN NASHVILLE POLICE DEPT,20160229344,Davidson,Nashville,3/10/2016 12:00:00 AM,1,0,0,36.045830,-86.778760,I 65,,,,0.00,,,,,,,75.10,N,Not at Intersection,N,Non-Junction,None,,,         ,Thomas,West,Unknown,Unknown,no,no,no,no,yes,False
101131079,METROPOLITAN NASHVILLE POLICE DEPT,20160229387,Davidson,Nashville,3/10/2016 12:00:00 AM,1,0,0,36.107000,-86.719370,I24 W EXT RAMP,,,,0.00,,,I 24,,,,0.00,Y,OTHER,Y,Entrance/Exit Ramp Related,None,,,         ,Erik,Dabbs,Cloudy,Not Collision with Motor Vehicle in Transport,no,no,no,no,yes,False
101131084,METROPOLITAN NASHVILLE POLICE DEPT,20160229219,Davidson,Nashville,3/10/2016 2:55:00 AM,1,0,0,0.000000,0.000000,WEST END,AVE,,2500,300.00,Feet,North,,,,,250.00,N,Not at Intersection,N,Non-Junction,None,,,         ,William,Hamblen,Clear,Not Collision with Motor Vehicle in Transport,no,no,no,yes,no,False
101131090,BERRY HILL POLICE DEPT,16-0855,Davidson,Berry Hill,3/9/2016 12:20:00 PM,2,0,0,36.112170,-86.765360,THOMPSON LN,,,,355.00,Feet,South,BRANSFORD AV,,,,0.00,N,Not at Intersection, ,"Driveway, Alley Access, etc",None,,,         ,Ronnie,Hill,Clear,Front to Rear,no,no,no,yes,no,False
101131093,METROPOLITAN NASHVILLE POLICE DEPT,2016-0222167,Davidson,Nashville,3/8/2016 7:20:00 AM,2,0,0,36.142190,-86.666570,I40 W EXT RAMP,,,,0.00,,,DONELSON PKE,,,,0.00,Y,T-Intersection, ,Entrance/Exit Ramp Related,None,,,         ,Jeb,Johnston,Cloudy,Front to Rear,no,no,no,no,no,False
101131101,METROPOLITAN NASHVILLE POLICE DEPT,2016-0229619,Davidson,Nashville,3/10/2016 6:50:00 AM,2,1,0,36.125820,-86.846490,KENNER AV,,,,0.00,,,HARDING PKE,,,,0.00,Y,Four-Way,N,Intersection,None,,,         ,Curtis,Rich,Cloudy,Angle,no,no,no,no,no,False
101131102,METROPOLITAN NASHVILLE POLICE DEPT,20160226870,Davidson,Nashville,3/9/2016 1:40:00 PM,2,1,0,36.113190,-86.801620,WOODMONT BLVD,,,,0.00,Feet,,RICHARDS ST,,,,0.00,Y,Four-Way,Y,Non-Junction,None,,,         ,Bryant,Presley,Clear,Angle,no,no,no,no,no,False
101131104,METROPOLITAN NASHVILLE POLICE DEPT,20160229534,Davidson,Nashville,3/10/2016 5:55:00 AM,2,1,0,36.234130,-86.721750,BRILEY PKWY E ENT RAMP,,,,0.00,Feet,East,BRILEY PKWYE,,,,0.00,N,Not at Intersection,N,Non-Junction,None,,,         ,Douglas,Smith,Clear,"Sideswipe, Same Direction",no,no,no,no,no,False
101131107,METROPOLITAN NASHVILLE POLICE DEPT,2016-0223308,Davidson,Nashville,3/8/2016 1:46:00 PM,2,0,0,36.149690,-86.666390,DONELSON PKE,,,,323.00,Feet,North,ELM HILL PKE,,,,0.00,N,Not at Intersection, ,Non-Junction,None,,,         ,Jeb,Johnston,Cloudy,Angle,no,no,no,no,no,False
101131115,METROPOLITAN NASHVILLE POLICE DEPT,2016-0229660,Davidson,Not in City Limit,3/10/2016 7:00:00 AM,2,0,0,36.074680,-86.978580,I 40,,,,0.00,,,,,,,194.90,N,Not at Intersection, ,,None,,,         ,Douglas,Atwood,,,no,no,no,no,no,False
101131116,METROPOLITAN NASHVILLE POLICE DEPT,20160195738,Davidson,Goodlettsville,2/29/2016 10:02:00 AM,2,1,0,36.300270,-86.695800,GALLATIN PKEN,,,,293.00,Feet,East,RIVERGATE MALL PVTDR,,,,0.00,N,Not at Intersection,N,Non-Junction,None,,,         ,Brandon,Wood,Clear,Angle,no,no,no,no,no,False
101131124,METROPOLITAN NASHVILLE POLICE DEPT,20160219578,Davidson,Nashville,3/7/2016 12:09:00 PM,1,1,0,36.142850,-86.699220,I40 E ENT RAMP,,,,0.00,Feet,East,I 40,,,,0.00,N,Not at Intersection,Y,Entrance/Exit Ramp Related,None,,,         ,James,Curtis,Clear,Not Collision with Motor Vehicle in Transport,no,no,no,no,no,False
101131135,METROPOLITAN NASHVILLE POLICE DEPT,2016-0229765,Davidson,Nashville,3/10/2016 7:47:00 AM,3,0,0,36.145240,-86.646370,I 40,,,,0.00,,,,,,,217.20,N,Not at Intersection,N,Non-Junction,None,,,         ,Jeb,Johnston,Cloudy,Front to Rear,no,no,no,no,no,False
101131139,METROPOLITAN NASHVILLE POLICE DEPT,2016-0226713,Davidson,Nashville,3/9/2016 6:56:00 AM,2,0,0,36.169460,-86.605640,I 40,,,,0.00,,,,,,,220.60,N,Not at Intersection, ,Non-Junction,None,,,         ,Jeb,Johnston,Cloudy,Front to Rear,no,no,no,no,no,False
101131143,METROPOLITAN NASHVILLE POLICE DEPT,20160229671,Davidson,Nashville,3/10/2016 7:15:00 AM,2,0,0,36.131060,-86.898260,I 40,,,,0.00,,,,,,,201.10,N,Not at Intersection, ,Non-Junction,None,,,         ,Brandon,Helms,Cloudy,"Sideswipe, Same Direction",no,no,no,no,no,False
101131149,METROPOLITAN NASHVILLE POLICE DEPT,20160229813,Davidson,Nashville,3/10/2016 7:57:00 AM,2,1,0,36.193670,-86.807030,ROSA L PARKS BLVD,,,,0.00,,,GREAT CIRCLE RD,,,,0.00,Y,Four-Way,Y,Intersection,None,,,         ,Nathan,Mayo,Cloudy,Front to Rear,no,no,no,no,no,False