master_record_number,agency,agency_tracking_number,county,city,collision_date,vehicles_involved,number_injured,number_dead,latitude,longitude,roadway_name,roadway_suffix,roadway_number,roadway_local_id,distance_from_reference,miles-feet_indicator,direction_from_reference,intersection_road_name,intersection_road_name_suffix,intersection_road_number,intersection_local_id,mile_marker,intersection_indicator,intersect_type,interchange_related_indicator,relation_to_junction,work_zone_type,construction_maintenance_zone,construction_maintenance_zone_location,fatal_case_number,officer_first_name,officer_last_name,weather_condition(s),manner_of_crash,pedestrian,bicycle,scooter,parking,hitrun,mou
101132131,GOODLETTSVILLE POLICE DEPT,16-09160,Davidson,Goodlettsville,3/11/2016 4:10:00 PM,3,0,0,36.319105,-86.702590,,,I65,,0.10,Miles,South,,,,,96.00,N,Not at Intersection, ,Non-Junction,None,,,         ,Charles,Hauskin,Cloudy,Front to Rear,no,no,no,no,no,False
101132145,METROPOLITAN NASHVILLE POLICE DEPT,20160234818,Davidson,Nashville,3/11/2016 3:25:00 PM,2,0,0,36.063310,-86.637420,BELL CREST DR,,,,0.00,,,STATE HWY 254,,,,0.00,Y,Four-Way, ,Intersection,None,,,         ,Jarred,Ruhlman,Cloudy,Front to Rear,no,no,no,no,no,False
101132156,METROPOLITAN NASHVILLE POLICE DEPT,20160235101,Davidson,Nashville,3/11/2016 5:31:00 PM,2,0,0,0.000000,0.000000,17TH AVE S,AVE,,1406,0.10,Miles,South,HORTON,AVE,,,0.00,N,Not at Intersection,N,Non-Junction,None,,,         ,David,Collins,Cloudy,"Sideswipe, Same Direction",no,no,no,no,no,False
101132160,METROPOLITAN NASHVILLE POLICE DEPT,2016-0234906,Davidson,Nashville,3/11/2016 4:07:00 PM,2,0,0,36.037530,-86.785090,I65 S ENT RAMP,,,,0.00,,,OLD HICKORY BLVD,,,,0.00,Y,T-Intersection, ,Non-Junction,None,,,         ,William,King,Cloudy,"Sideswipe, Same Direction",no,no,no,no,no,False
101132175,METROPOLITAN NASHVILLE POLICE DEPT,20160234799,Davidson,Not in City Limit,3/11/2016 2:59:00 PM,2,0,0,36.045370,-86.956490,OLD HARDING PKE,,,,0.00,,,LEARNING LN,,,,0.00,Y,Y-Intersection, ,Intersection,None,,,         ,John,Thomas,Cloudy,"Sideswipe, Same Direction",no,no,no,no,no,False
101132178,METROPOLITAN NASHVILLE POLICE DEPT,2016-0235041,Davidson,Nashville,3/11/2016 5:03:00 PM,2,0,0,36.158620,-86.782750,BROADWAY,,,,0.00,,,9TH AVN,,,,0.00,Y,T-Intersection, ,Intersection,None,,,         ,Michael,Schlegel,Cloudy,Angle,no,no,no,no,no,False
101132179,METROPOLITAN NASHVILLE POLICE DEPT,20160234992,Davidson,Nashville,3/11/2016 4:50:00 PM,2,0,0,36.142740,-86.787030,EDGEHILL AV,,,,0.00,,,12TH AVS,,,,0.00,Y,Four-Way,N,Intersection,None,,,         ,Maria,Cortez,Cloudy,Angle,no,no,no,no,no,False
101132180,Nashville Airport Police,2016-00588,Davidson,Nashville,3/11/2016 4:39:00 PM,2,0,0,36.108970,-86.665560,FAIRCLOTH LN,,,,0.00,,,COUCHVILLE PKE,,,,0.00,Y,OTHER, ,Non-Junction,None,,,         ,Daniel,Winter,Cloudy,Front to Rear,no,no,no,no,no,False
101132182,METROPOLITAN NASHVILLE POLICE DEPT,20160235183,Davidson,Nashville,3/11/2016 5:52:00 PM,2,0,0,36.182030,-86.774990,I 24,,,,0.00,,,,,,,47.45,N,Not at Intersection, ,Non-Junction,None,,,         ,Joshua,Hollins,Clear,Front to Rear,no,no,no,no,no,False
101132187,METROPOLITAN NASHVILLE POLICE DEPT,20160235295,Davidson,Nashville,3/11/2016 5:57:00 PM,2,1,0,36.123720,-86.747490,I 440,,,,0.00,,,,,,,6.50,N,Not at Intersection,N,Non-Junction,None,,,         ,Clyde,Stambaugh,Clear,Front to Rear,no,no,no,no,no,False
101132188,METROPOLITAN NASHVILLE POLICE DEPT,20160234766,Davidson,Nashville,3/11/2016 3:25:00 PM,2,0,0,36.157770,-86.800680,CHARLOTTE AV,,,,230.00,Feet,East,19TH AVN,,,,0.00,N,Not at Intersection, ,Non-Junction,None,,,         ,Craig,Oakley,Clear,Front to Rear,no,no,no,no,no,False
101132194,METROPOLITAN NASHVILLE POLICE DEPT,20160235305,Davidson,Nashville,3/11/2016 6:33:00 PM,2,0,0,36.174120,-86.608780,CENTRAL PKE,,,,78.00,Feet,West,FRIST BLVD,,,,0.00,N,Not at Intersection,N,OtherLocation,None,,,         ,Christopher,Mackey,Clear,Other,no,no,no,no,no,False
101132195,METROPOLITAN NASHVILLE POLICE DEPT,20160232364,Davidson,Nashville,3/10/2016 10:35:00 PM,2,1,0,36.160510,-86.801870,DR D B TODD JR BLVD,,,,0.00,,,JO JOHNSTON AV,,,,0.00,Y,Four-Way,N,Intersection,None,,,         ,Andy,Esqueda,Rain,Front to Rear,no,no,no,no,no,False
101132200,METROPOLITAN NASHVILLE POLICE DEPT,20160235351,Davidson,Nashville,3/11/2016 6:45:00 PM,2,0,0,36.082210,-86.727130,NOLENSVILLE PKE,,,,149.00,Feet,South,WELSHWOOD DR,,,,0.00,N,Not at Intersection,N,Non-Junction,None,,,         ,Jose,Salazar,Clear,Front to Rear,no,no,no,no,no,False
101132201,VANDERBILT UNIVERSITY POLICE,16-0235209,Davidson,Nashville,3/11/2016 5:55:00 PM,2,0,0,36.147430,-86.799390,21ST AVS,,,,0.00,,,GRAND AV,,,,0.00,Y,Four-Way, ,Intersection,None,,,         ,Jonathan,McAllister,Cloudy,"Sideswipe, Same Direction",no,no,no,no,no,Campus
101132204,METROPOLITAN NASHVILLE POLICE DEPT,2016-0234696,Davidson,Nashville,3/11/2016 3:22:00 PM,2,0,0,36.155590,-86.789840,BROADWAY,,,,0.00,,,I40 E ENT RAMP,,,,0.00,Y,Four-Way, ,Intersection-Related,None,,,         ,Michael,Schlegel,Cloudy,"Sideswipe, Same Direction",no,no,no,no,no,False
101132207,METROPOLITAN NASHVILLE POLICE DEPT,20160234976,Davidson,Nashville,3/11/2016 3:54:00 PM,2,0,0,36.097050,-86.749480,TROUSDALE DR,,,,300.00,Feet,North,ALLIED DR,,,,0.00,N,Not at Intersection,N,Non-Junction,None,,,         ,Clyde,Stambaugh,Clear,Angle,no,no,no,no,no,False
101132209,METROPOLITAN NASHVILLE POLICE DEPT,20160231665,Davidson,Nashville,3/10/2016 9:08:00 PM,2,0,0,36.033200,-86.641730,I 24,,,,0.00,,,,,,,60.70,N,Not at Intersection,N,Non-Junction,None,,,         ,Joseph,Progar,Rain,Front to Rear,no,no,no,no,no,False
101132213,METROPOLITAN NASHVILLE POLICE DEPT,2016-0235542,Davidson,Not in City Limit,3/11/2016 7:44:00 PM,1,0,0,36.121270,-86.933670,OLD CHARLOTTE PKE,,,,262.00,Feet,West,GOWER RD,,,,0.00,N,Not at Intersection,N,Non-Junction,None,,,         ,Michael,Rogers,Clear,Not Collision with Motor Vehicle in Transport,no,no,no,no,no,False
101132222,METROPOLITAN NASHVILLE POLICE DEPT,20160234885,Davidson,Nashville,3/11/2016 4:20:00 PM,2,0,0,36.109990,-86.720380,I24 W EXT RAMP,,,,0.00,Feet,East,I 24,,,,0.00,N,Not at Intersection,N,Entrance/Exit Ramp Related,None,,,         ,Darryl,Williams,Clear,Angle,no,no,no,no,no,False
101132225,METROPOLITAN NASHVILLE POLICE DEPT,20160235444,Davidson,Nashville,3/11/2016 6:50:00 PM,1,0,0,36.058950,-86.902810,OLD HICKORY BLVD,,,,1340.00,Feet,South,HIGHWAY 100,,,,0.00,N,Not at Intersection,N,Non-Junction,None,,,         ,Barrett,Teague,Clear,Not Collision with Motor Vehicle in Transport,no,no,no,no,no,False
101132230,VANDERBILT UNIVERSITY POLICE,16-0235552,Davidson,Nashville,3/11/2016 7:45:00 PM,2,0,0,36.147920,-86.806470,24TH AVS,,,,0.00,,,WEST END AV,,,,0.00,Y,Four-Way,N,Intersection-Related,None,,,         ,Donald,Dennis,Cloudy,Front to Rear,no,no,no,no,yes,Campus
101132234,GOODLETTSVILLE POLICE DEPT,16-09170,Davidson,Goodlettsville,3/11/2016 5:00:00 PM,2,0,0,36.324448,-86.704160,,,I65,,0.00,,,LONG HOLLOW,PIKE,SR174,,0.00,Y,T-Intersection, ,Entrance/Exit Ramp Related,None,,,         ,Charles,Hauskin,Cloudy,Front to Rear,no,no,no,no,no,False
101132235,METROPOLITAN NASHVILLE POLICE DEPT,20160235508,Davidson,Nashville,3/11/2016 7:10:00 PM,2,0,0,36.150790,-86.796730,BROADWAY,,,,100.00,Feet,South,19TH AVS,,,,0.00,N,Not at Intersection, ,Non-Junction,None,,,         ,Maria,Cortez,Cloudy,Angle,no,no,no,no,no,False
101132236,METROPOLITAN NASHVILLE POLICE DEPT,20160235457,Davidson,Nashville,3/11/2016 12:00:00 AM,2,0,0,36.155790,-86.783410,DEMONBREUN ST,,,,218.00,Feet,West,10TH AVS,,,,0.00,N,Not at Intersection,N,Non-Junction,None,,,         ,Jason,Thomas,Unknown,Unknown,no,no,no,yes,yes,False
101132241,METROPOLITAN NASHVILLE POLICE DEPT,20160235674,Davidson,Nashville,3/11/2016 7:45:00 PM,2,0,0,36.102730,-86.816790,HILLSBORO PKE,,,,304.00,Feet,South,WARFIELD DR,,,,0.00,N,Not at Intersection,N,Non-Junction,None,,,         ,Mark,Hatt,Cloudy,"Sideswipe, Same Direction",no,no,no,no,yes,False
101132248,METROPOLITAN NASHVILLE POLICE DEPT,20160235568,Davidson,Nashville,3/11/2016 8:07:00 PM,4,4,0,36.132650,-86.727160,I 24,,,,0.00,,,,,,,52.00,N,Not at Intersection,N,Non-Junction,None,,,         ,Tyler,Conrads,Clear,Front to Rear,no,no,no,no,no,False
101132251,METROPOLITAN NASHVILLE POLICE DEPT,20160235425,Davidson,Nashville,3/11/2016 7:00:00 PM,1,0,0,36.193310,-86.776970,I 65,,,,0.00,,,,,,,86.50,N,Not at Intersection,N,Non-Junction,None,,,         ,Landon,Bagwell,Cloudy,Not Collision with Motor Vehicle in Transport,no,no,no,no,no,False
101132252,METROPOLITAN NASHVILLE POLICE DEPT,20160235360,Davidson,Not in City Limit,3/11/2016 5:24:00 PM,2,0,0,36.077320,-87.011390,I 40,,,,0.00,,,,,,,193.00,N,Not at Intersection,N,Non-Junction,None,,,         ,John,Thomas,Cloudy,Front to Rear,no,no,no,no,yes,False
101132257,METROPOLITAN NASHVILLE POLICE DEPT,20160235816,Davidson,Nashville,3/11/2016 12:00:00 AM,2,0,0,36.168960,-86.683310,LEBANON PKE,,,,95.00,Feet,East,THE CROSSINGS PVTDR,,,,0.00,N,Not at Intersection,N,Non-Junction,None,,,         ,Craig,Gentry,Clear,Front to Rear,no,no,no,no,yes,False
101132258,METROPOLITAN NASHVILLE POLICE DEPT,20160235359,Davidson,Nashville,3/11/2016 6:23:00 PM,2,0,0,36.045360,-86.713370,OLD HICKORY BLVD,,,,0.00,,,NOLENSVILLE PKE,,,,0.00,Y,Four-Way,N,Non-Junction,None,,,         ,Joseph,Progar,Rain,Front to Rear,no,no,no,no,yes,False
101132260,METROPOLITAN NASHVILLE POLICE DEPT,20160235421,Davidson,Nashville,3/11/2016 7:05:00 PM,2,0,0,36.151070,-86.769450,I 40,,,,0.00,,,,,,,210.45,N,Not at Intersection, ,,None,,,         ,Bradley,McIntyre,,,no,no,no,no,no,False
101132261,METROPOLITAN NASHVILLE POLICE DEPT,20160221796,Davidson,Nashville,3/8/2016 3:15:00 AM,1,1,0,36.133910,-86.895720,I 40,,,,0.00,,,,,,,201.35,N,Not at Intersection,N,Non-Junction,None,,,         ,Albert,Wilson,Clear,Not Collision with Motor Vehicle in Transport,no,no,no,no,no,False
101132262,METROPOLITAN NASHVILLE POLICE DEPT,20160231642,Davidson,Nashville,3/10/2016 5:00:00 PM,2,0,0,36.148340,-86.805610,WEST END AV,,,,295.00,Feet,East,24TH AVN,,,,0.00,N,Not at Intersection, ,,None,,,         ,Khalid,Abbady,,,no,no,no,no,no,Campus
101132263,METROPOLITAN NASHVILLE POLICE DEPT,20160234602,Davidson,Nashville,3/11/2016 2:40:00 PM,2,0,0,36.184200,-86.822900,DEERFIELD DR,,,,0.00,,,28TH AVN,,,,0.00,Y,T-Intersection, ,Intersection,None,,,         ,Khalid,Abbady,Cloudy,Angle,no,no,no,no,yes,False
101132264,METROPOLITAN NASHVILLE POLICE DEPT,20160234988,Davidson,Nashville,3/11/2016 5:00:00 PM,2,1,0,36.206640,-86.778130,W TRINITY LN,,,,67.00,Feet,West,BRICK CHURCH PKE,,,,0.00,N,Not at Intersection,N,Non-Junction,None,,,         ,Khalid,Abbady,Cloudy,Front to Rear,no,no,no,no,no,False
101132265,METROPOLITAN NASHVILLE POLICE DEPT,20160235329,Davidson,Nashville,3/11/2016 6:24:00 PM,2,0,0,36.195180,-86.776160,I 65,,,,0.00,,,,,,,86.55,N,Not at Intersection, ,Entrance/Exit Ramp Related,None,,,         ,Khalid,Abbady,Clear,"Sideswipe, Same Direction",no,no,no,no,no,False
101132267,METROPOLITAN NASHVILLE POLICE DEPT,20160235313,Davidson,Nashville,3/11/2016 6:37:00 PM,2,0,0,36.153870,-86.758060,I 40,,,,0.00,,,,,,,211.10,N,Not at Intersection,N,Non-Junction,None,,,         ,Felipe,Pereira,Clear,Front to Rear,no,no,no,no,no,False
101132281,METROPOLITAN NASHVILLE POLICE DEPT,20160235619,Davidson,Nashville,3/11/2016 8:07:00 PM,2,0,0,36.136300,-86.726740,I 24,,,,0.00,,,,,,,52.25,N,Not at Intersection, ,,None,,,         ,Mikala,Moore,,,no,no,no,no,no,False
101132287,METROPOLITAN NASHVILLE POLICE DEPT,20160235880,Davidson,Nashville,3/11/2016 11:16:00 PM,2,0,0,36.085240,-86.702280,I24 E ENT RAMP,,,,0.00,Feet,East,I24 E EXT RAMP,,,,0.00,N,Not at Intersection, ,Non-Junction,None,,,         ,Richard,Olive,Cloudy,Front to Rear,no,no,no,no,no,False
101132293,METROPOLITAN NASHVILLE POLICE DEPT,20160236005,Davidson,Nashville,3/11/2016 10:16:00 PM,2,0,0,36.095240,-86.707550,I 24,,,,0.00,,,,,,,55.00,N,Not at Intersection,N,Non-Junction,None,,,         ,Benjamin,Smith,Clear,Front to Rear,no,no,no,no,no,False
101132318,METROPOLITAN NASHVILLE POLICE DEPT,20160233128,Davidson,Not in City Limit,3/11/2016 4:38:00 AM,1,0,0,35.989600,-86.629560,BURKITT RD,,,,996.00,Feet,West,BATTLE RD,,,,0.00,N,Not at Intersection,N,Non-Junction,None,,,         ,David,Moser,Clear,Not Collision with Motor Vehicle in Transport,no,no,no,no,no,False
101132319,METROPOLITAN NASHVILLE POLICE DEPT,20160235974,Davidson,Nashville,3/11/2016 10:25:00 PM,2,0,0,36.256270,-86.674850,CHEYENNE BLVD,,,,888.00,Feet,North,AIDEEN PL,,,,0.00,N,Not at Intersection,N,Non-Junction,None,,,         ,Matthew,Harris,Cloudy,HeadOn,no,no,no,no,yes,False
101132327,METROPOLITAN NASHVILLE POLICE DEPT,20160235935,Davidson,Nashville,3/11/2016 10:49:00 PM,2,1,0,36.068940,-86.680540,RICHARDS RD,,,,212.00,Feet,West,DELIA DR,,,,0.00,N,Not at Intersection,N,Non-Junction,None,,,         ,Justin,McCormick,Clear,Front to Rear,no,no,no,no,no,False
101132328,GOODLETTSVILLE POLICE DEPT,16-09176,Davidson,Goodlettsville,3/11/2016 6:12:00 PM,2,0,0,36.296410,-86.715170,I 65,,,,0.00,,,,,,,94.85,N,Not at Intersection,Y,Non-Junction,None,,,         ,Brandon,Wright,Clear,Front to Rear,no,no,no,no,yes,False
101132343,METROPOLITAN NASHVILLE POLICE DEPT,2016-0236351,Davidson,Nashville,3/12/2016 1:43:00 AM,1,1,0,36.153010,-86.796000,18TH AVS,,,,0.00,,,WEST END AV,,,,0.00,Y,Four-Way,N,Intersection-Related,None,,,         ,Michael,Collazo,Fog,Not Collision with Motor Vehicle in Transport,yes,no,no,no,no,False
101132345,METROPOLITAN NASHVILLE POLICE DEPT,20160236450,Davidson,Nashville,3/12/2016 2:32:00 AM,2,0,0,36.152650,-86.791840,16TH AVS,,,,245.00,Feet,South,MCGAVOCK ST,,,,0.00,N,Not at Intersection,N,Non-Junction,None,,,         ,Eric,Westbrook,Clear,Angle,no,no,no,no,yes,False
101132352,METROPOLITAN NASHVILLE POLICE DEPT,20160233259,Davidson,Old Hickory,3/11/2016 5:30:00 AM,1,0,0,36.258900,-86.647800,CIRCLE DR,,,,0.00,,,,,,,0.00,,, ,,None,,,         ,Ashley,Arnold,,,no,no,no,yes,no,False
101132362,METROPOLITAN NASHVILLE POLICE DEPT,20160233276,Davidson,Nashville,3/11/2016 6:03:00 AM,2,0,0,36.076190,-86.640300,MURFREESBORO PKE,,,,485.00,Feet,South,RURAL HILL RD,,,,0.00,N,Not at Intersection,N,Non-Junction,None,,,         ,Sandra,Fly,Rain,Angle,no,no,no,no,no,False
101132364,METROPOLITAN NASHVILLE POLICE DEPT,20160236410,Davidson,Nashville,3/12/2016 2:09:00 AM,1,2,0,36.044620,-86.659400,I24 E ENT RAMP,,,,0.00,,,I 24,,,,0.00,Y,OTHER,Y,Entrance/Exit Ramp Related,None,,,         ,David,Moser,Fog,Not Collision with Motor Vehicle in Transport,no,no,no,no,no,False
101132365,METROPOLITAN NASHVILLE POLICE DEPT,20160236399,Davidson,Nashville,3/12/2016 2:02:00 AM,2,0,0,36.188640,-86.776170,I 24,,,,0.00,,,,,,,47.00,N,Not at Intersection,N,Non-Junction,None,,,         ,Harris,Smith,Clear,"Sideswipe, Same Direction",no,no,no,no,yes,False
101132369,METROPOLITAN NASHVILLE POLICE DEPT,20160236452,Davidson,Nashville,3/12/2016 2:30:00 AM,2,0,0,36.153970,-86.758350,I 40,,,,0.00,,,,,,,211.10,N,Not at Intersection, ,Non-Junction,None,,,         ,Austin,Childress,Fog,"Sideswipe, Same Direction",no,no,no,no,no,False
101132375,METROPOLITAN NASHVILLE POLICE DEPT,20160236197,Davidson,Nashville,3/12/2016 12:20:00 AM,1,0,0,36.244410,-86.795330,BRICK CHURCH LN,,,,0.00,,,,,,,0.00,,,N,Non-Junction,None,,,         ,Geoffrey,Daugherty,Clear,Not Collision with Motor Vehicle in Transport,no,no,no,no,yes,False
101132378,METROPOLITAN NASHVILLE POLICE DEPT,20160236253,Davidson,Nashville,3/11/2016 11:45:00 PM,1,0,0,36.231620,-86.804000,KNIGHT DR,,,,0.00,,,EWING DR,,,,0.00,Y,T-Intersection,N,Intersection,None,,,         ,Geoffrey,Daugherty,Clear,Not Collision with Motor Vehicle in Transport,no,no,no,no,yes,False
101132382,METROPOLITAN NASHVILLE POLICE DEPT,20160236416,Davidson,Nashville,3/12/2016 2:07:00 AM,2,2,0,36.086860,-86.695950,HARDING PL,,,,0.00,,,S PERIMETER PARK DR,,,,0.00,Y,Four-Way,Y,Intersection,None,,,         ,Sandra,Fly,Fog,Front to Rear,no,no,no,no,yes,False
101132384,METROPOLITAN NASHVILLE POLICE DEPT,20160236577,Davidson,Nashville,3/12/2016 3:02:00 AM,1,0,0,36.058830,-86.670450,MT VIEW RD,,,,0.00,,,HICKORY HOLLOW PKWY,,,,0.00,Y,T-Intersection,N,Intersection,None,,,         ,William,Coy,Fog,Not Collision with Motor Vehicle in Transport,no,no,no,no,yes,False
101132386,METROPOLITAN NASHVILLE POLICE DEPT,20160236614,Davidson,Nashville,3/12/2016 4:24:00 AM,1,0,0,36.250590,-86.742530,DUE WEST AVN,,,,0.00,,,,,,,0.00,,,N,Intersection-Related,None,,,         ,Patrick,McGinnis,Rain,Not Collision with Motor Vehicle in Transport,no,no,no,no,no,False
101132405,METROPOLITAN NASHVILLE POLICE DEPT,20160234406,Davidson,Nashville,3/11/2016 1:33:00 PM,2,0,0,36.050700,-86.714130,NOLENSVILLE PKE,,,,302.00,Feet,South,OCALA DR,,,,0.00,N,Not at Intersection,N,Non-Junction,None,,,         ,David,Simmonds,Cloudy,Front to Rear,no,no,no,no,no,False
101132434,METROPOLITAN NASHVILLE POLICE DEPT,20160236837,Davidson,Nashville,3/12/2016 7:28:00 AM,2,2,0,36.039950,-86.780930,OLD HICKORY BLVD,,,,0.00,,,I65 N EXT RAMP,,,,0.00,Y,OTHER,Y,Intersection-Related,None,,,         ,Brent,Bauer,Cloudy,Front to Rear,no,no,no,no,no,False
101132438,METROPOLITAN NASHVILLE POLICE DEPT,2016-0236946,Davidson,Nashville,3/12/2016 8:10:00 AM,2,0,0,36.141010,-86.796160,HORTON AV,,,,0.00,,,18TH AVS,,,,0.00,Y,OTHER,N,OtherLocation,None,,,         ,Jonathan,Seidl,Cloudy,Angle,no,no,no,yes,no,Campus
101132439,GOODLETTSVILLE POLICE DEPT,16-09230,Davidson,Goodlettsville,3/12/2016 8:55:00 AM,2,0,0,36.324741,-86.701447,CONFERENCE,DR,,,50.00,Feet,South,LONG HOLLOW,PIKE,SR174,,0.00,N,Not at Intersection, ,Non-Junction,None,,,         ,Jason,Ayers,Cloudy,"Sideswipe, Same Direction",no,no,no,no,no,False
101132440,METROPOLITAN NASHVILLE POLICE DEPT,20160236963,Davidson,Nashville,3/12/2016 7:55:00 AM,2,0,0,36.232150,-86.783830,I 24,,,,0.00,,,,,,,44.00,N,Not at Intersection, ,Entrance/Exit Ramp Related,None,,,         ,Blake,Lutz,Cloudy,"Sideswipe, Same Direction",no,no,no,no,no,False
101132446,METROPOLITAN NASHVILLE POLICE DEPT,2016-0234409,Davidson,Nashville,3/11/2016 1:36:00 PM,2,0,0,36.141970,-86.674730,I 40,,,,0.00,,,,,,,215.00,N,Not at Intersection, ,,None,,,         ,Jeb,Johnston,,,no,no,no,no,no,False
101132453,METROPOLITAN NASHVILLE POLICE DEPT,20160236980,Davidson,Nashville,3/12/2016 8:45:00 AM,2,0,0,36.230170,-86.771240,I 65,,,,0.00,,,,,,,89.00,N,Not at Intersection, ,Non-Junction,None,,,         ,Andrew,Maholland,Clear,"Sideswipe, Same Direction",no,no,no,no,yes,False
101132454,METROPOLITAN NASHVILLE POLICE DEPT,201602120979,Davidson,Nashville,3/4/2016 12:00:00 PM,2,0,0,36.188640,-86.798530,ROSA L PARKS BLVD,,,,265.00,Feet,North,DOMINICAN DR,,,,0.00,N,Not at Intersection,N,Non-Junction,None,,,         ,Nathaniel,Clemons,Clear,"Sideswipe, Same Direction",no,no,no,no,no,False
101132465,METROPOLITAN NASHVILLE POLICE DEPT,20160229700,Davidson,Madison,3/10/2016 7:20:00 AM,2,0,0,36.267470,-86.713910,WILLIAMS AV,,,,1030.00,Feet,East,HERITAGE VIEW BLVD,,,,0.00,N,Not at Intersection,N,Non-Junction,None,,,         ,Peter,Lynch,Cloudy,Angle,no,no,no,no,yes,False
101132469,METROPOLITAN NASHVILLE POLICE DEPT,20160237184,Davidson,Nashville,3/12/2016 10:15:00 AM,2,0,0,36.045500,-86.660220,I24 E EXT RAMP,,,,0.00,,,I 24,,,,0.00,Y,T-Intersection, ,Intersection,None,,,         ,Thomas,White,Clear,Front to Rear,no,no,no,no,no,False
101132471,METROPOLITAN NASHVILLE POLICE DEPT,20160236956,Davidson,Nashville,3/12/2016 7:40:00 AM,1,0,0,36.055030,-86.641480,ZELIDA AV,,,,0.00,,,HICKORY CLUB DR,,,,0.00,Y,OTHER,N,Non-Junction,None,,,         ,Julius,Gallon,Clear,Not Collision with Motor Vehicle in Transport,no,no,no,no,no,False
101132477,METROPOLITAN NASHVILLE POLICE DEPT,2016-0226005,Davidson,Nashville,3/9/2016 8:29:00 AM,2,3,0,36.144050,-86.666690,DONELSON PKE,,,,427.00,Feet,South,SHACKLETT DR,,,,0.00,N,Not at Intersection,N,Non-Junction,None,,,         ,Jeb,Johnston,Cloudy,"Sideswipe, Same Direction",no,no,no,no,no,False
101132478,METROPOLITAN NASHVILLE POLICE DEPT,20160237233,Davidson,Nashville,3/12/2016 10:45:00 AM,2,0,0,36.168060,-86.817370,JEFFERSON ST,,,,132.00,Feet,West,I40 W ENT RAMP,,,,0.00,N,Not at Intersection, ,Non-Junction,None,,,         ,Nathaniel,Clemons,Clear,Front to Rear,no,no,no,no,no,False
101132487,METROPOLITAN NASHVILLE POLICE DEPT,2016-0237204,Davidson,Nashville,3/12/2016 10:25:00 AM,2,0,0,36.113970,-86.811040,WOODMONT BLVD,,,,50.00,Feet,West,HILLSBORO PKE,,,,0.00,N,Not at Intersection,N,Non-Junction,None,,,         ,Paul,Junkmann,Cloudy,Angle,no,no,no,no,no,False
101132511,METROPOLITAN NASHVILLE POLICE DEPT,20160237348,Davidson,Nashville,3/12/2016 11:54:00 AM,2,0,0,36.044350,-86.661550,CANE RIDGE RD,,,,0.00,,,TARGET DR,,,,0.00,Y,T-Intersection, ,Non-Junction,None,,,         ,Steven,Williams,Clear,Angle,no,no,no,no,yes,False
101132522,METROPOLITAN NASHVILLE POLICE DEPT,20160237294,Davidson,Nashville,3/12/2016 11:30:00 AM,3,1,0,36.144930,-86.626300,BELL RD,,,,209.00,Feet,South,LINCOYA BAY DR,,,,0.00,N,Not at Intersection,N,Non-Junction,None,,,         ,Steven,Rowlett,Cloudy,Front to Rear,no,no,no,no,no,False
101132536,METROPOLITAN NASHVILLE POLICE DEPT,20160237290,Davidson,Nashville,3/12/2016 11:25:00 AM,2,0,0,36.090370,-86.762810,I 65,,,,0.00,,,,,,,78.40,N,Not at Intersection, ,Non-Junction,None,,,         ,Nathan,Smith,Clear,Not Collision with Motor Vehicle in Transport,no,no,no,no,no,False
101132555,GOODLETTSVILLE POLICE DEPT,16-09248,Davidson,Goodlettsville,3/12/2016 12:30:00 PM,2,0,0,36.324684,-86.701401,CONFERENCE,DR,,,100.00,Feet,South,LONG HOLLOW,PIKE,SR174,,0.00,N,Not at Intersection,N,Non-Junction,None,,,         ,Jason,Ayers,Cloudy,Angle,no,no,no,no,no,False
101132579,METROPOLITAN NASHVILLE POLICE DEPT,20160237244,Davidson,Not in City Limit,3/12/2016 10:55:00 AM,2,1,0,36.262210,-86.712210,GALLATIN PKES,,,,0.00,,,E OLD HICKORY BLVD,,,,0.00,Y,Four-Way,N,Intersection-Related,None,,,         ,Eric,Richardson,Clear,Angle,no,no,no,no,no,False
101132581,METROPOLITAN NASHVILLE POLICE DEPT,2016-0237413,Davidson,Nashville,3/12/2016 1:05:00 PM,1,0,0,36.081890,-86.697350,I 24,,,,0.00,,,,,,,56.05,N,Not at Intersection, ,Non-Junction,None,,,         ,John,Neely,Clear,Not Collision with Motor Vehicle in Transport,no,no,no,no,no,False
101132586,METROPOLITAN NASHVILLE POLICE DEPT,20160236900,Davidson,Nashville,3/12/2016 7:57:00 AM,2,2,0,36.142120,-86.775780,CHESTNUT ST,,,,0.00,,,FORT NEGLEY BLVD,,,,0.00,Y,Four-Way,Y,Intersection,None,,,         ,Ronald,Raynore,Cloudy,Angle,no,no,no,no,no,False
101132589,METROPOLITAN NASHVILLE POLICE DEPT,20160237398,Davidson,Nashville,3/12/2016 12:45:00 PM,2,1,0,36.162020,-86.849110,51ST AVN,,,,0.00,,,LOUISIANA AV,,,,0.00,Y,T-Intersection,N,Intersection,None,,,         ,Gregory,McDaniel,Clear,Angle,no,no,no,no,yes,False
101132594,METROPOLITAN NASHVILLE POLICE DEPT,20160237519,Davidson,Not in City Limit,3/12/2016 1:20:00 PM,2,0,0,36.077470,-87.001430,I 40,,,,0.00,,,,,,,193.55,N,Not at Intersection, ,Non-Junction,None,,,         ,Wesley,Tilley,Clear,"Sideswipe, Opposite Direction",no,no,no,no,yes,False