master_record_number,agency,agency_tracking_number,county,city,collision_date,vehicles_involved,number_injured,number_dead,latitude,longitude,roadway_name,roadway_suffix,roadway_number,roadway_local_id,distance_from_reference,miles-feet_indicator,direction_from_reference,intersection_road_name,intersection_road_name_suffix,intersection_road_number,intersection_local_id,mile_marker,intersection_indicator,intersect_type,interchange_related_indicator,relation_to_junction,work_zone_type,construction_maintenance_zone,construction_maintenance_zone_location,fatal_case_number,officer_first_name,officer_last_name,weather_condition(s),manner_of_crash,pedestrian,bicycle,scooter,parking,hitrun,mou
101134256,METROPOLITAN NASHVILLE POLICE DEPT,20160244854,Davidson,Not in City Limit,3/15/2016 7:44:00 AM,2,1,0,36.263460,-86.684270,STATE RT 45,,,,0.00,,,LARKIN SPRINGS RD,,,,0.00,Y,T-Intersection,N,Intersection,None,,,         ,Michelle,Steidl,Clear,Angle,no,no,no,no,no,False
101134257,METROPOLITAN NASHVILLE POLICE DEPT,20160245254,Davidson,Nashville,3/15/2016 10:14:00 AM,2,1,0,36.134280,-86.779090,8TH AVS,,,,0.00,,,WEDGEWOOD AV,,,,0.00,Y,Four-Way,N,Intersection,None,,,         ,Nathan,Kemp,Clear,Front to Rear,no,no,no,no,no,False
101134262,METROPOLITAN NASHVILLE POLICE DEPT,20160244783,Davidson,Not in City Limit,3/15/2016 7:17:00 AM,2,1,0,36.323980,-86.868150,I 24,,,,0.00,,,,,,,35.00,N,Not at Intersection,Y,Non-Junction,None,,,         ,Blake,Lutz,Clear,"Sideswipe, Same Direction",no,no,no,no,no,False
101134263,METROPOLITAN NASHVILLE POLICE DEPT,20160245012,Davidson,Goodlettsville,3/15/2016 8:38:00 AM,2,1,0,36.302750,-86.691850,GALLATIN PKEN,,,,0.00,Feet,,CONFERENCE DR,,,,0.00,Y,Four-Way,N,Intersection-Related,None,,,         ,Seth,Quiles,Clear,Front to Rear,no,no,no,no,no,False
101134264,METROPOLITAN NASHVILLE POLICE DEPT,2016-0245122,Davidson,Nashville,3/15/2016 9:11:00 AM,3,0,0,36.141460,-86.823040,I 440,,,,0.00,,,,,,,0.15,N,Not at Intersection, ,Non-Junction,None,,,         ,Walter,Gray II,Clear,Front to Rear,no,no,no,no,no,False
101134265,METROPOLITAN NASHVILLE POLICE DEPT,20160245142,Davidson,Nashville,3/15/2016 9:30:00 AM,1,0,0,36.120990,-86.778140,KIRKWOOD AV,,,,0.00,,,,,,,0.00,,, ,Non-Junction,None,,,         ,Nathan,Smith,Clear,Not Collision with Motor Vehicle in Transport,no,no,no,no,no,False
101134276,METROPOLITAN NASHVILLE POLICE DEPT,20160245118,Davidson,Nashville,3/15/2016 9:25:00 AM,2,0,0,36.144380,-86.696740,I 40,,,,0.00,,,,,,,214.90,N,Not at Intersection,N,Non-Junction,None,,,         ,Gerald,Gomes,Clear,Front to Rear,no,no,no,no,no,False
101134284,METROPOLITAN NASHVILLE POLICE DEPT,20160244852,Davidson,Nashville,3/15/2016 7:44:00 AM,2,0,0,36.184330,-86.792310,4TH AVN,,,,101.00,Feet,South,BUCHANAN ST,,,,0.00,N,Not at Intersection, ,Non-Junction,None,,,         ,Spencer,Pittman,Clear,"Sideswipe, Opposite Direction",no,no,no,no,no,False
101134292,METROPOLITAN NASHVILLE POLICE DEPT,20160245292,Davidson,Nashville,3/15/2016 9:00:00 AM,1,0,0,36.067360,-86.641980,RURAL HILL RD,,,,691.00,Feet,West,RICE HILL CIR,,,,0.00,N,Not at Intersection,N,Non-Junction,None,,,         ,Jessie,Meadows,Clear,Not Collision with Motor Vehicle in Transport,no,no,no,no,no,False
101134310,METROPOLITAN NASHVILLE POLICE DEPT,20160245154,Davidson,Nashville,3/15/2016 9:20:00 AM,2,0,0,36.194960,-86.830070,BUENA VISTA PKE,,,,168.00,Feet,North,RESHA LN,,,,0.00,N,Not at Intersection,N,Non-Junction,None,,,         ,Cary,Briley,Clear,Angle,no,no,no,no,no,False
101134312,METROPOLITAN NASHVILLE POLICE DEPT,20160245010,Davidson,Nashville,3/15/2016 8:00:00 AM,2,0,0,36.186970,-86.798430,ROSA L PARKS BLVD,,,,313.00,Feet,North,I65 S EXT RAMP,,,,0.00,N,Not at Intersection, ,,None,,,         ,Joshua,Baker,,,no,no,no,no,no,False
101134313,METROPOLITAN NASHVILLE POLICE DEPT,20160245081,Davidson,Nashville,3/15/2016 9:00:00 AM,3,1,0,36.183020,-86.798450,I65 N EXT RAMP,,,,0.00,Feet,East,I 65,,,,0.00,N,Not at Intersection,N,Entrance/Exit Ramp Related,None,,,         ,Joshua,Baker,Clear,Front to Rear,no,no,no,no,no,False
101134323,METROPOLITAN NASHVILLE POLICE DEPT,20160244922,Davidson,Nashville,3/15/2016 7:54:00 AM,2,0,0,36.223260,-86.782300,BRICK CHURCH PKE,,,,345.00,Feet,South,BRICK CHURCH PARK DR,,,,0.00,N,Not at Intersection,N,Non-Junction,None,,,         ,Michael,McCord,Clear,Not Collision with Motor Vehicle in Transport,no,no,no,no,no,False
101134325,METROPOLITAN NASHVILLE POLICE DEPT,20160245389,Davidson,Nashville,3/15/2016 10:50:00 AM,1,0,0,36.061710,-86.682730,BARELLA DR,,,,72.00,Feet,West,APACHE TRL,,,,0.00,N,Not at Intersection, ,Non-Junction,None,,,         ,James,Thomas,Clear,Not Collision with Motor Vehicle in Transport,no,no,no,no,no,False
101134330,METROPOLITAN NASHVILLE POLICE DEPT,20160242508,Davidson,Nashville,3/14/2016 1:52:00 PM,2,0,0,36.152140,-86.625070,BELL RD,,,,0.00,,,BELL RD,,,,0.00,Y,Four-Way, ,Non-Junction,None,,,         ,James,Curtis,Cloudy,Front to Rear,no,no,no,no,no,False
101134331,METROPOLITAN NASHVILLE POLICE DEPT,2016-0245443,Davidson,Nashville,3/15/2016 10:48:00 AM,2,0,0,36.081190,-86.704620,WALLACE RD,,,,0.00,,,,,,,0.00,,OTHER,N,Non-Junction,None,,,         ,Stanley,Collins,Clear,Angle,no,no,no,yes,yes,False
101134332,METROPOLITAN NASHVILLE POLICE DEPT,2016-0239507,Davidson,Nashville,3/13/2016 11:48:00 AM,2,0,0,36.154030,-86.787570,DEMONBREUN ST,,,,0.00,,,13TH AVS,,,,0.00,Y,Four-Way,N,Entrance/Exit Ramp Related,None,,,         ,Amanda,Hane,Rain,Angle,no,no,no,no,no,False
101134336,METROPOLITAN NASHVILLE POLICE DEPT,20160245035,Davidson,Nashville,3/15/2016 8:48:00 AM,2,0,0,36.149010,-86.746390,I 40,,,,0.00,,,,,,,211.85,N,Not at Intersection, ,Non-Junction,None,,,         ,DuJuan,Kendrick,Clear,Front to Rear,no,no,no,no,no,False
101134339,METROPOLITAN NASHVILLE POLICE DEPT,20160245150,Davidson,Nashville,3/15/2016 9:36:00 AM,2,0,0,36.135120,-86.811380,FAIRFAX AV,,,,0.00,,,NATCHEZ TRC,,,,0.00,Y,Four-Way, ,Intersection,None,,,         ,George,Ward,Clear,Angle,no,no,no,no,no,Campus
101134341,METROPOLITAN NASHVILLE POLICE DEPT,20160243697,Davidson,Nashville,3/14/2016 10:22:00 PM,3,3,0,36.183650,-86.610660,OLD HICKORY BLVD,,,,0.00,,,ANDREW JACKSON PKWY,,,,0.00,Y,Four-Way,N,Intersection,None,,,         ,Dontaveous,Eubanks,Clear,Other,no,no,no,no,yes,False
101134368,METROPOLITAN NASHVILLE POLICE DEPT,20160245658,Davidson,Nashville,3/15/2016 11:30:00 AM,1,0,0,36.174790,-86.803450,14TH AVN,,,,42.00,Feet,North,UNDERWOOD ST,,,,0.00,N,Not at Intersection,N,Non-Junction,None,,,         ,Brandon,Evans,Clear,Not Collision with Motor Vehicle in Transport,no,no,no,no,no,False
101134370,METROPOLITAN NASHVILLE POLICE DEPT,2016-0245434,Davidson,Nashville,3/15/2016 11:20:00 AM,2,0,0,36.188540,-86.798520,ROSA L PARKS BLVD,,,,227.00,Feet,North,DOMINICAN DR,,,,0.00,N,Not at Intersection, ,,None,,,         ,Darryl,Morton,,,no,no,no,no,no,False
101134375,VANDERBILT UNIVERSITY POLICE,16- 0245535,Davidson,Nashville,3/15/2016 11:40:00 AM,2,0,0,36.139080,-86.805070,CHILDRENS WAY,,,,0.00,,,24TH AVS,,,,0.00,Y,Four-Way, ,Non-Junction,None,,,         ,Charles,Payton,Clear,Angle,no,no,no,no,no,Campus
101134376,METROPOLITAN NASHVILLE POLICE DEPT,2016-0245675,Davidson,Nashville,3/15/2016 12:37:00 PM,2,1,0,36.107390,-86.812920,HILLSBORO PKE,,,,166.00,Feet,South,GREEN HILLS VILLAGE DR,,,,0.00,N,Not at Intersection,N,Non-Junction,None,,,         ,Paul,Junkmann,Clear,Front to Rear,no,no,no,no,no,False
101134379,METROPOLITAN NASHVILLE POLICE DEPT,2016-0245389,Davidson,Nashville,3/15/2016 11:43:00 AM,2,0,0,0.000000,0.000000,BARFELLA DR,DR,,,130.00,Feet,South,APACHE TRL,TRL,,,0.00,N,Not at Intersection, ,Non-Junction,None,,,         ,William,Whitworth,Clear,"Sideswipe, Same Direction",no,no,no,no,no,False
101134380,METROPOLITAN NASHVILLE POLICE DEPT,2016-0245687,Davidson,Nashville,3/15/2016 1:00:00 PM,2,0,0,36.195160,-86.725030,CAHAL AV,,,,0.00,,,PORTER RD,,,,0.00,Y,T-Intersection, ,,None,,,         ,Andrew,Maholland,,,no,no,no,no,no,False
101134385,METROPOLITAN NASHVILLE POLICE DEPT,20160245628,Davidson,Nashville,3/15/2016 12:30:00 PM,2,0,0,36.143320,-86.666660,DONELSON PKE,,,,374.00,Feet,North,I40 W ENT RAMP,,,,0.00,N,Not at Intersection,N,Non-Junction,None,,,         ,Larry,Benz,Clear,Angle,no,no,no,no,no,False
101134389,METROPOLITAN NASHVILLE POLICE DEPT,20160245720,Davidson,Nashville,3/15/2016 12:52:00 PM,2,0,0,36.153630,-86.757390,I 40,,,,0.00,,,,,,,211.15,N,Not at Intersection, ,Non-Junction,None,,,         ,Johnathan,Carlisle,Clear,"Sideswipe, Same Direction",no,no,no,no,no,False
101134391,METROPOLITAN NASHVILLE POLICE DEPT,20160245843,Davidson,Nashville,3/15/2016 1:44:00 PM,2,0,0,36.182720,-86.607790,ANDREW JACKSON WAY,,,,170.00,Feet,North,OLD HICKORY BLVD,,,,0.00,N,Not at Intersection, ,Non-Junction,None,,,         ,Christopher,Mackey,Clear,Front to Rear,no,no,no,no,no,False
101134395,METROPOLITAN NASHVILLE POLICE DEPT,2016-0243246,Davidson,Nashville,3/14/2016 6:15:00 PM,2,1,0,36.149670,-86.859930,CHARLOTTE PKE,,,,0.00,,,OCEOLA AV,,,,0.00,Y,Four-Way,N,Intersection,None,,,         ,Christopher,Clark,Clear,Angle,no,no,no,no,no,False
101134410,METROPOLITAN NASHVILLE POLICE DEPT,20160245689,Davidson,Nashville,3/15/2016 12:33:00 PM,2,0,0,36.199470,-86.776550,I 65,,,,0.00,,,,,,,86.85,N,Not at Intersection,N,Non-Junction,None,,,         ,Earnest,Fields,Clear,Front to Rear,no,no,no,no,no,False
101134418,METROPOLITAN NASHVILLE POLICE DEPT,2016-0245680,Davidson,Nashville,3/15/2016 1:00:00 PM,2,1,0,36.145290,-86.858000,WHITE BRIDGE PKE,,,,104.00,Feet,North,BURGESS AV,,,,0.00,N,Not at Intersection,N,Non-Junction,None,,,         ,George,Spencer,Clear,Angle,no,no,no,no,no,False
101134421,METROPOLITAN NASHVILLE POLICE DEPT,20160245868,Davidson,Nashville,3/15/2016 1:50:00 PM,2,0,0,36.151870,-86.786550,I 40,,,,0.00,,,,,,,209.45,N,Not at Intersection, ,,None,,,         ,Christian,Martin,,,no,no,no,no,no,False
101134424,METROPOLITAN NASHVILLE POLICE DEPT,20160245514,Davidson,Nashville,3/15/2016 11:55:00 AM,2,0,0,36.213160,-86.775630,I 65,,,,0.00,,,,,,,87.80,N,Not at Intersection,Y,Non-Junction,None,,,         ,Michael,McCord,Clear,Front to Rear,no,no,no,no,no,False
101134465,METROPOLITAN NASHVILLE POLICE DEPT,20160246079,Davidson,Nashville,3/15/2016 2:58:00 PM,2,0,0,36.169250,-86.757870,S 7TH ST,,,,0.00,,,SHELBY AV,,,,0.00,Y,Four-Way,N,Intersection,None,,,         ,James,Smith,Clear,Other,no,no,no,no,yes,False
101134468,METROPOLITAN NASHVILLE POLICE DEPT,20160246017,Davidson,Nashville,3/15/2016 2:37:00 PM,2,0,0,36.141180,-86.760060,ANDREW T WHITMORE ST,,,,310.00,Feet,West,OLD RADNOR CAR LINE,,,,0.00,N,Not at Intersection, ,Non-Junction,None,,,         ,William,Durham,Clear,Front to Rear,no,no,no,no,no,False
101134473,METROPOLITAN NASHVILLE POLICE DEPT,20160243045,Davidson,Nashville,3/14/2016 5:17:00 PM,2,0,0,36.255640,-86.738400,I 65,,,,0.00,,,,,,,91.65,N,Not at Intersection, ,Non-Junction,None,,,         ,Samuel,Miller,Clear,Front to Rear,no,no,no,no,no,False
101134474,METROPOLITAN NASHVILLE POLICE DEPT,20160243122,Davidson,Not in City Limit,3/14/2016 5:53:00 PM,2,0,0,36.264210,-86.733860,HEAD DR,,,,0.00,Feet,East,OLD HICKORY BLVDW,,,,0.00,N,Not at Intersection, ,Non-Junction,None,,,         ,Samuel,Miller,Clear,Front to Rear,no,no,no,no,no,False
101134475,METROPOLITAN NASHVILLE POLICE DEPT,20160243396,Davidson,Not in City Limit,3/14/2016 7:42:00 PM,1,0,0,36.264520,-86.731110,OLD HICKORY BLVDW,,,,264.00,Feet,West,N MARTHONA RD,,,,0.00,N,Not at Intersection,N,Non-Junction,None,,,         ,Samuel,Miller,Clear,Not Collision with Motor Vehicle in Transport,no,no,no,no,no,False
101134476,METROPOLITAN NASHVILLE POLICE DEPT,20160243719,Davidson,Goodlettsville,3/14/2016 9:26:00 PM,2,0,0,36.302750,-86.691850,GALLATIN PKEN,,,,0.00,,,CONFERENCE DR,,,,0.00,Y,Four-Way,Y,Intersection-Related,None,,,         ,Samuel,Miller,Clear,Front to Rear,no,no,no,no,no,False
101134477,METROPOLITAN NASHVILLE POLICE DEPT,20160245996,Davidson,Not in City Limit,3/15/2016 2:22:00 PM,2,0,0,36.263830,-86.719410,OLD HICKORY BLVDW,,,,0.00,,,WALKER ST,,,,0.00,Y,T-Intersection, ,,None,,,         ,Samuel,Miller,,,no,no,no,no,no,False
101134486,METROPOLITAN NASHVILLE POLICE DEPT,20160246183,Davidson,Nashville,3/15/2016 3:49:00 PM,3,0,0,36.140170,-86.722740,I 40,,,,0.00,,,,,,,213.50,N,Not at Intersection,N,Non-Junction,None,,,         ,Leslie,Hale,Clear,Front to Rear,no,no,no,no,no,False
101134503,METROPOLITAN NASHVILLE POLICE DEPT,20160246229,Davidson,Nashville,3/15/2016 4:05:00 PM,2,0,0,36.142120,-86.775780,CHESTNUT ST,,,,0.00,,,FORT NEGLEY BLVD,,,,0.00,Y,Four-Way, ,Intersection,None,,,         ,Jonathan,Frith,Clear,Front to Rear,no,no,no,no,yes,False
101134504,METROPOLITAN NASHVILLE POLICE DEPT,20160246237,Davidson,Nashville,3/15/2016 4:04:00 PM,3,0,0,0.000000,0.000000,ELLINGTON PKWY N,,,,100.00,Miles,North,,,US,,100.00,N,Not at Intersection, ,Non-Junction,None,,,         ,Terence,Maahs,Clear,Angle,no,no,no,no,yes,False
101134506,METROPOLITAN NASHVILLE POLICE DEPT,20160246176,Davidson,Not in City Limit,3/15/2016 3:06:00 PM,2,0,0,36.073910,-86.926550,HIGHWAY 70S,,,,0.00,,,,,,,0.00,,,N,Intersection-Related,None,,,         ,John,Thomas,Clear,Front to Rear,no,no,no,no,no,False
101134510,METROPOLITAN NASHVILLE POLICE DEPT,2016-0245999,Davidson,Nashville,3/15/2016 2:42:00 PM,2,1,0,36.128630,-86.841900,HARDING PKE,,,,675.00,Feet,West,BRIXWORTH LN,,,,0.00,N,Not at Intersection,N,Non-Junction,None,,,         ,Walter,Gray II,Clear,Front to Rear,no,no,no,no,no,False
101134520,METROPOLITAN NASHVILLE POLICE DEPT,20160246265,Davidson,Nashville,3/15/2016 3:49:00 PM,2,0,0,36.173010,-86.601080,CENTRAL PKE,,,,51.00,Feet,West,BURNING TREE DR,,,,0.00,N,Not at Intersection, ,OtherLocation,None,,,         ,Christopher,Mackey,Clear,Other,no,no,no,no,no,False
101134523,METROPOLITAN NASHVILLE POLICE DEPT,20160246360,Davidson,Nashville,3/15/2016 4:50:00 PM,2,0,0,36.142200,-86.666600,I40 W EXT RAMP,,,,0.00,,,I 40,,,,0.00,Y,Four-Way, ,Entrance/Exit Ramp Related,None,,,         ,Tyler,Conrads,Clear,Front to Rear,no,no,no,no,no,False
101134527,METROPOLITAN NASHVILLE POLICE DEPT,20160246211,Davidson,Nashville,3/15/2016 4:01:00 PM,2,0,0,36.187460,-86.820670,CLARKSVILLE PKE,,,,329.00,Feet,East,ROSA L PARKS BLVD,,,,0.00,N,Not at Intersection, ,Non-Junction,None,,,         ,Allen,Hall,Clear,HeadOn,no,no,no,no,yes,False
101134530,METROPOLITAN NASHVILLE POLICE DEPT,2016-0246234,Davidson,Nashville,3/15/2016 3:54:00 PM,2,1,0,36.168790,-86.862460,63RD AVN,,,,178.00,Feet,North,NEW YORK AV,,,,0.00,N,Not at Intersection,N,Non-Junction,None,,,         ,Walter,Gray II,Clear,Front to Rear,no,no,no,no,no,False
101134531,METROPOLITAN NASHVILLE POLICE DEPT,20160246216,Davidson,Nashville,3/15/2016 3:45:00 PM,3,0,0,36.133130,-86.726880,I24E,,,,76.00,Feet,East,I24 W EXT RAMP,,,,0.00,N,Not at Intersection,N,Non-Junction,None,,,         ,William,Durham,Clear,Front to Rear,no,no,no,no,no,False
101134532,METROPOLITAN NASHVILLE POLICE DEPT,20160246359,Davidson,Nashville,3/15/2016 4:34:00 PM,2,0,0,36.144790,-86.711570,ELM HILL PKE,,,,160.00,Feet,West,MASSMAN DR,,,,0.00,N,Not at Intersection, ,Non-Junction,None,,,         ,Leslie,Hale,Clear,"Sideswipe, Same Direction",no,no,no,no,no,False
101134538,METROPOLITAN NASHVILLE POLICE DEPT,20160246426,Davidson,Nashville,3/15/2016 5:12:00 PM,1,0,0,36.176720,-86.750030,S 11TH ST,,,,0.00,,,,,,,0.00,,, ,,None,,,         ,Michael,Moss,,,no,yes,no,yes,no,False
101134540,METROPOLITAN NASHVILLE POLICE DEPT,20160246186,Davidson,Nashville,3/15/2016 1:44:00 PM,2,1,0,36.107800,-86.812670,HILLSBORO PKE,,,,0.00,,,GREEN HILLS VILLAGE DR,,,,0.00,Y,T-Intersection,N,Intersection-Related,None,,,         ,Tien,Nguyen,Clear,Front to Rear,no,no,no,no,no,False
101134545,METROPOLITAN NASHVILLE POLICE DEPT,20160245938,Davidson,Nashville,3/15/2016 3:49:00 PM,2,1,0,36.074070,-86.663310,UNA ANTIOCH PKE,,,,24.00,Feet,South,PEBBLE CREEK DR,,,,0.00,N,Not at Intersection,N,Non-Junction,None,,,         ,Jessie,Meadows,Clear,Front to Rear,no,no,no,no,no,False
101134546,METROPOLITAN NASHVILLE POLICE DEPT,20160246240,Davidson,Nashville,3/15/2016 4:40:00 PM,1,0,0,36.087770,-86.723190,PARAGON MILLS RD,,,,16.00,Feet,East,VALLEY RIDGE DR,,,,0.00,N,Not at Intersection,N,Non-Junction,None,,,         ,Joseph,Jakes,Clear,Not Collision with Motor Vehicle in Transport,no,no,no,no,yes,False
101134555,METROPOLITAN NASHVILLE POLICE DEPT,20160246445,Davidson,Nashville,3/15/2016 4:40:00 PM,2,0,0,36.124990,-86.752200,NOLENSVILLE PKE,,,,0.00,,,ROSEDALE AV,,,,0.00,Y,T-Intersection, ,Intersection,None,,,         ,Jonathan,Frith,Clear,"Sideswipe, Same Direction",no,no,no,no,no,False
101134556,METROPOLITAN NASHVILLE POLICE DEPT,20160246504,Davidson,Nashville,3/15/2016 5:20:00 PM,2,0,0,36.139150,-86.727110,I 24,,,,0.00,,,,,,,52.45,N,Not at Intersection, ,,None,,,         ,John,Kelley,,,no,no,no,no,no,False
101134557,METROPOLITAN NASHVILLE POLICE DEPT,20160246457,Davidson,Nashville,3/15/2016 5:43:00 PM,2,0,0,36.126290,-86.752820,US HWY 31 ALT,,,,170.00,Feet,North,GLENROSE AVE,,,,0.00,N,Not at Intersection, ,Non-Junction,None,,,         ,David,Hughes,Clear,"Sideswipe, Same Direction",no,no,no,no,no,False
101134560,METROPOLITAN NASHVILLE POLICE DEPT,20160246378,Davidson,Nashville,3/15/2016 4:00:00 PM,2,0,0,36.141100,-86.733230,I 40,,,,0.00,,,,,,,212.95,N,Not at Intersection,N,Non-Junction,None,,,         ,Bradley,McIntyre,Clear,Front to Rear,no,no,no,no,yes,False
101134562,METROPOLITAN NASHVILLE POLICE DEPT,20160246545,Davidson,Nashville,3/15/2016 5:26:00 PM,2,0,0,36.154270,-86.792890,16TH AVS,,,,0.00,,,BROADWAY,,,,0.00,Y,Y-Intersection,N,Intersection-Related,None,,,         ,Tien,Nguyen,Clear,Angle,no,no,no,no,no,False
101134566,METROPOLITAN NASHVILLE POLICE DEPT,20160246621,Davidson,Nashville,3/15/2016 5:49:00 PM,2,0,0,36.093080,-86.682010,HARDING PL,,,,437.00,Feet,West,AIRPARK CENTER DR,,,,0.00,N,Not at Intersection, ,,None,,,         ,William,Durham,,,no,no,no,no,no,False
101134575,METROPOLITAN NASHVILLE POLICE DEPT,20160246524,Davidson,Nashville,3/15/2016 5:40:00 PM,2,0,0,36.142760,-86.650330,I 40,,,,0.00,,,,,,,217.45,N,Not at Intersection,Y,Non-Junction,None,,,         ,Marcus,Mitchell,Clear,Front to Rear,no,no,no,no,no,False
101134578,METROPOLITAN NASHVILLE POLICE DEPT,20160246427,Davidson,Nashville,3/15/2016 5:15:00 PM,2,0,0,36.232190,-86.787580,EWING DR,,,,790.00,Feet,East,EWING LN,,,,0.00,N,Not at Intersection, ,Non-Junction,None,,,         ,Brian,Woodard,Clear,Other,no,no,no,no,no,False
101134580,METROPOLITAN NASHVILLE POLICE DEPT,20160246592,Davidson,Nashville,3/15/2016 6:06:00 PM,2,0,0,36.172990,-86.765440,SPRING ST,,,,61.00,Feet,North,MAIN ST ENT RAMP,,,,0.00,N,Not at Intersection, ,Non-Junction,None,,,         ,James,Smith,Clear,Front to Rear,no,no,no,no,no,False
101134581,METROPOLITAN NASHVILLE POLICE DEPT,20160246628,Davidson,Nashville,3/15/2016 6:20:00 PM,2,0,0,36.199430,-86.740760,GALLATIN PKE,,,,80.00,Feet,South,DELMAS AV,,,,0.00,N,Not at Intersection, ,Non-Junction,None,,,         ,Christopher,Valdez,Clear,"Sideswipe, Same Direction",no,no,no,no,no,False
101134584,METROPOLITAN NASHVILLE POLICE DEPT,20160246235,Davidson,Nashville,3/15/2016 4:02:00 PM,2,0,0,36.150660,-86.765250,UNIVERSITY CT,,,,200.00,Feet,East,1ST AVS,,,,0.00,N,Not at Intersection,N,Non-Junction,None,,,         ,Felipe,Pereira,Clear,"Sideswipe, Same Direction",no,no,no,no,yes,False
101134585,METROPOLITAN NASHVILLE POLICE DEPT,20160246627,Davidson,Nashville,3/15/2016 6:01:00 PM,2,0,0,36.139050,-86.733010,MURFREESBORO PKE,,,,0.00,,,ARLINGTON AV,,,,0.00,Y,Four-Way,N,Intersection,None,,,         ,Leslie,Hale,Clear,Angle,no,no,no,no,no,False
101134587,METROPOLITAN NASHVILLE POLICE DEPT,20160246289,Davidson,Nashville,3/15/2016 4:26:00 PM,2,0,0,36.129360,-86.802550,21ST AVS,,,,50.00,Feet,North,ASHWOOD AV,,,,0.00,N,Not at Intersection, ,Non-Junction,None,,,         ,Clyde,Stambaugh,Clear,"Sideswipe, Same Direction",no,no,no,no,no,False
101134588,METROPOLITAN NASHVILLE POLICE DEPT,20160246451,Davidson,Nashville,3/15/2016 5:22:00 PM,2,0,0,36.149390,-86.773320,I 40,,,,0.00,,,,,,,210.20,N,Not at Intersection,N,Non-Junction,None,,,         ,Clyde,Stambaugh,Clear,"Sideswipe, Same Direction",no,no,no,no,yes,False
101134591,METROPOLITAN NASHVILLE POLICE DEPT,20160246363,Davidson,Nashville,3/15/2016 3:36:00 PM,2,0,0,36.154350,-86.741130,LEBANON PKE,,,,99.00,Feet,West,LANNOM AV,,,,0.00,N,Not at Intersection,N,Non-Junction,None,,,         ,Bryan,Byrnes,Clear,"Sideswipe, Opposite Direction",no,no,no,no,no,False
101134618,METROPOLITAN NASHVILLE POLICE DEPT,20160246696,Davidson,Nashville,3/15/2016 5:40:00 PM,2,0,0,36.152110,-86.860080,I40 W ENT RAMP,,,,0.00,,,I 40,,,,0.00,Y,Y-Intersection,N,Non-Junction,None,,,         ,Shaun,Heath,Clear,"Sideswipe, Same Direction",no,no,no,no,yes,False
101134621,METROPOLITAN NASHVILLE POLICE DEPT,20160246560,Davidson,Nashville,3/15/2016 5:39:00 PM,2,0,0,36.150150,-86.748820,I 40,,,,0.00,,,,,,,211.70,N,Not at Intersection, ,Non-Junction,None,,,         ,Bryan,Byrnes,Clear,"Sideswipe, Same Direction",no,no,no,no,no,False
101134624,METROPOLITAN NASHVILLE POLICE DEPT,20160246626,Davidson,Nashville,3/15/2016 6:20:00 PM,2,2,0,36.244520,-86.722460,LAKEWOOD DR,,,,0.00,,,GALLATIN PKES,,,,0.00,Y,T-Intersection,N,Intersection,None,,,         ,Corteze,Armstrong,Clear,HeadOn,no,no,no,no,no,False
101134625,VANDERBILT UNIVERSITY POLICE,16-0246077,Davidson,Nashville,3/15/2016 5:05:00 PM,2,0,0,36.147670,-86.801170,MEDICAL CENTER DR,,,,0.00,,,,,,,0.00,,Not at Intersection, ,Non-Junction,None,,,         ,V,Greene,Clear,Front to Rear,no,no,no,yes,no,Campus
101134635,GOODLETTSVILLE POLICE DEPT,16-09654,Davidson,Goodlettsville,3/15/2016 5:47:00 PM,2,2,0,36.298140,-86.699850,GLEAVES ST,,,,0.00,,,RIVERGATE PKWY,,,,0.00,Y,T-Intersection,N,Intersection,None,,,         ,Stephen,Hodges,Clear,Other,no,no,no,no,no,False
101134648,METROPOLITAN NASHVILLE POLICE DEPT,20160246716,Davidson,Nashville,3/15/2016 5:21:00 PM,2,0,0,36.132850,-86.795800,BELMONT BLVD,,,,22.00,Feet,East,PORTLAND AV,,,,0.00,N,Not at Intersection, ,Non-Junction,None,,,         ,Clyde,Stambaugh,Clear,Front to Rear,no,no,no,no,no,False
101134659,METROPOLITAN NASHVILLE POLICE DEPT,20160246362,Davidson,Nashville,3/15/2016 4:46:00 PM,3,0,0,36.180000,-86.800610,I 65,,,,0.00,,,,,,,85.00,N,Not at Intersection, ,Entrance/Exit Ramp Related,None,,,         ,Thomas,Burns,Clear,Front to Rear,no,no,no,no,no,False
101134682,METROPOLITAN NASHVILLE POLICE DEPT,20160246905,Davidson,Nashville,3/15/2016 7:45:00 PM,2,0,0,36.184570,-86.610070,ANDREW JACKSON PKWY,,,,377.00,Feet,North,OLD HICKORY BLVD,,,,0.00,N,Not at Intersection,N,OtherLocation,None,,,         ,Christopher,Mackey,Clear,Other,no,no,no,no,no,False
101134683,METROPOLITAN NASHVILLE POLICE DEPT,20160246607,Davidson,Not in City Limit,3/15/2016 6:03:00 PM,2,0,0,36.268230,-86.756190,DICKERSON PKE,,,,50.00,Feet,South,BELL GRIMES LN,,,,0.00,N,Not at Intersection,N,Non-Junction,None,,,         ,Samuel,Miller,Clear,Angle,no,no,no,no,no,False
101134684,METROPOLITAN NASHVILLE POLICE DEPT,20160246859,Davidson,Nashville,3/15/2016 7:39:00 PM,2,3,0,36.248530,-86.720000,GALLATIN PKES,,,,197.00,Feet,North,DUE WEST AVE,,,,0.00,N,Not at Intersection,N,Non-Junction,None,,,         ,Samuel,Miller,Clear,Front to Rear,no,no,no,no,no,False