master_record_number,agency,agency_tracking_number,county,city,collision_date,vehicles_involved,number_injured,number_dead,latitude,longitude,roadway_name,roadway_suffix,roadway_number,roadway_local_id,distance_from_reference,miles-feet_indicator,direction_from_reference,intersection_road_name,intersection_road_name_suffix,intersection_road_number,intersection_local_id,mile_marker,intersection_indicator,intersect_type,interchange_related_indicator,relation_to_junction,work_zone_type,construction_maintenance_zone,construction_maintenance_zone_location,fatal_case_number,officer_first_name,officer_last_name,weather_condition(s),manner_of_crash,pedestrian,bicycle,scooter,parking,hitrun,mou
101134686,VANDERBILT UNIVERSITY POLICE,16-0246424,Davidson,Nashville,3/15/2016 5:13:00 PM,2,0,0,36.141650,-86.774620,CHESTNUT ST,,,,0.00,,,,,,,0.00,,, ,Non-Junction,None,,,         ,V,Greene,Clear,Front to Rear,no,no,no,no,no,False
101134691,METROPOLITAN NASHVILLE POLICE DEPT,2016-0242359,Davidson,Nashville,3/14/2016 1:04:00 PM,2,0,0,36.143810,-86.728270,ELM HILL PKE,,,,211.00,Feet,West,POPLAR ST,,,,0.00,N,Not at Intersection,N,Non-Junction,None,,,         ,Jeb,Johnston,Clear,Front to Rear,no,no,no,no,no,False
101134693,METROPOLITAN NASHVILLE POLICE DEPT,20160246703,Davidson,Nashville,3/15/2016 12:00:00 AM,2,0,0,36.162260,-86.810750,HERMAN ST,,,,166.00,Feet,West,22ND AVN,,,,0.00,N,Not at Intersection,N,Non-Junction,None,,,         ,Andy,Esqueda,Clear,"Sideswipe, Same Direction",no,no,no,no,yes,False
101134696,METROPOLITAN NASHVILLE POLICE DEPT,20160246907,Davidson,Nashville,3/15/2016 7:50:00 PM,2,0,0,36.150700,-86.770350,I 40,,,,0.00,,,,,,,210.40,N,Not at Intersection,N,Non-Junction,None,,,         ,Bradley,McIntyre,Clear,Front to Rear,no,no,no,no,no,False
101134700,METROPOLITAN NASHVILLE POLICE DEPT,20160247043,Davidson,Nashville,3/14/2016 12:00:00 AM,1,1,0,36.197500,-86.717140,STRATFORD AV,,,,183.00,Feet,North,BERKSHIRE DR,,,,0.00,N,Not at Intersection,N,Non-Junction,None,,,         ,Tien,Nguyen,Clear,Not Collision with Motor Vehicle in Transport,yes,no,no,no,yes,False
101134708,METROPOLITAN NASHVILLE POLICE DEPT,20160246852,Davidson,Nashville,3/15/2016 7:34:00 PM,4,1,0,36.073850,-86.734820,BLACKMAN RD,,,,50.00,Feet,East,OVERCREST DR,,,,0.00,N,Not at Intersection,N,Non-Junction,None,,,         ,Clyde,Stambaugh,Clear,Front to Rear,no,no,no,no,no,False
101134714,METROPOLITAN NASHVILLE POLICE DEPT,2016-0241539,Davidson,Nashville,3/14/2016 8:29:00 AM,2,0,0,36.142200,-86.666600,I40 W EXT RAMP,,,,0.00,,,DONELSON PKE,,,,0.00,Y,T-Intersection, ,Intersection,None,,,         ,Jeb,Johnston,Cloudy,Front to Rear,no,no,no,no,no,False
101134716,METROPOLITAN NASHVILLE POLICE DEPT,20160245928,Davidson,Nashville,3/15/2016 3:01:00 PM,2,0,0,36.069570,-86.693670,HAYWOOD LN,,,,70.00,Feet,East,EZELL RD,,,,0.00,N,Not at Intersection, ,Non-Junction,None,,,         ,Jessie,Meadows,Clear,Front to Rear,no,no,no,no,no,False
101134717,METROPOLITAN NASHVILLE POLICE DEPT,20160246084,Davidson,Nashville,3/15/2016 3:36:00 PM,2,0,0,36.127800,-86.712540,MURFREESBORO PKE,,,,195.00,Feet,East,PHILFRE CT,,,,0.00,N,Not at Intersection, ,Non-Junction,None,,,         ,Jessie,Meadows,Clear,Front to Rear,no,no,no,yes,yes,False
101134718,METROPOLITAN NASHVILLE POLICE DEPT,20160246537,Davidson,Nashville,3/15/2016 6:10:00 PM,3,0,0,36.082500,-86.711020,HARDING PL,,,,167.00,Feet,West,TAMPA DR,,,,0.00,N,Not at Intersection,N,Non-Junction,None,,,         ,Jessie,Meadows,Clear,Front to Rear,no,no,no,no,no,False
101134719,METROPOLITAN NASHVILLE POLICE DEPT,20160247079,Davidson,Nashville,3/15/2016 9:15:00 PM,1,1,0,36.131770,-86.801450,BERNARD AV,,,,0.00,,,21ST AVS,,,,0.00,Y,Four-Way,N,Non-Junction,None,,,         ,Jonathan,Frith,Clear,Not Collision with Motor Vehicle in Transport,no,no,no,no,no,False
101134723,METROPOLITAN NASHVILLE POLICE DEPT,20160246238,Davidson,Nashville,3/15/2016 4:05:00 PM,2,1,0,36.045610,-86.719770,OLD HICKORY BLVD,,,,0.00,,,ZERMATT AV,,,,0.00,Y,T-Intersection,N,Intersection,None,,,         ,Nicholas,Berens,Clear,Front to Rear,no,no,no,no,no,False
101134725,METROPOLITAN NASHVILLE POLICE DEPT,20160246780,Davidson,Nashville,3/15/2016 7:12:00 PM,2,1,0,36.139270,-86.880330,CHARLOTTE PKE,,,,0.00,,,,,,,0.00,,Not at Intersection,N,"Driveway, Alley Access, etc",None,,,         ,John,Thomas,Clear,Angle,no,no,no,no,no,False
101134727,METROPOLITAN NASHVILLE POLICE DEPT,20160246880,Davidson,Nashville,3/15/2016 7:30:00 PM,2,0,0,36.130000,-86.727870,I440 W ENT RAMP,,,,219.00,Feet,South,I 24,,,,0.00,N,Not at Intersection,N,Non-Junction,None,,,         ,Michael,Russell,Clear,Front to Rear,no,no,no,no,no,False
101134729,METROPOLITAN NASHVILLE POLICE DEPT,20160247056,Davidson,Nashville,3/15/2016 9:06:00 PM,2,0,0,36.037710,-86.784820,OLD HICKORY BLVD,,,,0.00,,,I65 S EXT RAMP,,,,0.00,Y,Y-Intersection, ,Intersection,None,,,         ,Clyde,Stambaugh,Clear,Angle,no,no,no,no,no,False
101134731,METROPOLITAN NASHVILLE POLICE DEPT,20160246901,Davidson,Nashville,3/15/2016 7:50:00 PM,2,1,0,36.167790,-86.820750,28TH AVN,,,,0.00,,,JEFFERSON ST,,,,0.00,Y,Four-Way,Y,Intersection,None,,,         ,Andy,Esqueda,Clear,HeadOn,no,no,no,no,no,False
101134736,METROPOLITAN NASHVILLE POLICE DEPT,20160247124,Davidson,Nashville,3/15/2016 9:35:00 PM,2,0,0,36.206700,-86.779320,W TRINITY LN,,,,262.00,Feet,West,HAMPTON ST,,,,0.00,N,Not at Intersection,N,Non-Junction,None,,,         ,Thomas,Burns,Clear,Angle,no,no,no,no,no,False
101134739,METROPOLITAN NASHVILLE POLICE DEPT,20160231747,Davidson,Nashville,3/10/2016 6:00:00 PM,2,0,0,36.038410,-86.743440,EDMONDSON PKE,,,,129.00,Feet,North,BONNIE BRIDGE RD,,,,0.00,N,Not at Intersection, ,Non-Junction,None,,,         ,Miguel,Garcia,Clear,Front to Rear,no,no,no,no,no,False
101134743,METROPOLITAN NASHVILLE POLICE DEPT,20160243715,Davidson,Nashville,3/14/2016 10:17:00 PM,2,0,0,36.154050,-86.771390,3RD AVS,,,,142.00,Feet,North,ELM ST,,,,0.00,N,Not at Intersection,N,Non-Junction,None,,,         ,David,Snowden,Clear,Front to Rear,no,no,no,no,yes,False
101134745,METROPOLITAN NASHVILLE POLICE DEPT,20160246115,Davidson,Nashville,3/15/2016 3:22:00 PM,2,0,0,36.184000,-86.843400,COUNTY HOSPITAL RD,,,,153.00,Feet,South,PANORAMA DR,,,,0.00,N,Not at Intersection,N,Non-Junction,None,,,         ,Michael,Brooks,Clear,"Sideswipe, Opposite Direction",no,no,no,no,yes,False
101134746,METROPOLITAN NASHVILLE POLICE DEPT,20160246418,Davidson,Nashville,3/15/2016 5:12:00 PM,2,0,0,36.159970,-86.795400,15TH AVN,,,,0.00,,,CHARLOTTE AV,,,,0.00,Y,T-Intersection,N,Intersection,None,,,         ,Michael,Brooks,Clear,Angle,no,no,no,no,yes,False
101134747,METROPOLITAN NASHVILLE POLICE DEPT,20160246657,Davidson,Nashville,3/15/2016 6:25:00 PM,2,6,0,36.212310,-86.798590,WHITES CREEK PKE,,,,0.00,,,AVALON DR,,,,0.00,Y,T-Intersection,N,Intersection,None,,,         ,Michael,Brooks,Clear,Angle,no,no,no,no,no,False
101134755,METROPOLITAN NASHVILLE POLICE DEPT,2016-0217402,Davidson,Not in City Limit,3/6/2016 5:33:00 PM,2,0,0,36.264170,-86.735510,I65 N EXT RAMP,,,,0.00,,,OLD HICKORY BLVDW,,,,0.00,Y,Y-Intersection,Y,Entrance/Exit Ramp Related,None,,,         ,Joel,Callies,Cloudy,Front to Rear,no,no,no,no,yes,False
101134757,METROPOLITAN NASHVILLE POLICE DEPT,20160246256,Davidson,Nashville,3/15/2016 4:10:00 PM,2,0,0,36.116070,-86.791970,I 440,,,,0.00,,,,,,,3.85,N,Not at Intersection, ,Non-Junction,None,,,         ,John,Stanfield,Clear,Front to Rear,no,no,no,no,no,False
101134758,METROPOLITAN NASHVILLE POLICE DEPT,20160246568,Davidson,Nashville,3/15/2016 5:45:00 PM,2,0,0,36.116230,-86.773320,I 65,,,,0.00,,,,,,,80.20,N,Not at Intersection,N,Non-Junction,None,,,         ,John,Stanfield,Clear,"Sideswipe, Same Direction",no,no,no,no,yes,False
101134759,METROPOLITAN NASHVILLE POLICE DEPT,2016-0243706,Davidson,Nashville,3/14/2016 10:19:00 PM,2,0,0,36.082170,-86.651950,UNA ANTIOCH PKE,,,,0.00,,,PICCADILLY ROW,,,,0.00,Y,T-Intersection,N,Intersection-Related,None,,,         ,Matthew,Johnson,Clear,Angle,no,no,no,no,yes,False
101134767,METROPOLITAN NASHVILLE POLICE DEPT,20160246642,Davidson,Nashville,3/15/2016 6:25:00 PM,2,0,0,36.091350,-86.828500,HARDING PL,,,,0.00,,,US HWY 431,,,,0.00,Y,Four-Way,Y,Intersection,None,,,         ,Barrett,Teague,Clear,Angle,no,no,no,no,no,False
101134768,METROPOLITAN NASHVILLE POLICE DEPT,20160246509,Davidson,Nashville,3/15/2016 5:15:00 PM,2,0,0,36.137500,-86.821980,I 440,,,,0.00,,,,,,,1.40,N,Not at Intersection, ,Non-Junction,None,,,         ,Barrett,Teague,Clear,"Sideswipe, Same Direction",no,no,no,no,no,False
101134781,METROPOLITAN NASHVILLE POLICE DEPT,20160247487,Davidson,Nashville,3/15/2016 11:21:00 PM,1,0,0,36.046690,-86.676300,BELL RD,,,,0.00,,,,,,,0.00,,,N,Non-Junction,None,,,         ,Blaze,Williams,Clear,Not Collision with Motor Vehicle in Transport,no,no,no,yes,yes,False
101134782,METROPOLITAN NASHVILLE POLICE DEPT,20160247272,Davidson,Nashville,3/15/2016 10:40:00 PM,2,0,0,36.158410,-86.790610,GEORGE L DAVIS BLVD,,,,0.00,,,I40 W ENT RAMP,,,,0.00,Y,Four-Way, ,,None,,,         ,Ian,Hammond,,,no,no,no,no,no,False
101134791,METROPOLITAN NASHVILLE POLICE DEPT,20160247317,Davidson,Nashville,3/15/2016 10:57:00 PM,1,1,0,36.066930,-86.730510,WHISPERING HILLS CT,,,,40.00,Feet,West,WHISPERING HILLS DR,,,,0.00,N,Not at Intersection,N,Non-Junction,None,,,         ,Joshua,Billotte,Clear,Not Collision with Motor Vehicle in Transport,no,no,no,no,no,False
101134811,VANDERBILT UNIVERSITY POLICE,16-0247678,Davidson,Nashville,3/16/2016 12:40:00 AM,2,0,0,36.144100,-86.799850,EDGEHILL AV,,,,0.00,,,21ST AVS,,,,0.00,Y,T-Intersection,N,Intersection,None,,,         ,Charles,Stevens,Clear,Angle,no,no,no,no,no,Campus
101134834,METROPOLITAN NASHVILLE POLICE DEPT,20160236725,Davidson,Nashville,3/12/2016 6:08:00 AM,2,0,0,36.126920,-86.711380,MURFREESBORO PKE,,,,115.00,Feet,West,THOMPSON PL,,,,0.00,N,Not at Intersection, ,Non-Junction,None,,,         ,Michael,Richardson,Clear,"Sideswipe, Same Direction",no,no,no,yes,yes,False
101134836,METROPOLITAN NASHVILLE POLICE DEPT,2016-0238465,Davidson,Nashville,3/12/2016 10:26:00 PM,2,0,0,36.162130,-86.778150,4TH AVN,,,,93.00,Feet,South,COMMERCE ST,,,,0.00,N,Not at Intersection,N,OtherLocation,None,,,         ,Andrew,Mullen,Clear,Front to Rear,no,no,no,yes,yes,False
101134841,METROPOLITAN NASHVILLE POLICE DEPT,20160247928,Davidson,Nashville,3/16/2016 3:20:00 AM,1,0,0,36.149710,-86.722010,SPENCE LN,,,,307.00,Feet,North,MARWOOD LN,,,,0.00,N,Not at Intersection,N,Non-Junction,None,,,         ,Joshua,Chick,Rain,Not Collision with Motor Vehicle in Transport,no,no,no,no,yes,False
101134859,METROPOLITAN NASHVILLE POLICE DEPT,20160247345,Davidson,Nashville,3/15/2016 11:13:00 PM,1,0,0,36.107990,-86.720320,I 24,,,,0.00,,,,,,,53.85,N,Not at Intersection,N,Non-Junction,None,,,         ,Ethan,Luffman,Clear,Not Collision with Motor Vehicle in Transport,no,no,no,no,no,False
101134861,METROPOLITAN NASHVILLE POLICE DEPT,20160248252,Davidson,Nashville,3/16/2016 6:17:00 AM,3,1,0,36.103460,-86.741400,NOLENSVILLE PKE,,,,213.00,Feet,North,PATTERSON ST,,,,0.00,N,Not at Intersection,N,Non-Junction,None,,,         ,Ethan,Luffman,Clear,Front to Rear,no,no,no,no,no,False
101134866,METROPOLITAN NASHVILLE POLICE DEPT,2016-0245940,Davidson,Nashville,3/15/2016 2:10:00 PM,2,0,0,36.216180,-86.729320,GALLATIN PKE,,,,0.00,,,OAK ST,,,,0.00,Y,T-Intersection, ,Intersection,None,,,         ,Coleman,Womack,Clear,"Sideswipe, Same Direction",no,no,no,no,no,False
101134867,METROPOLITAN NASHVILLE POLICE DEPT,2016-0245918,Davidson,Not in City Limit,3/15/2016 2:07:00 PM,2,3,0,36.262720,-86.705330,4TH AV,,,,0.00,,,E OLD HICKORY BLVD,,,,0.00,Y,T-Intersection,N,Non-Junction,None,,,         ,Michael,Agee,Clear,Angle,no,no,no,no,no,False
101134881,METROPOLITAN NASHVILLE POLICE DEPT,20160245994,Davidson,Nashville,3/15/2016 2:43:00 PM,2,0,0,36.143930,-86.626490,BELL RD,,,,578.00,Feet,South,LINCOYA BAY DR,,,,0.00,N,Not at Intersection,N,Non-Junction,None,,,         ,Wesley,Young,Clear,Front to Rear,no,no,no,no,no,False
101134885,GOODLETTSVILLE POLICE DEPT,16-09727,Davidson,Goodlettsville,3/16/2016 7:50:00 AM,2,1,0,36.304569,-86.699898,RIVERGATE MALL ACCESS,RD,,,500.00,Feet,South,RIVERGATE,PKWY,,,0.00,N,Not at Intersection,N,Non-Junction,None,,,         ,Jason,Ayers,Clear,Angle,no,no,no,no,yes,False
101134894,METROPOLITAN NASHVILLE POLICE DEPT,16-0248348,Davidson,Nashville,3/16/2016 7:10:00 AM,2,0,0,36.168740,-86.783760,JAMES ROBERTSON PKWY,,,,0.00,,,5TH AVN,,,,0.00,Y,Four-Way, ,Non-Junction,None,,,         ,Frank,Campbell,Clear,Other,no,no,no,no,no,False
101134895,METROPOLITAN NASHVILLE POLICE DEPT,2016-0248475,Davidson,Nashville,3/16/2016 8:00:00 AM,2,0,0,36.153250,-86.843440,ALABAMA AV,,,,26.00,Feet,East,47TH AVN,,,,0.00,N,Not at Intersection, ,Non-Junction,None,,,         ,Curtis,Rich,Cloudy,Angle,no,no,no,no,no,False
101134898,BERRY HILL POLICE DEPT,16-0911,Davidson,Nashville,3/13/2016 8:20:00 PM,2,0,0,36.110940,-86.767210,POWELL AV,,,,0.00,,,OLD POWELL AV,,,,0.00,Y,OTHER, ,OtherLocation,None,,,         ,Larry,Carter,Clear,Angle,no,no,no,no,no,False
101134899,METROPOLITAN NASHVILLE POLICE DEPT,20160248439,Davidson,Nashville,3/16/2016 8:25:00 AM,2,0,0,36.180040,-86.774610,I24 E EXT RAMP,,,,0.00,Feet,East,I 24,,,,0.00,N,Not at Intersection, ,Entrance/Exit Ramp Related,None,,,         ,Michael,Johnson,Clear,"Sideswipe, Same Direction",no,no,no,no,no,False
101134900,METROPOLITAN NASHVILLE POLICE DEPT,20160248489,Davidson,Nashville,3/16/2016 8:00:00 AM,2,0,0,36.196070,-86.866450,BRILEY PKWYS,,,,1282.00,Feet,North,BRILEY PKWYN,,,,0.00,N,Not at Intersection, ,Non-Junction,None,,,         ,Jeanine,Sarno,Clear,Front to Rear,no,no,no,no,no,False
101134914,BERRY HILL POLICE DEPT,16-0925,Davidson,Nashville,3/14/2016 12:00:00 AM,1,1,0,36.148270,-86.780000,I65 S ENT RAMP,,,,0.00,,,I 40,,,,0.00,Y,Y-Intersection,Y,Entrance/Exit Ramp Related,None,,,         ,John,Gleixner,Clear,Not Collision with Motor Vehicle in Transport,no,no,no,no,no,False
101134916,METROPOLITAN NASHVILLE POLICE DEPT,2016-0248491,Davidson,Nashville,3/16/2016 12:00:00 AM,2,0,0,36.145540,-86.840950,WYOMING AV,,,,126.00,Feet,West,45TH AVN,,,,0.00,N,Not at Intersection,N,Non-Junction,None,,,         ,Paul,Junkmann,Unknown,"Sideswipe, Opposite Direction",no,no,no,no,yes,False
101134921,METROPOLITAN NASHVILLE POLICE DEPT,20160244714,Davidson,Nashville,3/15/2016 6:39:00 AM,3,0,0,36.143950,-86.722820,ELM HILL PKE,,,,75.00,Feet,West,SPENCE LN,,,,0.00,N,Not at Intersection, ,Non-Junction,None,,,         ,James,Curtis,Clear,Front to Rear,no,no,no,no,no,False
101134923,METROPOLITAN NASHVILLE POLICE DEPT,2016-0248641,Davidson,Nashville,3/16/2016 8:55:00 AM,2,0,0,36.121950,-86.807200,HILLSBORO PKE,,,,52.00,Feet,South,I440 E ENT RAMP,,,,0.00,N,Not at Intersection,N,Non-Junction,None,,,         ,Curtis,Rich,Cloudy,Front to Rear,no,no,no,no,no,False
101134924,METROPOLITAN NASHVILLE POLICE DEPT,2016-0248563,Davidson,Nashville,3/16/2016 8:26:00 AM,2,0,0,36.167630,-86.787750,ROSA L PARKS BLVD,,,,0.00,,,10TH CIRN,,,,0.00,Y,T-Intersection,Y,Intersection,None,,,         ,Daniel,Massey,Clear,Front to Rear,no,no,no,no,yes,False
101134930,BERRY HILL POLICE DEPT,16-0914,Davidson,Berry Hill,3/13/2016 10:10:00 PM,2,0,0,36.112330,-86.767020,THOMPSON LN,,,,0.00,,,BRANSFORD AV,,,,0.00,Y,OTHER, ,OtherLocation,None,,,         ,Larry,Carter,Clear,"Sideswipe, Opposite Direction",no,no,no,yes,yes,False
101134931,METROPOLITAN NASHVILLE POLICE DEPT,20160248326,Davidson,Nashville,3/16/2016 7:06:00 AM,2,1,0,36.052170,-86.775160,I 65,,,,0.00,,,,,,,74.70,N,Not at Intersection,N,Non-Junction,None,,,         ,Nathan,Kemp,Clear,Front to Rear,no,no,no,no,no,False
101134932,METROPOLITAN NASHVILLE POLICE DEPT,20160248498,Davidson,Nashville,3/16/2016 8:01:00 AM,2,1,0,36.134240,-86.776370,WEDGEWOOD AV,,,,0.00,,,I65 S EXT RAMP,,,,0.00,Y,Four-Way,N,Intersection,None,,,         ,Nathan,Kemp,Clear,Angle,no,no,no,no,yes,False
101134933,METROPOLITAN NASHVILLE POLICE DEPT,2016-0248616,Davidson,Nashville,3/16/2016 8:50:00 AM,2,0,0,36.222610,-86.732060,VIRGINIA AV,,,,282.00,Feet,East,MATTHEWS AV,,,,0.00,N,Not at Intersection, ,Non-Junction,None,,,         ,Coleman,Womack,Clear,"Sideswipe, Opposite Direction",no,no,no,no,no,False
101134941,METROPOLITAN NASHVILLE POLICE DEPT,20160248415,Davidson,Nashville,3/16/2016 7:48:00 AM,4,2,0,36.220810,-86.774730,I 65,,,,0.00,,,,,,,88.35,N,Not at Intersection,Y,Non-Junction,None,,,         ,Michael,McCord,Clear,Front to Rear,no,no,no,no,no,False
101134943,METROPOLITAN NASHVILLE POLICE DEPT,20160248600,Davidson,Nashville,3/16/2016 8:51:00 AM,1,0,0,36.154980,-86.763880,HERMITAGE AV,,,,168.00,Feet,West,LINDSLEY AV,,,,0.00,N,Not at Intersection, ,,None,,,         ,Pedro,Rivera Chaparro,,,no,no,no,no,no,False
101134947,METROPOLITAN NASHVILLE POLICE DEPT,20160248482,Davidson,Nashville,3/16/2016 8:12:00 AM,2,1,0,36.086940,-86.693470,STATE HWY 255,,,,417.00,Feet,West,ANTIOCH PIKE,,,,0.00,N,Not at Intersection,N,"Driveway, Alley Access, etc",None,,,         ,Brian,Lamb,Clear,Angle,no,no,no,no,no,False
101134948,METROPOLITAN NASHVILLE POLICE DEPT,20160248578,Davidson,Nashville,3/16/2016 9:15:00 AM,2,0,0,36.141490,-86.715570,I 40,,,,0.00,,,,,,,213.90,N,Not at Intersection, ,Non-Junction,None,,,         ,Gerald,Gomes,Clear,Front to Rear,no,no,no,no,no,False
101134950,METROPOLITAN NASHVILLE POLICE DEPT,20160248707,Davidson,Nashville,3/16/2016 10:02:00 AM,2,0,0,36.166490,-86.764860,I 24,,,,0.00,,,,,,,49.00,N,Not at Intersection, ,Non-Junction,None,,,         ,Michael,Johnson,Clear,Front to Rear,no,no,no,no,yes,False
101134956,METROPOLITAN NASHVILLE POLICE DEPT,2016-0246281,Davidson,Nashville,3/15/2016 4:10:00 PM,2,0,0,36.171080,-86.874300,COCKRILL BEND BLVD,,,,115.00,Feet,West,CENTENNIAL BLVD,,,,0.00,N,Not at Intersection, ,Non-Junction,None,,,         ,Walter,Gray II,Clear,Front to Rear,no,no,no,no,no,False
101134960,METROPOLITAN NASHVILLE POLICE DEPT,20160248783,Davidson,Nashville,3/16/2016 10:00:00 AM,2,0,0,36.032560,-86.768700,CLOVERLAND DR,,,,0.00,,,JONES PKWY,,,,0.00,Y,Four-Way, ,,None,,,         ,Bryant,Presley,,,no,no,no,no,no,False
101134962,METROPOLITAN NASHVILLE POLICE DEPT,20160248323,Davidson,Not in City Limit,3/16/2016 7:00:00 AM,2,1,0,36.268430,-86.736770,I 65,,,,0.00,,,,,,,92.50,N,Not at Intersection,N,Non-Junction,None,,,         ,Timothy,Powell,Clear,Front to Rear,no,no,no,no,no,False
101134963,VANDERBILT UNIVERSITY POLICE,16-0248418,Davidson,Nashville,3/15/2016 5:00:00 AM,2,0,0,36.145080,-86.810730,WEST END AV,,,,0.00,,,,,,,0.00,,, ,Non-Junction,None,,,         ,Yasemine,Lomax,Clear,Unknown,no,no,no,yes,yes,Campus
101134968,METROPOLITAN NASHVILLE POLICE DEPT,20160248491,Davidson,Nashville,3/16/2016 8:05:00 AM,2,0,0,36.121700,-86.923160,OLD CHARLOTTE PKE,,,,33.00,Feet,West,OLD HICKORY BLVD,,,,0.00,N,Not at Intersection,N,Non-Junction,None,,,         ,Christopher,Taylor,Clear,Front to Rear,no,no,no,no,no,False
101134969,VANDERBILT UNIVERSITY POLICE,16-0248273,Davidson,Nashville,3/16/2016 5:40:00 AM,1,0,0,0.000000,0.000000,MEDICAL CENTER DR,,,,100.00,Feet,South,,,SR,,1.00,N,Not at Intersection, ,,None,,,         ,DeAngelo,Wilson,,,no,no,no,yes,no,False
101134970,METROPOLITAN NASHVILLE POLICE DEPT,2016-0248684,Davidson,Antioch,3/16/2016 9:20:00 AM,2,0,0,36.015440,-86.620058,OLD HICKORY BLVD,,,,0.00,,,,,II24,,0.00,Y,OTHER, ,,None,,,         ,Stanley,Collins,,,no,no,no,no,no,False
101134974,METROPOLITAN NASHVILLE POLICE DEPT,20160248849,Davidson,Nashville,3/16/2016 10:15:00 AM,2,0,0,36.158410,-86.790610,GEORGE L DAVIS BLVD,,,,0.00,Feet,,I40 W ENT RAMP,,,,0.00,Y,Four-Way, ,Intersection,None,,,         ,Clint,Gilleland,Clear,"Sideswipe, Same Direction",no,no,no,no,no,False
101134977,METROPOLITAN NASHVILLE POLICE DEPT,16-0248821,Davidson,Nashville,3/16/2016 10:15:00 AM,2,0,0,36.159070,-86.760460,I 24,,,,0.00,,,,,,,49.50,N,Not at Intersection, ,Non-Junction,None,,,         ,Frank,Campbell,Clear,Front to Rear,no,no,no,no,no,False
101134979,METROPOLITAN NASHVILLE POLICE DEPT,20160245393,Davidson,Nashville,3/15/2016 11:06:00 AM,3,1,0,36.168200,-86.657330,LEBANON PKE,,,,151.00,Feet,West,STEWARTS FERRY PKE,,,,0.00,N,Not at Intersection,N,Non-Junction,None,,,         ,James,Curtis,Clear,Front to Rear,no,no,no,no,no,False
101134982,METROPOLITAN NASHVILLE POLICE DEPT,20160248841,Davidson,Nashville,3/16/2016 10:15:00 AM,2,0,0,36.082570,-86.764150,HARDING PL,,,,0.00,,,I65 S EXT RAMP,,,,0.00,Y,T-Intersection,N,Non-Junction,None,,,         ,Eric,Harvey,Clear,Front to Rear,no,no,no,no,no,False
101134983,METROPOLITAN NASHVILLE POLICE DEPT,20160248769,Davidson,Nashville,3/16/2016 9:54:00 AM,3,1,0,36.141270,-86.716920,I 40,,,,0.00,,,,,,,213.80,N,Not at Intersection,N,Non-Junction,None,,,         ,Ralph,Harvey,Clear,Front to Rear,no,no,no,no,no,False
101134988,METROPOLITAN NASHVILLE POLICE DEPT,20160248958,Davidson,Nashville,3/16/2016 11:37:00 AM,2,0,0,36.165560,-86.764290,I 24,,,,0.00,,,,,,,49.00,N,Not at Intersection, ,Entrance/Exit Ramp Related,None,,,         ,Michael,Johnson,Clear,Front to Rear,no,no,no,no,no,False
101134991,METROPOLITAN NASHVILLE POLICE DEPT,2016-0248589,Davidson,Nashville,3/16/2016 8:30:00 AM,2,0,0,36.144190,-86.700380,I40 W ENT RAMP,,,,0.00,Feet,East,I 40,,,,0.00,N,Not at Intersection,N,Non-Junction,None,,,         ,Scott,Toney,Clear,"Sideswipe, Same Direction",no,no,no,no,no,False
101134992,METROPOLITAN NASHVILLE POLICE DEPT,2016-0248624,Davidson,Nashville,3/16/2016 8:15:00 AM,2,0,0,0.000000,0.000000,BROADWAY,,,,50.00,Feet,East,GEORGE L. DAVIS BLVD,,,,0.00,N,Not at Intersection, ,,None,,,         ,William,Vincion,,,no,no,no,yes,no,False
101134993,METROPOLITAN NASHVILLE POLICE DEPT,20160248773,Davidson,Nashville,3/16/2016 9:57:00 AM,4,1,0,36.206450,-86.776490,I 65,,,,0.00,,,,,,,87.30,N,Not at Intersection,Y,Non-Junction,None,,,         ,Jeanine,Sarno,Clear,Front to Rear,no,no,no,no,no,False
101134997,METROPOLITAN NASHVILLE POLICE DEPT,2016-0249042,Davidson,Nashville,3/16/2016 11:40:00 AM,2,0,0,36.144010,-86.857830,WHITE BRIDGE PKE,,,,266.00,Feet,North,CORBETT LN,,,,0.00,N,Not at Intersection, ,Non-Junction,None,,,         ,Curtis,Rich,Clear,Angle,no,no,no,no,no,False
101134998,METROPOLITAN NASHVILLE POLICE DEPT,20160248759,Davidson,Nashville,3/16/2016 1:13:00 AM,2,0,0,36.153460,-86.801800,CHURCH ST,,,,0.00,,,,,,,0.00,,,N,OtherLocation,None,,,         ,Darrell,Osment,Clear,"Sideswipe, Same Direction",no,no,no,yes,yes,False
101135002,METROPOLITAN NASHVILLE POLICE DEPT,2016-0248939,Davidson,Nashville,3/16/2016 10:55:00 AM,2,0,0,36.154180,-86.757820,I24 W ENT RAMP,,,,0.00,,,I 40,,,,0.00,Y,OTHER,N,Non-Junction,None,,,         ,Coleman,Womack,Clear,Not Collision with Motor Vehicle in Transport,no,no,no,no,yes,False
101135011,METROPOLITAN NASHVILLE POLICE DEPT,20160249104,Davidson,Nashville,3/16/2016 12:04:00 PM,2,0,0,36.134280,-86.780570,WEDGEWOOD AV,,,,0.00,,,BEECH AV,,,,0.00,Y,Four-Way, ,Intersection,None,,,         ,Nathan,Kemp,Clear,Angle,no,no,no,no,no,False