master_record_number,agency,agency_tracking_number,county,city,collision_date,vehicles_involved,number_injured,number_dead,latitude,longitude,roadway_name,roadway_suffix,roadway_number,roadway_local_id,distance_from_reference,miles-feet_indicator,direction_from_reference,intersection_road_name,intersection_road_name_suffix,intersection_road_number,intersection_local_id,mile_marker,intersection_indicator,intersect_type,interchange_related_indicator,relation_to_junction,work_zone_type,construction_maintenance_zone,construction_maintenance_zone_location,fatal_case_number,officer_first_name,officer_last_name,weather_condition(s),manner_of_crash,pedestrian,bicycle,scooter,parking,hitrun,mou
101146311,METROPOLITAN NASHVILLE POLICE DEPT,2016-0256024,Davidson,Nashville,3/18/2016 9:00:00 AM,1,0,0,36.044620,-86.659440,I24 E ENT RAMP,,,,0.00,Feet,East,I 24,,,,0.00,N,Not at Intersection,Y,Entrance/Exit Ramp Related,None,,,         ,William,Whitworth,Clear,Not Collision with Motor Vehicle in Transport,no,no,no,no,no,False
101146312,METROPOLITAN NASHVILLE POLICE DEPT,20160256441,Davidson,Nashville,3/18/2016 12:20:00 PM,2,0,0,36.171240,-86.800780,14TH AVN,,,,107.00,Feet,North,JEFFERSON ST,,,,0.00,N,Not at Intersection,N,Non-Junction,None,,,         ,Nathaniel,Clemons,Clear,"Sideswipe, Same Direction",no,no,no,yes,yes,False
101146313,METROPOLITAN NASHVILLE POLICE DEPT,20160256524,Davidson,Nashville,3/18/2016 1:17:00 PM,2,0,0,36.114460,-86.747060,NOLENSVILLE PKE,,,,51.00,Feet,South,CENTRAL AV,,,,0.00,N,Not at Intersection,N,Non-Junction,None,,,         ,Justin,Pinkelton,Clear,Rear to Rear,no,no,no,yes,yes,False
101146319,METROPOLITAN NASHVILLE POLICE DEPT,20160256363,Davidson,Nashville,3/18/2016 12:17:00 PM,1,0,0,36.144870,-86.739850,I 40,,,,0.00,,,,,,,212.30,N,Not at Intersection,N,Non-Junction,None,,,         ,James,Curtis,Clear,Not Collision with Motor Vehicle in Transport,no,no,no,no,no,False
101146326,METROPOLITAN NASHVILLE POLICE DEPT,20160253794,Davidson,Nashville,3/17/2016 6:01:00 PM,3,1,0,36.153050,-86.684000,ELM HILL PKE,,,,193.00,Feet,West,MCGAVOCK PKE,,,,0.00,N,Not at Intersection,N,Non-Junction,None,,,         ,John,Daugherty,Clear,Front to Rear,no,no,no,no,yes,False
101146334,METROPOLITAN NASHVILLE POLICE DEPT,20160256394,Davidson,Nashville,3/18/2016 12:28:00 PM,2,0,0,36.124470,-86.751900,NOLENSVILLE PKE,,,,209.00,Feet,South,ROSEDALE AV,,,,0.00,N,Not at Intersection, ,,None,,,         ,Nathan,Kemp,,,no,no,no,no,no,False
101146335,METROPOLITAN NASHVILLE POLICE DEPT,20160256478,Davidson,Nashville,3/18/2016 1:02:00 PM,2,0,0,36.145560,-86.792740,16TH AVS,,,,416.00,Feet,North,MUSIC SQE,,,,0.00,N,Not at Intersection, ,Non-Junction,None,,,         ,Nathan,Kemp,Clear,Front to Rear,no,no,no,no,no,False
101146337,METROPOLITAN NASHVILLE POLICE DEPT,20160256554,Davidson,Nashville,3/18/2016 1:32:00 PM,2,0,0,36.146310,-86.666540,DONELSON PKE,,,,133.00,Feet,North,ROYAL PKWY,,,,0.00,N,Not at Intersection, ,,None,,,         ,DuJuan,Kendrick,,,no,no,no,no,no,False
101146338,METROPOLITAN NASHVILLE POLICE DEPT,20160256307,Davidson,Nashville,3/18/2016 11:50:00 AM,3,2,0,36.132650,-86.727160,I 24,,,,0.00,,,,,,,52.00,N,Not at Intersection,N,Non-Junction,None,,,         ,Jonathan,Cavezza,Clear,Front to Rear,no,no,no,no,no,False
101146344,METROPOLITAN NASHVILLE POLICE DEPT,20160256298,Davidson,Nashville,3/18/2016 11:57:00 AM,2,0,0,36.084450,-86.705970,LINBAR DR,,,,110.00,Feet,South,EISENHOWER DR,,,,0.00,N,Not at Intersection,N,Non-Junction,None,,,         ,Jessie,Meadows,Clear,Front to Rear,no,no,no,no,yes,False
101146345,METROPOLITAN NASHVILLE POLICE DEPT,20160256471,Davidson,Nashville,3/18/2016 1:32:00 PM,2,0,0,36.110170,-86.744940,COLLIER AVE,,,,35.00,Feet,West,RAMP,,,,0.00,N,Not at Intersection, ,Non-Junction,None,,,         ,Jessie,Meadows,Clear,Front to Rear,no,no,no,no,no,False
101146356,METROPOLITAN NASHVILLE POLICE DEPT,20160256556,Davidson,Nashville,3/18/2016 1:15:00 PM,3,0,0,36.159080,-86.800900,DR D B TODD JR BLVD,,,,61.00,Feet,North,PEARL ST,,,,0.00,N,Not at Intersection,N,Non-Junction,None,,,         ,Brandon,Evans,Clear,Angle,no,no,no,yes,yes,False
101146362,METROPOLITAN NASHVILLE POLICE DEPT,20160256558,Davidson,Nashville,3/18/2016 12:00:00 AM,2,0,0,36.206190,-86.693560,OPRY MILLS DR,,,,0.00,,,,,,,0.00,,,N,OtherLocation,None,,,         ,Gregory,Lindstrom,Clear,Angle,no,no,no,yes,yes,False
101146366,METROPOLITAN NASHVILLE POLICE DEPT,20160254394,Davidson,Nashville,3/17/2016 9:07:00 PM,2,0,0,36.173830,-86.746920,FATHERLAND ST,,,,216.00,Feet,East,S 13TH ST,,,,0.00,N,Not at Intersection,N,Non-Junction,None,,,         ,Nicholas,Diamond,Clear,"Sideswipe, Same Direction",no,no,no,no,no,False
101146370,METROPOLITAN NASHVILLE POLICE DEPT,20160256437,Davidson,Nashville,3/18/2016 12:50:00 PM,3,0,0,36.110290,-86.782100,WOODMONT BLVD,,,,0.00,,,MCNAIRY LN,,,,0.00,Y,T-Intersection,N,Intersection,None,,,         ,Justin,Fox,Clear,Front to Rear,no,no,no,no,no,False
101146375,METROPOLITAN NASHVILLE POLICE DEPT,20160256467,Davidson,Nashville,3/18/2016 1:04:00 PM,3,0,0,36.042310,-86.726520,WOODLANDS AV,,,,0.00,Feet,,OLD HICKORY BLVD,,,,0.00,Y,Four-Way,Y,Intersection-Related,None,,,         ,Ronald,Raynore,Clear,Front to Rear,no,no,no,no,yes,False
101146392,METROPOLITAN NASHVILLE POLICE DEPT,20160256279,Davidson,Nashville,3/18/2016 11:41:00 AM,2,0,0,36.105410,-86.671260,MURFREESBORO PKE,,,,605.00,Feet,East,DONELSON PKE,,,,0.00,N,Not at Intersection, ,Non-Junction,None,,,         ,Wesley,Young,Clear,"Sideswipe, Same Direction",no,no,no,no,no,False
101146403,METROPOLITAN NASHVILLE POLICE DEPT,20160254468,Davidson,Nashville,3/17/2016 9:31:00 PM,2,0,0,36.064790,-86.628480,HAMILTON CHURCH RD,,,,0.00,Feet,,MURFREESBORO PKE,,,,0.00,Y,Four-Way,N,Intersection-Related,None,,,         ,Alyson,Cook,Clear,Front to Rear,no,no,no,no,no,False
101146404,METROPOLITAN NASHVILLE POLICE DEPT,20160256714,Davidson,Nashville,3/18/2016 2:13:00 PM,2,0,0,36.149400,-86.773290,I 40,,,,0.00,,,,,,,210.20,N,Not at Intersection, ,Entrance/Exit Ramp Related,None,,,         ,Tien,Nguyen,Clear,Front to Rear,no,no,no,no,no,False
101146408,METROPOLITAN NASHVILLE POLICE DEPT,20160256742,Davidson,Nashville,3/18/2016 3:20:00 PM,1,0,0,36.037950,-86.713090,NOLENSVILLE PKE,,,,169.00,Feet,South,SHADOW GLEN DR,,,,0.00,N,Not at Intersection, ,,None,,,         ,Ronald,Raynore,,,no,no,no,no,no,False
101146418,METROPOLITAN NASHVILLE POLICE DEPT,2016-0254509,Davidson,Nashville,3/17/2016 9:51:00 PM,2,1,0,36.204730,-86.724470,RIVERSIDE DR,,,,0.00,,,MCGAVOCK PIKE,,,,0.00,Y,Four-Way,N,Intersection,None,,,         ,Kimberly,Brown,Clear,Angle,no,no,no,no,no,False
101146425,METROPOLITAN NASHVILLE POLICE DEPT,20160256756,Davidson,Nashville,3/18/2016 2:39:00 PM,2,1,0,36.129590,-86.727140,I 24,,,,0.00,,,,,,,51.20,N,Not at Intersection,N,Non-Junction,None,,,         ,William,Durham,Clear,Front to Rear,no,no,no,no,no,False
101146442,METROPOLITAN NASHVILLE POLICE DEPT,2016-0256776,Davidson,Nashville,3/18/2016 3:05:00 PM,2,1,0,36.110560,-86.767000,POWELL AV,,,,153.00,Feet,South,OLD POWELL AV,,,,0.00,N,Not at Intersection,N,Non-Junction,None,,,         ,Austin,Kendrick,Clear,Angle,no,no,no,no,no,False
101146444,METROPOLITAN NASHVILLE POLICE DEPT,20160256740,Davidson,Nashville,3/18/2016 2:39:00 PM,2,1,0,36.191870,-86.780970,I 65,,,,0.00,,,,,,,86.25,N,Not at Intersection,N,Non-Junction,None,,,         ,Michael,Baron,Clear,Front to Rear,no,no,no,no,no,False
101146448,METROPOLITAN NASHVILLE POLICE DEPT,20160256636,Davidson,Nashville,3/18/2016 2:43:00 PM,2,0,0,36.113640,-86.690910,US HWY 41,,,,623.00,Feet,West,AIR FREIGHT BLVD,,,,0.00,N,Not at Intersection, ,Non-Junction,None,,,         ,Jessie,Meadows,Clear,"Sideswipe, Same Direction",no,no,no,no,no,False
101146457,METROPOLITAN NASHVILLE POLICE DEPT,20160253520,Davidson,Nashville,3/17/2016 3:21:00 PM,3,1,0,36.131090,-86.716750,MURFREESBORO PKE,,,,30.00,Feet,East,FOOTHILL DR,,,,0.00,N,Not at Intersection,N,Non-Junction,None,,,         ,David,Hughes,Clear,Front to Rear,no,no,no,no,no,False
101146464,METROPOLITAN NASHVILLE POLICE DEPT,20160256894,Davidson,Nashville,3/18/2016 3:40:00 PM,2,0,0,36.146350,-86.777030,I40 W ENT RAMP,,,,0.00,Feet,East,I 65,,,,0.00,N,Not at Intersection, ,Non-Junction,None,,,         ,Nicholas,Smith,Clear,Front to Rear,no,no,no,no,no,False
101146472,METROPOLITAN NASHVILLE POLICE DEPT,20160256954,Davidson,Nashville,3/18/2016 4:07:00 PM,2,0,0,36.136770,-86.730770,HILL AV,,,,70.00,Feet,West,CRUTCHFIELD AV,,,,0.00,N,Not at Intersection, ,Non-Junction,None,,,         ,William,Durham,Clear,"Sideswipe, Same Direction",no,no,no,no,no,False
101146485,METROPOLITAN NASHVILLE POLICE DEPT,20160257031,Davidson,Nashville,3/18/2016 4:39:00 PM,1,1,0,36.145000,-86.857970,BURGESS AV,,,,0.00,,,WHITE BRIDGE PKE,,,,0.00,Y,Four-Way,N,Intersection,None,,,         ,Shaun,Heath,Clear,Not Collision with Motor Vehicle in Transport,yes,no,no,no,no,False
101146487,METROPOLITAN NASHVILLE POLICE DEPT,20160257111,Davidson,Nashville,3/18/2016 4:50:00 PM,2,0,0,36.115770,-86.781830,I 440,,,,0.00,,,,,,,4.45,N,Not at Intersection, ,Entrance/Exit Ramp Related,None,,,         ,Tien,Nguyen,Clear,Front to Rear,no,no,no,no,no,False
101146490,METROPOLITAN NASHVILLE POLICE DEPT,20160256653,Davidson,Nashville,3/18/2016 2:00:00 PM,1,0,0,36.167610,-86.778610,JAMES ROBERTSON PKWY,,,,0.00,,,2ND AVN,,,,0.00,Y,T-Intersection, ,Non-Junction,None,,,         ,Michael,Baron,Clear,Not Collision with Motor Vehicle in Transport,no,no,no,no,no,False
101146495,METROPOLITAN NASHVILLE POLICE DEPT,20160257013,Davidson,Nashville,3/18/2016 12:00:00 AM,2,0,0,36.182610,-86.797790,I65 N EXT RAMP,,,,0.00,Feet,East,I 65,,,,0.00,N,Not at Intersection,N,Entrance/Exit Ramp Related,None,,,         ,Adam,Gartner,Clear,Angle,no,no,no,no,yes,False
101146507,METROPOLITAN NASHVILLE POLICE DEPT,20160256770,Davidson,Nashville,3/18/2016 4:32:00 PM,2,0,0,36.135510,-86.726720,I 24,,,,0.00,,,,,,,52.20,N,Not at Intersection, ,Non-Junction,None,,,         ,Jessie,Meadows,Clear,Front to Rear,no,no,no,no,no,False
101146508,METROPOLITAN NASHVILLE POLICE DEPT,20160256828,Davidson,Nashville,3/18/2016 4:43:00 PM,2,0,0,36.132690,-86.726960,-- UNKNOWN RAMP/ROAD --,,,,0.00,Feet,East,I 24,,,,0.00,N,Not at Intersection, ,Non-Junction,None,,,         ,Jessie,Meadows,Clear,Front to Rear,no,no,no,no,no,False
101146511,METROPOLITAN NASHVILLE POLICE DEPT,20160256574,Davidson,Nashville,3/18/2016 1:02:00 PM,2,0,0,36.234700,-86.815560,BRILEY PKWY W EXT RAMP,,,,0.00,Feet,East,WHITES CREEK PKE,,,,0.00,N,Not at Intersection, ,Entrance/Exit Ramp Related,None,,,         ,Christopher,Templin,Clear,Front to Rear,no,no,no,no,no,False
101146514,METROPOLITAN NASHVILLE POLICE DEPT,20160257121,Davidson,Not in City Limit,3/18/2016 2:45:00 PM,2,0,0,36.258430,-86.713540,HARRIS ST,,,,0.00,,,GALLATIN PKES,,,,0.00,Y,Four-Way,N,Intersection,None,,,         ,Peter,Knisley,Clear,Front to Rear,no,no,no,no,yes,False
101146520,VANDERBILT UNIVERSITY POLICE,16-0257039,Davidson,Nashville,3/18/2016 3:20:00 PM,2,0,0,36.145610,-86.798450,SCARRITT PL,,,,367.00,Feet,East,21ST AVS,,,,0.00,N,Not at Intersection,N,Non-Junction,None,,,         ,James,Goolsby,Clear,"Sideswipe, Same Direction",no,no,no,yes,yes,Campus
101146522,METROPOLITAN NASHVILLE POLICE DEPT,20160257229,Davidson,Nashville,3/18/2016 5:40:00 PM,2,0,0,36.079780,-86.764110,I65 N EXT RAMP,,,,0.00,,,I 65,,,,0.00,Y,OTHER,N,Entrance/Exit Ramp Related,None,,,         ,Tien,Nguyen,Clear,Front to Rear,no,no,no,no,yes,False
101146525,METROPOLITAN NASHVILLE POLICE DEPT,20160256856,Davidson,Nashville,3/18/2016 3:30:00 PM,2,2,0,36.093050,-86.632550,SMITH SPRINGS RD,,,,121.00,Feet,East,OLD SMITH SPRINGS RD,,,,0.00,N,Not at Intersection,N,Non-Junction,None,,,         ,Marcus,Mitchell,Clear,HeadOn,no,no,no,no,no,False
101146529,METROPOLITAN NASHVILLE POLICE DEPT,20160256743,Davidson,Nashville,3/18/2016 2:56:00 PM,2,1,0,36.158140,-86.791190,CHURCH ST,,,,6.00,Feet,South,EXIT 209B,,,,0.00,N,Not at Intersection,Y,Entrance/Exit Ramp Related,None,,,         ,Terrance,Stuckey,Clear,Front to Rear,no,no,no,no,no,False
101146533,METROPOLITAN NASHVILLE POLICE DEPT,20160256782,Davidson,Nashville,3/18/2016 2:51:00 PM,2,0,0,36.142590,-86.815500,WEST END AV,,,,0.00,,,31ST AVN,,,,0.00,Y,Four-Way, ,Intersection,None,,,         ,Clyde,Stambaugh,Clear,Front to Rear,no,no,no,no,no,Campus
101146534,METROPOLITAN NASHVILLE POLICE DEPT,20160256867,Davidson,Nashville,3/18/2016 3:24:00 PM,2,0,0,36.131720,-86.774120,I 65,,,,0.00,,,,,,,81.20,N,Not at Intersection,N,Non-Junction,None,,,         ,Clyde,Stambaugh,Clear,Front to Rear,no,no,no,no,no,False
101146537,METROPOLITAN NASHVILLE POLICE DEPT,20160257226,Davidson,Nashville,3/18/2016 5:35:00 PM,2,0,0,36.140760,-86.720110,I 40,,,,0.00,,,,,,,213.65,N,Not at Intersection, ,,None,,,         ,Bradley,McIntyre,,,no,no,no,no,no,False
101146539,METROPOLITAN NASHVILLE POLICE DEPT,20160256801,Davidson,Nashville,3/18/2016 2:20:00 PM,2,0,0,36.078320,-86.725950,NOLENSVILLE PKE,,,,460.00,Feet,North,WALLACE RD,,,,0.00,N,Not at Intersection, ,,None,,,         ,Matthew,Johnson,,,no,no,no,no,no,False
101146543,METROPOLITAN NASHVILLE POLICE DEPT,20160257185,Davidson,Nashville,3/18/2016 5:27:00 PM,2,1,0,36.111060,-86.747360,THOMPSON LN,,,,0.00,,,LOUISE DR,,,,0.00,Y,T-Intersection,N,Intersection,None,,,         ,Megan,Lamon,Clear,Angle,no,no,no,no,no,False
101146554,METROPOLITAN NASHVILLE POLICE DEPT,20160257249,Davidson,Nashville,3/18/2016 5:21:00 PM,2,0,0,36.068430,-86.719390,NOLENSVILLE PKE,,,,117.00,Feet,North,HAYWOOD LN,,,,0.00,N,Not at Intersection, ,Non-Junction,None,,,         ,William,Durham,Clear,Front to Rear,no,no,no,no,no,False
101146555,METROPOLITAN NASHVILLE POLICE DEPT,20160256953,Davidson,Nashville,3/18/2016 4:12:00 PM,2,1,0,36.122710,-86.630490,WOODLAND POINT DR,,,,0.00,,,BELL RD,,,,0.00,Y,T-Intersection,N,Intersection,None,,,         ,Jaby,Djabbarov,Clear,Front to Rear,no,no,no,no,no,False
101146566,METROPOLITAN NASHVILLE POLICE DEPT,20160256905,Davidson,Nashville,3/18/2016 3:50:00 PM,2,0,0,36.192920,-86.744260,GALLATIN AV,,,,83.00,Feet,North,DOUGLAS AV,,,,0.00,N,Not at Intersection, ,Non-Junction,None,,,         ,Christopher,Valdez,Cloudy,"Sideswipe, Same Direction",no,no,no,no,no,False
101146567,METROPOLITAN NASHVILLE POLICE DEPT,20160257252,Davidson,Nashville,3/18/2016 5:40:00 PM,2,0,0,36.242790,-86.749900,I65 S EXT RAMP,,,,0.00,,,I 65,,,,0.00,Y,Y-Intersection, ,Entrance/Exit Ramp Related,None,,,         ,Christopher,Valdez,Cloudy,Not Collision with Motor Vehicle in Transport,no,no,no,no,no,False
101146574,METROPOLITAN NASHVILLE POLICE DEPT,20160257502,Davidson,Nashville,3/18/2016 7:20:00 PM,2,0,0,36.145950,-86.666600,ROYAL PKWY,,,,0.00,,,DONELSON PKE,,,,0.00,Y,Four-Way,N,Intersection,None,,,         ,Bradley,McIntyre,Clear,Front to Rear,no,no,no,no,yes,False
101146582,METROPOLITAN NASHVILLE POLICE DEPT,20160257211,Davidson,Not in City Limit,3/18/2016 7:18:00 PM,2,0,0,36.264270,-86.736130,OLD HICKORY BLVDW,,,,0.00,,,I65 N EXT RAMP,,,,0.00,Y,OTHER, ,,None,,,         ,Christopher,Kelly,,,no,no,no,no,no,False
101146584,METROPOLITAN NASHVILLE POLICE DEPT,20160256834,Davidson,Nashville,3/18/2016 3:20:00 PM,2,1,0,36.038260,-86.801590,OLD HICKORY BLVD,,,,204.00,Feet,West,WESTPARK DR,,,,0.00,N,Not at Intersection,N,Non-Junction,None,,,         ,John,Stanfield,Clear,Front to Rear,no,no,no,no,no,False
101146585,METROPOLITAN NASHVILLE POLICE DEPT,20160257067,Davidson,Nashville,3/18/2016 4:45:00 PM,1,0,0,36.075980,-86.767840,I 65,,,,0.00,,,,,,,77.35,N,Not at Intersection, ,Non-Junction,None,,,         ,John,Stanfield,Clear,Not Collision with Motor Vehicle in Transport,no,no,no,no,no,False
101146594,METROPOLITAN NASHVILLE POLICE DEPT,20160257551,Davidson,Nashville,3/18/2016 7:35:00 PM,1,0,0,36.169830,-86.588860,I 40,,,,0.00,,,,,,,221.50,N,Not at Intersection, ,Non-Junction,None,,,         ,Christopher,Mackey,Clear,Not Collision with Motor Vehicle in Transport,no,no,no,no,no,False
101146599,METROPOLITAN NASHVILLE POLICE DEPT,20160257120,Davidson,Nashville,3/18/2016 4:42:00 PM,1,0,0,36.057530,-86.704700,DELVIN DR,,,,666.00,Feet,West,BREWER DR,,,,0.00,N,Not at Intersection,N,Non-Junction,None,,,         ,Victoria,Cunningham,Clear,Not Collision with Motor Vehicle in Transport,no,no,no,yes,yes,False
101146612,METROPOLITAN NASHVILLE POLICE DEPT,20160256990,Davidson,Not in City Limit,3/18/2016 4:22:00 PM,2,1,0,36.082130,-86.955540,-- UNKNOWN RAMP/ROAD --,,,,0.00,,,I 40,,,,0.00,Y,OTHER,Y,Entrance/Exit Ramp Related,None,,,         ,Barrett,Teague,Clear,Front to Rear,no,no,no,no,no,False
101146614,METROPOLITAN NASHVILLE POLICE DEPT,20160257280,Davidson,Nashville,3/18/2016 4:10:00 PM,2,0,0,36.212860,-86.775670,I 65,,,,0.00,,,,,,,87.80,N,Not at Intersection,N,Non-Junction,None,,,         ,Damon,Hutcheson,Clear,"Sideswipe, Same Direction",no,no,no,no,no,False
101146616,METROPOLITAN NASHVILLE POLICE DEPT,20160257447,Davidson,Nashville,3/18/2016 6:43:00 PM,4,7,0,36.087450,-86.649020,MURFREESBORO PKE,,,,217.00,Feet,North,RANSOM PL,,,,0.00,N,Not at Intersection,N,Non-Junction,None,,,         ,William,Durham,Clear,Front to Rear,no,no,no,no,no,False
101146625,METROPOLITAN NASHVILLE POLICE DEPT,20160257547,Davidson,Nashville,3/18/2016 7:37:00 PM,2,1,0,36.116520,-86.697590,MURFREESBORO PKE,,,,0.00,,,MCGAVOCK PKE,,,,0.00,Y,Four-Way,N,Intersection,None,,,         ,Patrick,Taylor,Clear,Angle,no,no,no,no,no,False
101146627,METROPOLITAN NASHVILLE POLICE DEPT,20160257129,Davidson,Nashville,3/18/2016 5:06:00 PM,2,2,0,36.160710,-86.793800,CHARLOTTE AV,,,,50.00,Feet,West,14TH AVN,,,,0.00,N,Not at Intersection,N,Non-Junction,None,,,         ,Maria,Cortez,Clear,Front to Rear,no,no,no,no,no,False
101146635,METROPOLITAN NASHVILLE POLICE DEPT,20160257594,Davidson,Nashville,3/18/2016 7:50:00 PM,2,0,0,36.149670,-86.859930,OCEOLA AV,,,,0.00,,,CHARLOTTE PKE,,,,0.00,Y,T-Intersection,N,Intersection,None,,,         ,Tyler,Maupin,Clear,Angle,no,no,no,no,no,False
101146636,Nashville Airport Police,2016-00655,Davidson,Nashville,3/18/2016 1:54:00 PM,2,0,0,36.133180,-86.664330,BNA DR,,,,0.00,,,DONELSON PKES,,,,0.00,Y,OTHER, ,Entrance/Exit Ramp Related,None,,,         ,Isaac,Hulan,Clear,"Sideswipe, Same Direction",no,no,no,no,no,False
101146640,METROPOLITAN NASHVILLE POLICE DEPT,2016-0254363,Davidson,Nashville,3/17/2016 8:59:00 PM,2,0,0,36.085290,-86.701140,I24 E ENT RAMP,,,,0.00,,,I 24,,,,0.00,Y,Y-Intersection, ,Non-Junction,None,,,         ,David,Hughes,Clear,"Sideswipe, Same Direction",no,no,no,no,no,False
101146642,METROPOLITAN NASHVILLE POLICE DEPT,201602523993,Davidson,Nashville,3/17/2016 8:00:00 PM,5,5,0,36.140950,-86.822810,I 440,,,,0.00,,,,,,,0.15,N,Not at Intersection,N,Non-Junction,None,,,         ,Jose,Salazar,Clear,Other,no,no,no,no,no,False
101146646,METROPOLITAN NASHVILLE POLICE DEPT,20160257883,Davidson,Nashville,3/18/2016 9:12:00 PM,2,0,0,36.086710,-86.699140,I24 W ENT RAMP,,,,0.00,Feet,East,I 24,,,,0.00,N,Not at Intersection,N,Entrance/Exit Ramp Related,None,,,         ,William,Durham,Clear,"Sideswipe, Same Direction",no,no,no,no,yes,False
101146647,METROPOLITAN NASHVILLE POLICE DEPT,20160256880,Davidson,Nashville,3/18/2016 3:42:00 PM,2,1,0,36.193660,-86.831220,S HAMILTON RD,,,,0.00,,,BUENA VISTA PKE,,,,0.00,Y,Four-Way,N,Intersection,None,,,         ,Christopher,Templin,Clear,Front to Rear,no,no,no,no,no,False
101146651,METROPOLITAN NASHVILLE POLICE DEPT,20160257462,Davidson,Nashville,3/18/2016 6:25:00 PM,2,1,0,36.062760,-86.916720,STATE HWY 251,,,,719.00,Feet,South,HICKS RD,,,,0.00,N,Not at Intersection,N,Non-Junction,None,,,         ,Barrett,Teague,Clear,"Sideswipe, Opposite Direction",no,no,no,yes,no,False
101146653,METROPOLITAN NASHVILLE POLICE DEPT,20160257854,Davidson,Nashville,3/18/2016 9:01:00 PM,3,0,0,36.082100,-86.761700,HARDING PL,,,,0.00,,,SIDCO DR,,,,0.00,Y,Four-Way,N,Intersection,None,,,         ,Clyde,Stambaugh,Clear,Angle,no,no,no,no,yes,False
101146658,METROPOLITAN NASHVILLE POLICE DEPT,20160256803,Davidson,Not in City Limit,3/18/2016 3:15:00 PM,2,0,0,36.268440,-86.756100,DICKERSON PKE,,,,25.00,Feet,North,BELL GRIMES LN,,,,0.00,N,Not at Intersection,N,Non-Junction,None,,,         ,Kyle,Burks,Clear,Angle,no,no,no,no,no,False
101146659,METROPOLITAN NASHVILLE POLICE DEPT,20160256765,Davidson,Nashville,3/18/2016 3:02:00 PM,2,2,0,36.196090,-86.776120,I 65,,,,0.00,,,,,,,86.60,N,Not at Intersection,N,Non-Junction,None,,,         ,Michael,Brooks,Clear,Front to Rear,no,no,no,no,no,False
101146660,METROPOLITAN NASHVILLE POLICE DEPT,20160256968,Davidson,Nashville,3/18/2016 4:15:00 PM,2,1,0,36.173030,-86.792400,9TH AVN,,,,0.00,,,JEFFERSON ST,,,,0.00,Y,Four-Way,N,Intersection,None,,,         ,Michael,Brooks,Cloudy,Angle,no,no,no,no,no,False
101146661,METROPOLITAN NASHVILLE POLICE DEPT,20160257303,Davidson,Nashville,3/18/2016 6:06:00 PM,1,0,0,36.231620,-86.804000,KNIGHT DR,,,,0.00,,,EWING DR,,,,0.00,Y,T-Intersection,N,Intersection,None,,,         ,Michael,Brooks,Cloudy,Not Collision with Motor Vehicle in Transport,no,no,no,no,yes,False
101146666,METROPOLITAN NASHVILLE POLICE DEPT,20160256805,Davidson,Nashville,3/18/2016 12:00:00 AM,2,0,0,36.158960,-86.800830,DR D B TODD JR BLVD,,,,77.00,Feet,North,PEARL ST,,,,0.00,N,Not at Intersection,N,Non-Junction,None,,,         ,Andy,Esqueda,Clear,Angle,no,no,no,yes,yes,False
101146667,METROPOLITAN NASHVILLE POLICE DEPT,20160257574,Davidson,Nashville,3/18/2016 6:50:00 PM,2,1,0,36.044980,-86.665560,BELL RD,,,,460.00,Feet,East,CEDAR POINTE PKWY,,,,0.00,N,Not at Intersection,N,Non-Junction,None,,,         ,Oscar,Gomez,Clear,Angle,no,no,no,no,no,False
101146668,METROPOLITAN NASHVILLE POLICE DEPT,20160257663,Davidson,Nashville,3/18/2016 8:19:00 PM,1,2,0,36.073450,-86.675140,ARTELIA DR,,,,34.00,Feet,South,HAWAIIAN VIEW,,,,0.00,N,Not at Intersection,N,Non-Junction,None,,,         ,Oscar,Gomez,Cloudy,Not Collision with Motor Vehicle in Transport,no,no,no,no,no,False
101146670,METROPOLITAN NASHVILLE POLICE DEPT,20160257881,Davidson,Nashville,3/18/2016 9:23:00 PM,2,3,0,36.166230,-86.765790,I24 E EXT RAMP,,,,0.00,,,I 24,,,,0.00,Y,Four-Way,N,Intersection,None,,,         ,Michael,Baron,Clear,Angle,no,no,no,no,no,False
101146676,METROPOLITAN NASHVILLE POLICE DEPT,20160257196,Davidson,Nashville,3/18/2016 6:20:00 PM,3,1,0,36.132640,-86.726960,-- UNKNOWN RAMP/ROAD --,,,,0.00,Feet,East,I 24,,,,0.00,N,Not at Intersection,N,Non-Junction,None,,,         ,Jessie,Meadows,Clear,Front to Rear,no,no,no,no,no,False
101146680,METROPOLITAN NASHVILLE POLICE DEPT,20160257658,Davidson,Nashville,3/18/2016 5:34:00 PM,2,1,0,36.163270,-86.757340,S 6TH ST,,,,0.00,,,FRITH DR,,,,0.00,Y,OTHER,N,Non-Junction,None,,,         ,Shawn,Rosson,Clear,"Sideswipe, Same Direction",no,no,no,yes,yes,False
101146683,METROPOLITAN NASHVILLE POLICE DEPT,20160253529,Davidson,Nashville,3/17/2016 4:28:00 PM,2,0,0,36.240740,-86.757370,DICKERSON PKE,,,,0.00,,,BRILEY PKWY E EXT RAMP,,,,0.00,Y,T-Intersection,Y,Intersection,None,,,         ,Samuel,Miller,Cloudy,Angle,no,no,no,no,no,False