master_record_number,agency,agency_tracking_number,county,city,collision_date,vehicles_involved,number_injured,number_dead,latitude,longitude,roadway_name,roadway_suffix,roadway_number,roadway_local_id,distance_from_reference,miles-feet_indicator,direction_from_reference,intersection_road_name,intersection_road_name_suffix,intersection_road_number,intersection_local_id,mile_marker,intersection_indicator,intersect_type,interchange_related_indicator,relation_to_junction,work_zone_type,construction_maintenance_zone,construction_maintenance_zone_location,fatal_case_number,officer_first_name,officer_last_name,weather_condition(s),manner_of_crash,pedestrian,bicycle,scooter,parking,hitrun,mou
101147199,METROPOLITAN NASHVILLE POLICE DEPT,20160259761,Davidson,Nashville,3/19/2016 4:59:00 PM,3,1,0,36.176450,-86.772500,I 24,,,,0.00,,,,,,,48.00,N,Not at Intersection,N,Non-Junction,None,,,         ,Joshua,Hollins,Cloudy,Angle,no,no,no,no,no,False
101147204,METROPOLITAN NASHVILLE POLICE DEPT,20160259940,Davidson,Nashville,3/19/2016 5:50:00 PM,2,0,0,36.171430,-86.769040,JAMES ROBERTSON PKWY,,,,0.00,,,INTERSTATE DR,,,,0.00,Y,Four-Way, ,Non-Junction,None,,,         ,Michael,Baron,Clear,Front to Rear,no,no,no,no,no,False
101147207,METROPOLITAN NASHVILLE POLICE DEPT,20160259487,Davidson,Nashville,3/19/2016 2:50:00 PM,2,0,0,36.145500,-86.626190,LINCOYA BAY DR,,,,0.00,,,BELL RD,,,,0.00,Y,T-Intersection,Y,Intersection,None,,,         ,Brian,Smith,Clear,Front to Rear,no,no,no,no,no,False
101147210,METROPOLITAN NASHVILLE POLICE DEPT,20160260286,Davidson,Nashville,3/19/2016 9:18:00 PM,2,0,0,36.203630,-86.764800,EDWIN ST,,,,0.00,,,,,,,0.00,,, ,Non-Junction,None,,,         ,Christopher,Valdez,Cloudy,Unknown,no,no,no,yes,yes,False
101147213,METROPOLITAN NASHVILLE POLICE DEPT,2016-0259966,Davidson,Nashville,3/19/2016 7:45:00 PM,1,0,0,36.243390,-86.776230,RAINWOOD DR,,,,0.00,,,WOODSTOCK DR,,,,0.00,Y,T-Intersection,N,Non-Junction,None,,,         ,Samuel,Miller,Cloudy,Not Collision with Motor Vehicle in Transport,no,no,no,no,yes,False
101147216,METROPOLITAN NASHVILLE POLICE DEPT,20160260153,Davidson,Nashville,3/19/2016 7:50:00 PM,2,0,0,36.072130,-86.732890,WHISPERING HILLS DR,,,,0.00,,,EDMONDSON PKE,,,,0.00,Y,Four-Way, ,Intersection-Related,None,,,         ,John,Stanfield,Cloudy,Front to Rear,no,no,no,no,no,False
101147222,METROPOLITAN NASHVILLE POLICE DEPT,20160257002,Davidson,Nashville,3/18/2016 4:29:00 PM,2,0,0,36.140830,-86.666490,DONELSON PKE,,,,169.00,Feet,North,I40 E EXT RAMP,,,,0.00,N,Not at Intersection,N,Non-Junction,None,,,         ,Dontaveous,Eubanks,Clear,Angle,no,no,no,no,yes,False
101147237,METROPOLITAN NASHVILLE POLICE DEPT,20160260233,Davidson,Nashville,3/19/2016 8:26:00 PM,2,0,0,36.078280,-86.643060,MARTWAY DR,,,,14.00,Feet,South,MURFREESBORO PKE,,,,0.00,N,Not at Intersection,N,Non-Junction,None,,,         ,Richard,Olive,Clear,Angle,no,no,no,no,no,False
101147238,METROPOLITAN NASHVILLE POLICE DEPT,20160258645,Davidson,Not in City Limit,3/19/2016 3:45:00 AM,1,0,0,36.079360,-86.960130,I 40,,,,0.00,,,,,,,196.10,N,Not at Intersection,N,Non-Junction,None,,,         ,Kenneth,Bray,Clear,Not Collision with Motor Vehicle in Transport,no,no,no,no,no,False
101147246,GOODLETTSVILLE POLICE DEPT,16-10219,Davidson,Goodlettsville,3/19/2016 9:09:00 PM,2,0,0,36.325139,-86.701751,LONG HOLLOW,PIKE,US174,,0.00,,,E CEDAR,ST,SR174,,0.00,Y,Four-Way,N,Intersection-Related,None,,,         ,Hannah,Poole,Clear,"Sideswipe, Same Direction",no,no,no,no,yes,False
101147261,METROPOLITAN NASHVILLE POLICE DEPT,20160260503,Davidson,Nashville,3/19/2016 10:38:00 PM,2,0,0,36.216630,-86.692630,MCGAVOCK PKE,,,,0.00,Feet,,MCGAVOCK PKE WB EXT RAMP,,,,0.00,Y,Five Point Or More,N,Intersection,None,,,         ,Leonard,Spadavecchia,Rain,Angle,no,no,no,no,no,False
101147269,METROPOLITAN NASHVILLE POLICE DEPT,20160260629,Davidson,Nashville,3/20/2016 12:40:00 AM,1,0,0,36.163100,-86.776390,COMMERCE ST,,,,108.00,Feet,West,2ND AVN,,,,0.00,N,Not at Intersection,N,Non-Junction,None,,,         ,John,Anderson,Clear,Not Collision with Motor Vehicle in Transport,yes,no,no,no,yes,False
101147270,METROPOLITAN NASHVILLE POLICE DEPT,2016-0258667,Davidson,Nashville,3/19/2016 4:00:00 AM,2,0,0,36.175950,-86.780640,JEFFERSON ST,,,,488.00,Feet,East,1ST AVN,,,,0.00,N,Not at Intersection, ,Non-Junction,None,,,         ,Jeremy,King,Clear,"Sideswipe, Opposite Direction",no,no,no,no,yes,False
101147276,METROPOLITAN NASHVILLE POLICE DEPT,20160258779,Davidson,Nashville,3/19/2016 5:39:00 AM,3,0,0,36.103620,-86.666480,OLD MURFREESBORO PKE,,,,0.00,Feet,,FAIRCLOTH LN,,,,0.00,Y,Four-Way,N,Intersection,None,,,         ,Robert,Fondren,Cloudy,Angle,no,no,no,no,no,False
101147290,METROPOLITAN NASHVILLE POLICE DEPT,20160260742,Davidson,Nashville,3/20/2016 12:50:00 AM,2,0,0,36.161300,-86.784520,CHURCH ST,,,,0.00,,,9TH AVN,,,,0.00,Y,Four-Way,N,Intersection-Related,None,,,         ,John,Anderson,Clear,Front to Rear,no,no,no,no,yes,False
101147291,METROPOLITAN NASHVILLE POLICE DEPT,20160258175,Davidson,Nashville,3/18/2016 12:00:00 AM,2,0,0,36.158600,-86.779950,7TH AVS,,,,0.00,,,,,,,0.00,,Not at Intersection,N,Non-Junction,None,,,         ,Ryan,McManman,Clear,"Sideswipe, Same Direction",no,no,no,yes,yes,False
101147292,METROPOLITAN NASHVILLE POLICE DEPT,20160260431,Davidson,Nashville,3/19/2016 11:03:00 PM,1,1,0,36.154320,-86.758030,I24 W ENT RAMP,,,,0.00,,,I 40,,,,0.00,Y,OTHER,Y,Entrance/Exit Ramp Related,None,,,         ,Robert,Fondren,Rain,Not Collision with Motor Vehicle in Transport,no,no,no,no,no,False
101147294,METROPOLITAN NASHVILLE POLICE DEPT,20160260568,Davidson,Nashville,3/20/2016 12:11:00 AM,1,1,0,36.165090,-86.611310,BELL RD,,,,835.00,Feet,North,DODSON CHAPEL RD,,,,0.00,N,Not at Intersection,N,Non-Junction,None,,,         ,Sean,Wuethrich,Rain,Not Collision with Motor Vehicle in Transport,no,no,no,no,no,False
101147295,METROPOLITAN NASHVILLE POLICE DEPT,20160260543,Davidson,Nashville,3/20/2016 12:00:00 AM,2,2,1,36.079490,-86.644600,MURFREESBORO PKE,,,,0.00,,,EDGE O LAKE DR,,,,0.00,Y,Four-Way,N,Intersection,None,,,16-0168  ,Douglas,Sykes,Rain,Angle,no,no,no,no,no,False
101147303,METROPOLITAN NASHVILLE POLICE DEPT,20160260824,Davidson,Nashville,3/20/2016 2:00:00 AM,2,0,0,36.150680,-86.780540,9TH AVS,,,,189.00,Feet,North,DIVISION ST,,,,0.00,N,Not at Intersection,N,Non-Junction,None,,,         ,John,Anderson,Clear,"Sideswipe, Same Direction",no,no,no,no,no,False
101147311,METROPOLITAN NASHVILLE POLICE DEPT,20160258578,Davidson,Nashville,3/19/2016 3:00:00 AM,1,0,0,36.166750,-86.777230,UNION ST,,,,89.00,Feet,South,1ST AVN,,,,0.00,N,Not at Intersection,N,Non-Junction,None,,,         ,Melvin,Foster,Clear,Not Collision with Motor Vehicle in Transport,no,no,no,no,no,False
101147321,METROPOLITAN NASHVILLE POLICE DEPT,2016-0260536,Davidson,Nashville,3/19/2016 11:55:00 PM,2,0,0,36.161970,-86.774190,1ST AVS,,,,108.00,Feet,South,1ST AVN,,,,0.00,N,Not at Intersection,N,Non-Junction,None,,,         ,Andrew,Mullen,Clear,Angle,no,no,no,no,no,False
101147326,METROPOLITAN NASHVILLE POLICE DEPT,20160260810,Davidson,Nashville,3/20/2016 2:43:00 AM,2,1,0,36.152300,-86.797450,WEST END AV,,,,0.00,,,19TH AVN,,,,0.00,Y,Four-Way,N,Intersection,None,,,         ,Craig,Oakley,Clear,HeadOn,no,no,no,no,no,False
101147327,METROPOLITAN NASHVILLE POLICE DEPT,20160260933,Davidson,Nashville,3/20/2016 3:00:00 AM,1,0,0,36.234210,-86.869130,EATONS CREEK RD,,,,2086.00,Feet,North,SULPHUR CREEK RD,,,,0.00,N,Not at Intersection,N,Non-Junction,None,,,         ,Armonty,Houston,Clear,Not Collision with Motor Vehicle in Transport,no,no,no,no,no,False
101147328,METROPOLITAN NASHVILLE POLICE DEPT,20160260539,Davidson,Nashville,3/20/2016 12:00:00 AM,2,1,0,36.078920,-86.674870,FRANKLIN LIMESTONE RD,,,,1379.00,Feet,West,BILLINGSGATE RD,,,,0.00,N,Not at Intersection,N,Non-Junction,Work Zone,Unknown,Unknown,         ,Caleb,Jernigan,Clear,HeadOn,no,no,no,no,yes,False
101147329,METROPOLITAN NASHVILLE POLICE DEPT,20160260686,Davidson,Nashville,3/20/2016 1:21:00 AM,2,0,0,36.044950,-86.659750,BELL RD,,,,0.00,,,I24 E EXT RAMP,,,,0.00,Y,OTHER,N,Intersection,None,,,         ,William,Coy,Rain,Angle,no,no,no,no,no,False
101147330,METROPOLITAN NASHVILLE POLICE DEPT,20160251024,Davidson,Nashville,3/16/2016 11:20:00 PM,2,0,0,36.074670,-86.921350,HIGHWAY 70S,,,,0.00,,,,,,,0.00,,,N,Non-Junction,None,,,         ,Ryan,McManman,Clear,Front to Rear,no,no,no,yes,yes,False
101147363,METROPOLITAN NASHVILLE POLICE DEPT,2016-0259367,Davidson,Goodlettsville,3/19/2016 1:08:00 PM,2,0,0,36.292980,-86.702450,GALLATIN PKEN,,,,66.00,Feet,South,RIVERGATE STATION PVTDR,,,,0.00,N,Not at Intersection,N,"Driveway, Alley Access, etc",None,,,         ,Brandon,Wood,Clear,Angle,no,no,no,no,no,False
101147375,METROPOLITAN NASHVILLE POLICE DEPT,20160259180,Davidson,Nashville,3/19/2016 10:00:00 AM,1,0,0,36.152880,-86.876710,WESTBORO DR,,,,255.00,Feet,West,ALAMO PL,,,,0.00,N,Not at Intersection,N,Non-Junction,None,,,         ,Michael,Pyle,Cloudy,Not Collision with Motor Vehicle in Transport,no,no,no,no,yes,False
101147398,METROPOLITAN NASHVILLE POLICE DEPT,20160261219,Davidson,Old Hickory,3/20/2016 7:35:00 AM,1,1,0,36.249673,-86.644139,OLD HICKORY,BLVD,SR45,,0.00,,North,OVERTON,ST,,,0.00,N,Not at Intersection,N,Non-Junction,None,,,         ,Candice,Soper,Cloudy,Not Collision with Motor Vehicle in Transport,no,no,no,no,no,False
101147400,METROPOLITAN NASHVILLE POLICE DEPT,20160259288,Davidson,Nashville,3/19/2016 12:00:00 PM,2,0,0,36.180310,-86.804820,11TH AVN,,,,0.00,,,BUCHANAN ST,,,,0.00,Y,T-Intersection, ,,None,,,         ,Garren,Hoskins,,,no,no,no,no,no,False
101147403,METROPOLITAN NASHVILLE POLICE DEPT,2016-0261327,Davidson,Nashville,3/20/2016 12:00:00 AM,2,0,0,36.154040,-86.796760,18TH AVN,,,,0.00,,,HAYES ST,,,,0.00,Y,OTHER, ,OtherLocation,None,,,         ,Jonathan,Seidl,Cloudy,Unknown,no,no,no,yes,yes,False
101147417,METROPOLITAN NASHVILLE POLICE DEPT,20160261178,Davidson,Nashville,3/20/2016 12:00:00 AM,1,0,0,36.066490,-86.625390,FOREST POINTE LN,,,,0.00,,,,,,,0.00,,,N,Non-Junction,None,,,         ,Robert,Erickson,Cloudy,Not Collision with Motor Vehicle in Transport,no,no,no,yes,yes,False
101147422,METROPOLITAN NASHVILLE POLICE DEPT,20160261340,Davidson,Nashville,3/20/2016 8:52:00 AM,2,1,0,36.110920,-86.745200,STATE HWY 155,,,,0.00,,,US HWY 31 ALT,,,,0.00,Y,Four-Way,N,Intersection-Related,None,,,         ,George,Ward,Cloudy,Front to Rear,no,no,no,no,no,False
101147425,METROPOLITAN NASHVILLE POLICE DEPT,20160261399,Davidson,Nashville,3/19/2016 12:00:00 AM,2,0,0,36.172110,-86.791810,9TH AVN,,,,95.00,Feet,South,PHILLIPS ST,,,,0.00,N,Not at Intersection, ,Non-Junction,None,,,         ,Nathan,Mayo,Unknown,Unknown,no,no,no,no,yes,False
101147429,METROPOLITAN NASHVILLE POLICE DEPT,20160261351,Davidson,Nashville,3/20/2016 9:00:00 AM,3,0,0,36.148810,-86.666280,ELM HILL PKE,,,,0.00,,,DONELSON PKE,,,,0.00,Y,Four-Way,N,Intersection,None,,,         ,Ralph,Harvey,Clear,Angle,no,no,no,no,no,False
101147430,METROPOLITAN NASHVILLE POLICE DEPT,20160261478,Davidson,Not in City Limit,3/20/2016 12:00:00 AM,2,0,0,36.258770,-86.763210,TUCKAHOE DR,,,,107.00,Feet,South,EWING CREEK DR,,,,0.00,N,Not at Intersection, ,"Driveway, Alley Access, etc",None,,,         ,Seth,Quiles,Cloudy,Angle,no,no,no,yes,yes,False
101147431,METROPOLITAN NASHVILLE POLICE DEPT,20160255598,Davidson,Nashville,3/18/2016 7:20:00 AM,2,0,0,36.053760,-86.696040,OLD TUSCULUM RD,,,,240.00,Feet,East,TUSCULUM CT,,,,0.00,N,Not at Intersection,N,Non-Junction,None,,,         ,Jason,Dudley,Clear,Angle,no,no,no,no,yes,False
101147433,METROPOLITAN NASHVILLE POLICE DEPT,20160255667,Davidson,Nashville,3/20/2016 7:49:00 AM,2,0,0,36.156480,-86.806420,US HWY 70,,,,0.00,,,21ST AVE N,,,,0.00,Y,OTHER, ,Intersection-Related,None,,,         ,James,Jarvis,Clear,Angle,no,no,no,no,no,False
101147436,METROPOLITAN NASHVILLE POLICE DEPT,20160261335,Davidson,Nashville,3/20/2016 8:50:00 AM,1,1,0,36.073960,-86.713520,TORBAY DR,,,,666.00,Feet,North,WALES DR,,,,0.00,N,Not at Intersection,N,Non-Junction,None,,,         ,David,Smith,Clear,Not Collision with Motor Vehicle in Transport,no,no,no,no,no,False
101147438,METROPOLITAN NASHVILLE POLICE DEPT,20160261288,Davidson,Nashville,3/20/2016 8:25:00 AM,2,1,0,36.037490,-86.785070,OLD HICKORY BLVD,,,,0.00,,,I65 S ENT RAMP,,,,0.00,Y,T-Intersection,Y,Entrance/Exit Ramp Related,None,,,         ,Brent,Bauer,Cloudy,Angle,no,no,no,no,no,False
101147443,Nashville Airport Police,2016-00667,Davidson,Nashville,3/19/2016 1:15:00 PM,2,0,0,0.000000,0.000000,TERMINAL,DR,,,0.50,Miles,West,DONELSON,PIKE,US255,,0.00,N,Not at Intersection, ,Non-Junction,Construction Zone,,,         ,Brian,Robbins,Cloudy,"Sideswipe, Same Direction",no,no,no,no,no,False
101147447,METROPOLITAN NASHVILLE POLICE DEPT,20160261553,Davidson,Not in City Limit,3/20/2016 11:00:00 AM,2,0,0,36.269110,-86.755040,OLD HICKORY BLVDW,,,,212.00,Feet,East,DICKERSON PKE,,,,0.00,N,Not at Intersection,N,Non-Junction,None,,,         ,Joshua,Borum,Cloudy,Front to Rear,no,no,no,no,yes,False
101147462,METROPOLITAN NASHVILLE POLICE DEPT,20160261471,Davidson,Nashville,3/20/2016 10:11:00 AM,2,0,0,36.069700,-86.695020,HAYWOOD LN,,,,254.00,Feet,East,KEELEY DR,,,,0.00,N,Not at Intersection,N,Non-Junction,None,,,         ,Paul,Ellis,Cloudy,"Sideswipe, Same Direction",no,no,no,no,no,False
101147469,METROPOLITAN NASHVILLE POLICE DEPT,20160259429,Davidson,Madison,3/19/2016 12:00:00 AM,2,1,0,36.257940,-86.713720,GALLATIN PKES,,,,188.00,Feet,South,HARRIS ST,,,,0.00,N,Not at Intersection,N,Non-Junction,None,,,         ,Coleman,McKellar,Clear,Rear to Rear,no,no,no,yes,no,False
101147504,METROPOLITAN NASHVILLE POLICE DEPT,20160259363,Davidson,Not in City Limit,3/19/2016 1:07:00 PM,2,0,0,36.260400,-86.712850,GALLATIN PKES,,,,13.00,Feet,North,HICKORY ST,,,,0.00,N,Not at Intersection, ,Non-Junction,None,,,         ,Kendra,Cowper,Cloudy,Angle,no,no,no,no,no,False
101147513,METROPOLITAN NASHVILLE POLICE DEPT,20160259339,Davidson,Nashville,3/19/2016 2:33:00 PM,2,0,0,36.181630,-86.759970,NEILL AV,,,,54.00,Feet,North,MANSFIELD CT,,,,0.00,N,Not at Intersection, ,,None,,,         ,Christopher,Lo,,,no,no,no,no,no,False
101147515,METROPOLITAN NASHVILLE POLICE DEPT,20160261719,Davidson,Nashville,3/19/2016 9:30:00 PM,2,0,0,36.171310,-86.794060,10TH AVN,,,,37.00,Feet,South,PHILLIPS ST,,,,0.00,N,Not at Intersection, ,Non-Junction,None,,,         ,Nathaniel,Clemons,Clear,"Sideswipe, Same Direction",no,no,no,no,yes,False
101147517,METROPOLITAN NASHVILLE POLICE DEPT,20160261725,Davidson,Nashville,3/20/2016 1:26:00 PM,2,1,0,36.174480,-86.792150,ROSA L PARKS BLVD,,,,282.00,Feet,North,MADISON ST,,,,0.00,N,Not at Intersection,N,Non-Junction,None,,,         ,James,Jarvis,Cloudy,"Sideswipe, Same Direction",no,no,no,no,no,False
101147525,METROPOLITAN NASHVILLE POLICE DEPT,20160261732,Davidson,Nashville,3/20/2016 1:31:00 PM,2,1,0,36.229690,-86.781380,I 24,,,,0.00,,,,,,,44.20,N,Not at Intersection,N,Non-Junction,None,,,         ,Michael,Parman,Cloudy,"Sideswipe, Same Direction",no,no,no,no,no,False
101147536,BERRY HILL POLICE DEPT,16-0991,Davidson,Berry Hill,3/19/2016 12:00:00 AM,1,0,0,36.119950,-86.773050,I65 N ENT RAMP,,,,0.00,,,I 440,,,,0.00,Y,OTHER,Y,OtherLocation,None,,,         ,Larry,Carter,Clear,Not Collision with Motor Vehicle in Transport,no,no,no,no,yes,False
101147550,METROPOLITAN NASHVILLE POLICE DEPT,2016-0260324,Davidson,Nashville,3/19/2016 9:51:00 PM,1,1,0,36.156420,-86.854430,DELRAY DR,,,,129.00,Feet,South,RICHLAND CREEK ENGLAND PARK GR,,,,0.00,N,Not at Intersection,N,Non-Junction,None,,,         ,Ryan,Allen,Clear,Not Collision with Motor Vehicle in Transport,no,no,no,no,no,False
101147551,METROPOLITAN NASHVILLE POLICE DEPT,2016-0259858,Davidson,Nashville,3/19/2016 5:06:00 PM,2,0,0,36.137860,-86.820640,WEST END AV,,,,0.00,,,I440 W EXT RAMP,,,,0.00,Y,OTHER, ,Entrance/Exit Ramp Related,None,,,         ,Ryan,Allen,Clear,Angle,no,no,no,no,no,False
101147579,METROPOLITAN NASHVILLE POLICE DEPT,20160261838,Davidson,Nashville,3/20/2016 2:50:00 PM,2,1,0,36.180570,-86.801610,BUCHANAN ST,,,,14.00,Feet,West,GARFIELD ST,,,,0.00,N,Not at Intersection,N,Non-Junction,None,,,         ,Jessica,Johnson,Cloudy,Angle,no,no,no,no,no,False
101147592,METROPOLITAN NASHVILLE POLICE DEPT,20160256948,Davidson,Nashville,3/18/2016 4:00:00 PM,2,0,0,36.189100,-86.818130,26TH AVN,,,,233.00,Feet,North,DOWLAN ST,,,,0.00,N,Not at Intersection,N,Non-Junction,None,,,         ,Jessica,Johnson,Clear,Angle,no,no,no,yes,yes,False
101147593,METROPOLITAN NASHVILLE POLICE DEPT,20160261915,Davidson,Nashville,3/20/2016 3:31:00 PM,2,0,0,36.173060,-86.744570,S 15TH ST,,,,176.00,Feet,North,LILLIAN ST,,,,0.00,N,Not at Intersection,N,Non-Junction,None,,,         ,James,Smith,Cloudy,"Sideswipe, Opposite Direction",no,no,no,no,yes,False
101147601,METROPOLITAN NASHVILLE POLICE DEPT,20160254148,Davidson,Nashville,3/17/2016 7:53:00 PM,2,0,0,36.143360,-86.837030,NEBRASKA AV,,,,0.00,,,42ND AVN,,,,0.00,Y,Four-Way, ,Intersection,None,,,         ,Torian,Cox,Clear,"Sideswipe, Opposite Direction",no,no,no,no,no,False
101147608,METROPOLITAN NASHVILLE POLICE DEPT,20160261997,Davidson,Nashville,3/20/2016 4:15:00 PM,2,0,0,36.140510,-86.882480,ANNEX AV,,,,640.00,Feet,East,PREMIER DR,,,,0.00,N,Not at Intersection, ,Non-Junction,None,,,         ,Jeremy,Huffine,Cloudy,Angle,no,no,no,no,no,False
101147629,METROPOLITAN NASHVILLE POLICE DEPT,20160262042,Davidson,Nashville,3/20/2016 4:38:00 PM,2,0,0,36.154630,-86.779160,8TH AVS,,,,0.00,,,LAFAYETTE ST,,,,0.00,Y,Roundabout,Y,Intersection,None,,,         ,Joshua,Hollins,Cloudy,Angle,no,no,no,no,no,False
101147631,METROPOLITAN NASHVILLE POLICE DEPT,2016-0262140,Davidson,Nashville,3/20/2016 5:53:00 PM,2,1,0,36.109670,-86.729660,THOMPSON LN,,,,420.00,Feet,East,MASHBURN RD,,,,0.00,N,Not at Intersection,N,Non-Junction,None,,,         ,John,Joyce,Clear,Front to Rear,no,no,no,no,yes,False
101147640,METROPOLITAN NASHVILLE POLICE DEPT,20160261910,Davidson,Nashville,3/20/2016 3:10:00 PM,2,0,0,36.062120,-86.627280,MURFREESBORO PKE,,,,0.00,,,,,,,0.00,,, ,Non-Junction,None,,,         ,Jarred,Ruhlman,Cloudy,Rear to Rear,no,no,no,yes,yes,False
101147644,METROPOLITAN NASHVILLE POLICE DEPT,20160262151,Davidson,Nashville,3/20/2016 6:28:00 PM,2,0,0,36.048070,-86.656720,HICKORY HOLLOW PKWY,,,,234.00,Feet,East,CONNECTING ROAD,,,,0.00,N,Not at Intersection, ,,None,,,         ,Richard,Olive,,,no,no,no,no,no,False
101147654,METROPOLITAN NASHVILLE POLICE DEPT,20160262005,Davidson,Nashville,3/20/2016 1:00:00 AM,3,0,0,36.066860,-86.651330,BRIDGECREST DR,,,,493.00,Feet,South,CASTLETON CT,,,,0.00,N,Not at Intersection,N,Non-Junction,None,,,         ,Nakia,Reid,Clear,"Sideswipe, Same Direction",no,no,no,no,yes,False
101147659,METROPOLITAN NASHVILLE POLICE DEPT,20160262210,Davidson,Nashville,3/20/2016 6:35:00 PM,3,1,0,36.118300,-86.700360,BRILEY PKWY S ENT RAMP,,,,0.00,Feet,,BRILEY PKWYS,,,,0.00,Y,Four-Way,N,Intersection,None,,,         ,Tyler,McDaniel,Cloudy,Front to Rear,no,no,no,no,no,False
101147668,METROPOLITAN NASHVILLE POLICE DEPT,20160262088,Davidson,Nashville,3/20/2016 5:13:00 PM,2,0,0,36.238410,-86.743720,BRILEY PKWY E ENT RAMP,,,,0.00,Feet,East,BRILEY PKWY E EXT RAMP,,,,0.00,N,Not at Intersection,Y,Entrance/Exit Ramp Related,None,,,         ,Randy,Heinze,Cloudy,"Sideswipe, Same Direction",no,no,no,no,yes,False
101147673,METROPOLITAN NASHVILLE POLICE DEPT,2016-0262205,Davidson,Nashville,3/20/2016 6:33:00 PM,2,0,0,36.124490,-86.786340,GILMORE AV,,,,0.00,,,10TH AVS,,,,0.00,Y,Four-Way,Y,Intersection,None,,,         ,Austin,Kendrick,Clear,Angle,no,no,no,no,no,False
101147675,METROPOLITAN NASHVILLE POLICE DEPT,20160262290,Davidson,Nashville,3/20/2016 7:23:00 PM,2,0,0,36.196830,-86.689310,BRILEY PKWY S ENT RAMP,,,,0.00,,,GAYLORD DR,,,,0.00,Y,OTHER,N,Entrance/Exit Ramp Related,None,,,         ,Bryan,Byrnes,Clear,Front to Rear,no,no,no,no,no,False
101147703,METROPOLITAN NASHVILLE POLICE DEPT,20160262317,Davidson,Nashville,3/20/2016 5:30:00 PM,2,0,0,36.049980,-86.649500,MT VIEW RD,,,,0.00,,,BELL RD,,,,0.00,Y,Four-Way, ,Intersection,None,,,         ,Jarred,Ruhlman,Cloudy,Angle,no,no,no,no,no,False
101147713,METROPOLITAN NASHVILLE POLICE DEPT,20160262351,Davidson,Nashville,3/20/2016 12:00:00 AM,2,0,0,36.073260,-86.635700,BELL RD,,,,523.00,Feet,North,MURFREESBORO PKE,,,,0.00,N,Not at Intersection,N,Non-Junction,None,,,         ,Larry,Preuett,Clear,Front to Rear,no,no,no,no,no,False
101147714,METROPOLITAN NASHVILLE POLICE DEPT,20160262158,Davidson,Goodlettsville,3/20/2016 5:20:00 PM,2,0,0,36.293140,-86.702350,RIVERGATE STATION PVTDR,,,,0.00,,,GALLATIN PKEN,,,,0.00,Y,Four-Way,N,Intersection,None,,,         ,Jessica,Ware,Clear,Front to Rear,no,no,no,no,no,False
101147729,METROPOLITAN NASHVILLE POLICE DEPT,20160262323,Davidson,Nashville,3/20/2016 6:42:00 PM,2,0,0,36.193710,-86.776600,I 65,,,,0.00,,,,,,,86.55,N,Not at Intersection, ,Entrance/Exit Ramp Related,None,,,         ,Zachary,Ronan,Clear,"Sideswipe, Same Direction",no,no,no,no,no,False
101147730,METROPOLITAN NASHVILLE POLICE DEPT,20160262189,Davidson,Nashville,3/20/2016 4:47:00 PM,2,0,0,36.066130,-86.686240,I 24,,,,0.00,,,,,,,57.30,N,Not at Intersection,N,Non-Junction,None,,,         ,Richard,Olive,Clear,Front to Rear,no,no,no,no,yes,False
101147740,METROPOLITAN NASHVILLE POLICE DEPT,20160260296,Davidson,Nashville,3/19/2016 9:36:00 PM,2,2,0,36.231600,-86.781520,EWING DR,,,,0.00,Feet,,BRICK CHURCH PKE,,,,0.00,Y,Four-Way,N,Intersection,None,,,         ,Christopher,Kelly,Clear,HeadOn,no,no,no,no,no,False
101147743,METROPOLITAN NASHVILLE POLICE DEPT,20160262478,Davidson,Nashville,3/20/2016 6:00:00 PM,2,0,0,36.166660,-86.779960,CHARLOTTE AV,,,,173.00,Feet,West,3RD AVN,,,,0.00,N,Not at Intersection,N,Non-Junction,None,,,         ,Wesley,Feinstein,Cloudy,Unknown,no,no,no,no,yes,False
101147752,METROPOLITAN NASHVILLE POLICE DEPT,20160257159,Davidson,Nashville,3/18/2016 4:12:00 PM,2,0,0,36.031720,-86.712660,US HWY 31 ALT,,,,253.00,Feet,North,KINHAWK DR,,,,0.00,N,Not at Intersection,N,Non-Junction,None,,,         ,Tamara,Zurawski,Clear,Front to Rear,no,no,no,no,no,False
101147753,METROPOLITAN NASHVILLE POLICE DEPT,20160238366,Davidson,Antioch,3/12/2016 9:41:00 PM,1,0,0,36.009930,-86.612310,HEIL QUAKER BLVD,,,,0.00,Feet,East,BRIDGESTONE PKWY,,,,0.00,N,Not at Intersection,N,Non-Junction,None,,,         ,Tamara,Zurawski,Rain,Not Collision with Motor Vehicle in Transport,no,no,no,no,yes,False
101147754,METROPOLITAN NASHVILLE POLICE DEPT,20160259986,Davidson,Not in City Limit,3/19/2016 6:06:00 PM,2,0,0,36.012560,-86.703720,NOLENSVILLE PKE,,,,74.00,Feet,North,HOLT RD,,,,0.00,N,Not at Intersection, ,Non-Junction,None,,,         ,Tamara,Zurawski,Clear,Front to Rear,no,no,no,no,no,False
101147755,METROPOLITAN NASHVILLE POLICE DEPT,20160262097,Davidson,Nashville,3/20/2016 5:18:00 PM,1,1,0,36.030430,-86.682610,OLD HICKORY BLVD,,,,711.00,Feet,West,STREAMDALE PTW,,,,0.00,N,Not at Intersection,N,Non-Junction,None,,,         ,Tamara,Zurawski,Cloudy,Not Collision with Motor Vehicle in Transport,no,no,no,no,no,False