master_record_number,agency,agency_tracking_number,county,city,collision_date,vehicles_involved,number_injured,number_dead,latitude,longitude,roadway_name,roadway_suffix,roadway_number,roadway_local_id,distance_from_reference,miles-feet_indicator,direction_from_reference,intersection_road_name,intersection_road_name_suffix,intersection_road_number,intersection_local_id,mile_marker,intersection_indicator,intersect_type,interchange_related_indicator,relation_to_junction,work_zone_type,construction_maintenance_zone,construction_maintenance_zone_location,fatal_case_number,officer_first_name,officer_last_name,weather_condition(s),manner_of_crash,pedestrian,bicycle,scooter,parking,hitrun,mou
101147769,METROPOLITAN NASHVILLE POLICE DEPT,20160262518,Davidson,Nashville,3/20/2016 10:00:00 PM,1,1,0,36.143800,-86.734410,ELM HILL PKE,,,,1035.00,Feet,East,TWIN ELMS CT,,,,0.00,N,Not at Intersection,N,Non-Junction,None,,,         ,Brent,Hedgcoth,Clear,Not Collision with Motor Vehicle in Transport,no,no,no,no,no,False
101147772,METROPOLITAN NASHVILLE POLICE DEPT,20160249593,Davidson,Madison,3/16/2016 3:03:00 PM,2,1,0,36.263810,-86.687120,STATE RT 45,,,,0.00,,,ARCHWOOD DR,,,,0.00,Y,OTHER,N,Intersection,None,,,         ,Carlos,Urrutia,Clear,Angle,no,no,no,no,no,False
101147773,METROPOLITAN NASHVILLE POLICE DEPT,20160256993,Davidson,Not in City Limit,3/18/2016 4:25:00 PM,2,2,0,36.260370,-86.712860,HICKORY ST,,,,0.00,,,GALLATIN PKES,,,,0.00,Y,Four-Way,N,Intersection,None,,,         ,Carlos,Urrutia,Clear,Angle,no,no,no,no,no,False
101147779,METROPOLITAN NASHVILLE POLICE DEPT,2016-0260331,Davidson,Nashville,3/19/2016 9:39:00 PM,2,0,0,36.134920,-86.723870,MURFREESBORO PKE,,,,173.00,Feet,East,I24 W EXT RAMP,,,,0.00,N,Not at Intersection,N,Non-Junction,None,,,         ,John,Joyce,Clear,"Sideswipe, Same Direction",no,no,no,no,no,False
101147781,METROPOLITAN NASHVILLE POLICE DEPT,20160262162,Davidson,Nashville,3/20/2016 6:07:00 PM,2,2,0,36.128170,-86.713020,MURFREESBORO PKE,,,,0.00,,,PHILFRE CT,,,,0.00,Y,Four-Way,Y,Intersection,None,,,         ,Reuben,Hewit,Clear,Front to Rear,no,no,no,no,no,False
101147788,METROPOLITAN NASHVILLE POLICE DEPT,20160262455,Davidson,Nashville,3/20/2016 9:20:00 PM,2,0,0,0.000000,0.000000,ANDREW JACKSON,PKWY,,,0.00,,,HIGHLAND VIEW,DR,,,0.00,Y,Four-Way,N,Intersection,None,,,         ,Justin,Chisholm,Clear,Angle,no,no,no,no,yes,False
101147795,METROPOLITAN NASHVILLE POLICE DEPT,20160262555,Davidson,Nashville,3/20/2016 10:42:00 PM,1,0,0,36.139940,-86.724840,I 40,,,,0.00,,,,,,,213.40,N,Not at Intersection,N,Non-Junction,None,,,         ,Leonard,Spadavecchia,Clear,Not Collision with Motor Vehicle in Transport,no,no,no,no,no,False
101147796,METROPOLITAN NASHVILLE POLICE DEPT,20160262642,Davidson,Nashville,3/20/2016 10:42:00 PM,1,0,0,36.139940,-86.724840,I 40,,,,0.00,,,,,,,213.40,N,Not at Intersection,N,Non-Junction,None,,,         ,Leonard,Spadavecchia,Clear,Not Collision with Motor Vehicle in Transport,no,no,no,no,no,False
101147807,METROPOLITAN NASHVILLE POLICE DEPT,2016-0251183,Davidson,Nashville,3/16/2016 10:45:00 PM,2,0,0,0.000000,0.000000,MURFREESBORO,PIKE,,,0.00,,,FRANKLIN LIMESTONE,RD,,,0.00,Y,Four-Way,N,Intersection,None,,,         ,Leonard,Cato,Clear,Front to Rear,no,no,no,no,yes,False
101147808,METROPOLITAN NASHVILLE POLICE DEPT,20160262684,Davidson,Nashville,3/20/2016 11:51:00 PM,2,0,0,36.153960,-86.818220,28TH AVN,,,,0.00,Feet,,CHARLOTTE AV,,,,0.00,Y,Four-Way,N,Intersection,None,,,         ,Phillip,Black,Clear,Other,no,no,no,no,no,False
101147828,METROPOLITAN NASHVILLE POLICE DEPT,20160262653,Davidson,Nashville,3/20/2016 11:15:00 PM,2,0,0,36.069450,-86.693930,APACHE TRL,,,,50.00,Feet,South,EZELL RD,,,,0.00,N,Not at Intersection,N,Non-Junction,None,,,         ,Caleb,Jernigan,Clear,"Sideswipe, Same Direction",no,no,no,no,yes,False
101147829,METROPOLITAN NASHVILLE POLICE DEPT,20160262760,Davidson,Nashville,3/21/2016 12:35:00 AM,2,0,0,36.180590,-86.796350,GARFIELD ST,,,,0.00,Feet,,ROSA L PARKS BLVD,,,,0.00,Y,Four-Way,Y,Intersection,None,,,         ,Joshua,Green,Clear,Angle,no,no,no,no,no,False
101147838,METROPOLITAN NASHVILLE POLICE DEPT,20160262831,Davidson,Nashville,3/21/2016 12:00:00 AM,2,0,0,36.163010,-86.617290,I 40,,,,0.00,,,,,,,219.85,N,Not at Intersection,N,Non-Junction,None,,,         ,Anthony,Venable,Clear,"Sideswipe, Same Direction",no,no,no,no,yes,False
101147868,METROPOLITAN NASHVILLE POLICE DEPT,20160262445,Davidson,Nashville,3/20/2016 9:12:00 PM,1,1,0,36.229070,-86.592870,SAUNDERSVILLE RD,,,,455.00,Feet,West,WOODSIDE DR,,,,0.00,N,Not at Intersection,N,Non-Junction,None,,,         ,Kevin,Ott,Clear,Not Collision with Motor Vehicle in Transport,yes,no,no,no,yes,False
101147873,METROPOLITAN NASHVILLE POLICE DEPT,20160262615,Davidson,Nashville,3/20/2016 11:17:00 PM,1,1,0,36.158150,-86.822370,I 40,,,,0.00,,,,,,,206.00,N,Not at Intersection,N,Non-Junction,None,,,         ,Raymond,Heymann,Clear,Not Collision with Motor Vehicle in Transport,no,no,no,no,no,False
101147889,METROPOLITAN NASHVILLE POLICE DEPT,20160263308,Davidson,Nashville,3/21/2016 6:08:00 AM,1,0,0,36.135190,-86.727090,I 24,,,,0.00,,,,,,,52.20,N,Not at Intersection,N,Non-Junction,None,,,         ,Dale,Dameron,Clear,Not Collision with Motor Vehicle in Transport,no,no,no,no,yes,False
101147896,METROPOLITAN NASHVILLE POLICE DEPT,20160263343,Davidson,Nashville,3/21/2016 6:26:00 AM,4,0,0,36.148060,-86.744910,I 40,,,,0.00,,,,,,,211.95,N,Not at Intersection,N,Non-Junction,None,,,         ,Sean,Wuethrich,Clear,Front to Rear,no,no,no,no,yes,False
101147897,METROPOLITAN NASHVILLE POLICE DEPT,20160263371,Davidson,Nashville,3/21/2016 6:30:00 AM,2,0,0,36.053690,-86.672890,I 24,,,,0.00,,,,,,,58.45,N,Not at Intersection, ,Non-Junction,None,,,         ,David,Smith,Clear,Front to Rear,no,no,no,no,no,False
101147899,METROPOLITAN NASHVILLE POLICE DEPT,20160263391,Davidson,Nashville,3/21/2016 7:02:00 AM,2,0,0,36.142830,-86.683140,I 40,,,,0.00,,,,,,,215.70,N,Not at Intersection, ,Non-Junction,None,,,         ,Richard,Hyatt,Clear,"Sideswipe, Same Direction",no,no,no,no,no,False
101147912,METROPOLITAN NASHVILLE POLICE DEPT,2016-0256512,Davidson,Nashville,3/18/2016 1:05:00 PM,2,0,0,36.172840,-86.765340,JAMES ROBERTSON PKWY,,,,0.00,,,SPRING ST,,,,0.00,Y,Four-Way, ,,None,,,         ,Coleman,Womack,,,no,no,no,no,no,False
101147915,METROPOLITAN NASHVILLE POLICE DEPT,2016-0256635,Davidson,Nashville,3/18/2016 2:05:00 PM,1,0,0,36.213950,-86.764400,DICKERSON PKE,,,,0.00,,,ROCK ST,,,,0.00,Y,T-Intersection,N,Intersection,None,,,         ,Coleman,Womack,Clear,Not Collision with Motor Vehicle in Transport,no,no,no,no,no,False
101147930,METROPOLITAN NASHVILLE POLICE DEPT,20160263426,Davidson,Nashville,3/21/2016 7:21:00 AM,3,1,0,36.169890,-86.674420,LEBANON PKE,,,,0.00,Feet,,GRAYLYNN DR,,,,0.00,Y,T-Intersection,N,Intersection,None,,,         ,James,Curtis,Clear,Front to Rear,no,no,no,no,no,False
101147932,METROPOLITAN NASHVILLE POLICE DEPT,20160263530,Davidson,Nashville,3/21/2016 8:00:00 AM,2,0,0,36.066670,-86.686540,I 24,,,,0.00,,,,,,,57.25,N,Not at Intersection, ,Non-Junction,None,,,         ,Steven,Williams,Clear,"Sideswipe, Same Direction",no,no,no,no,no,False
101147936,METROPOLITAN NASHVILLE POLICE DEPT,20160263456,Davidson,Nashville,3/21/2016 7:36:00 AM,2,0,0,36.048930,-86.664930,I 24,,,,0.00,,,,,,,59.00,N,Not at Intersection,N,Non-Junction,None,,,         ,Randall,Combs,Clear,Front to Rear,no,no,no,no,no,False
101147954,METROPOLITAN NASHVILLE POLICE DEPT,20160261714,Davidson,Nashville,3/20/2016 2:03:00 PM,2,0,0,36.109650,-86.811620,HILLSBORO PKE,,,,203.00,Feet,North,CRESTMOOR RD,,,,0.00,N,Not at Intersection, ,Non-Junction,None,,,         ,Michael,Phelps,Cloudy,Front to Rear,no,no,no,no,no,False
101147955,METROPOLITAN NASHVILLE POLICE DEPT,20160243329,Davidson,Nashville,3/14/2016 7:00:00 PM,2,0,0,36.078690,-86.729000,HARDING PL,,,,489.00,Feet,East,COVENTRY DR,,,,0.00,N,Not at Intersection,N,Non-Junction,None,,,         ,Miguel,Garcia,Clear,Angle,no,no,no,no,yes,False
101147957,METROPOLITAN NASHVILLE POLICE DEPT,20160263574,Davidson,Nashville,3/21/2016 8:30:00 AM,2,0,0,36.044770,-86.661530,CANE RIDGE RD,,,,0.00,,,BELL RD,,,,0.00,Y,Four-Way, ,Intersection,None,,,         ,Kenneth,Alexandrow,Clear,"Sideswipe, Same Direction",no,no,no,no,no,False
101147958,METROPOLITAN NASHVILLE POLICE DEPT,20160263672,Davidson,Nashville,3/21/2016 8:50:00 AM,2,0,0,36.124450,-86.739270,I 440,,,,0.00,,,,,,,6.90,N,Not at Intersection, ,,None,,,         ,David,Smith,,,no,no,no,no,no,False
101147959,METROPOLITAN NASHVILLE POLICE DEPT,2016-0263541,Davidson,Goodlettsville,3/21/2016 8:00:00 AM,2,0,0,36.301890,-86.693090,US HWY 31E,,,,154.00,Feet,West,TWIN HILLS DR,,,,0.00,N,Not at Intersection, ,,None,,,         ,La Tonya,Thames,,,no,no,no,no,no,False
101147960,METROPOLITAN NASHVILLE POLICE DEPT,20160263577,Davidson,Nashville,3/21/2016 8:19:00 AM,2,0,0,36.105470,-86.747630,RADNOR ST,,,,5.00,Feet,East,LOUISE DR,,,,0.00,N,Not at Intersection,N,Non-Junction,None,,,         ,Jason,Picanzo,Clear,"Sideswipe, Opposite Direction",no,no,no,no,yes,False
101147966,METROPOLITAN NASHVILLE POLICE DEPT,20160263659,Davidson,Nashville,3/21/2016 8:47:00 AM,2,0,0,36.122820,-86.751080,I 440,,,,0.00,,,,,,,6.30,N,Not at Intersection,N,Non-Junction,None,,,         ,Kevin,Caperton,Clear,Front to Rear,no,no,no,no,yes,False
101147974,METROPOLITAN NASHVILLE POLICE DEPT,20160263427,Davidson,Nashville,3/21/2016 7:20:00 AM,2,0,0,36.129700,-86.816580,I 440,,,,0.00,,,,,,,2.00,N,Not at Intersection,N,Non-Junction,None,,,         ,Nathan,Kemp,Clear,Front to Rear,no,no,no,no,no,False
101147975,METROPOLITAN NASHVILLE POLICE DEPT,20160263584,Davidson,Nashville,3/21/2016 8:24:00 AM,2,1,0,36.121870,-86.759430,I 440,,,,0.00,,,,,,,5.80,N,Not at Intersection,N,Non-Junction,None,,,         ,Nathan,Kemp,Clear,Front to Rear,no,no,no,no,no,False
101147976,METROPOLITAN NASHVILLE POLICE DEPT,20160263862,Davidson,Nashville,3/21/2016 9:52:00 AM,2,0,0,36.128740,-86.802890,21ST AVS,,,,133.00,Feet,North,SUNSET PL,,,,0.00,N,Not at Intersection,N,"Driveway, Alley Access, etc",None,,,         ,Nathan,Kemp,Clear,Angle,no,no,no,no,no,False
101147980,METROPOLITAN NASHVILLE POLICE DEPT,2016-0263367,Davidson,Nashville,3/21/2016 6:48:00 AM,2,1,0,36.057000,-86.676490,I 24,,,,0.00,,,,,,,58.10,N,Not at Intersection,N,Non-Junction,None,,,         ,William,Whitworth,Clear,Front to Rear,no,no,no,no,no,False
101147985,METROPOLITAN NASHVILLE POLICE DEPT,20160263567,Davidson,Nashville,3/21/2016 12:00:00 AM,2,0,0,36.051510,-86.714430,OCALA DR,,,,0.00,,,US HWY 31 ALT,,,,0.00,Y,OTHER,N,Non-Junction,None,,,         ,Cory,McClellan,Clear,"Sideswipe, Same Direction",no,no,no,yes,yes,False
101147996,METROPOLITAN NASHVILLE POLICE DEPT,20160263364,Davidson,Nashville,3/21/2016 6:47:00 AM,2,0,0,36.157980,-86.790250,I40 W EXT RAMP,,,,0.00,Feet,East,GEORGE L DAVIS BLVD,,,,0.00,N,Not at Intersection, ,Non-Junction,None,,,         ,Nathan,Kemp,Clear,"Sideswipe, Same Direction",no,no,no,no,no,False
101148000,METROPOLITAN NASHVILLE POLICE DEPT,20160263450,Davidson,Nashville,3/21/2016 7:36:00 AM,2,0,0,36.196010,-86.776120,I 65,,,,0.00,,,,,,,86.60,N,Not at Intersection, ,Non-Junction,None,,,         ,Chase,Burnett,Clear,"Sideswipe, Same Direction",no,no,no,no,no,False
101148002,METROPOLITAN NASHVILLE POLICE DEPT,20160263891,Davidson,Nashville,3/21/2016 10:05:00 AM,1,0,0,36.152080,-86.634920,I 40,,,,0.00,,,,,,,218.55,N,Not at Intersection,N,Non-Junction,None,,,         ,Ryan,Worstall,Clear,Not Collision with Motor Vehicle in Transport,no,no,no,no,no,False
101148003,METROPOLITAN NASHVILLE POLICE DEPT,20160263849,Davidson,Nashville,3/21/2016 9:53:00 AM,1,0,0,36.139780,-86.722580,CORNELIA CT,,,,48.00,Feet,East,SPENCE LN,,,,0.00,N,Not at Intersection, ,Non-Junction,None,,,         ,DuJuan,Kendrick,Clear,Not Collision with Motor Vehicle in Transport,no,no,no,no,no,False
101148016,METROPOLITAN NASHVILLE POLICE DEPT,20160263908,Davidson,Nashville,3/21/2016 10:08:00 AM,2,1,0,36.044790,-86.724870,OLD HICKORY BLVD,,,,0.00,,,AMALIE DR,,,,0.00,Y,Four-Way,N,Intersection-Related,None,,,         ,Brent,Bauer,Clear,"Sideswipe, Same Direction",no,no,no,no,no,False
101148021,METROPOLITAN NASHVILLE POLICE DEPT,20160264096,Davidson,Nashville,3/21/2016 11:44:00 AM,3,0,0,36.173380,-86.770050,I 24,,,,0.00,,,,,,,48.20,N,Not at Intersection, ,Non-Junction,None,,,         ,Michael,Johnson,Clear,Front to Rear,no,no,no,no,yes,False
101148036,METROPOLITAN NASHVILLE POLICE DEPT,2016-0264136,Davidson,Nashville,3/21/2016 11:17:00 AM,3,0,0,36.079610,-86.836200,HILLSBORO PKE,,,,50.00,Feet,South,HEMINGWAY DR,,,,0.00,N,Not at Intersection, ,Non-Junction,None,,,         ,Walter,Gray II,Clear,Front to Rear,no,no,no,no,no,False
101148038,METROPOLITAN NASHVILLE POLICE DEPT,20160263925,Davidson,Nashville,3/21/2016 10:10:00 AM,1,0,0,36.180900,-86.774400,I 24,,,,0.00,,,,,,,47.60,N,Not at Intersection, ,Non-Junction,None,,,         ,Alex,Moore,Clear,Not Collision with Motor Vehicle in Transport,no,no,no,no,no,False
101148048,METROPOLITAN NASHVILLE POLICE DEPT,20160237609,Davidson,Goodlettsville,3/12/2016 3:54:00 PM,2,0,0,36.302140,-86.692720,TWIN HILLS DR,,,,0.00,,,GALLATIN PKEN,,,,0.00,Y,T-Intersection,N,Intersection,None,,,         ,Bradley,Campbell,Clear,Other,no,no,no,no,no,False
101148049,METROPOLITAN NASHVILLE POLICE DEPT,20160238165,Davidson,Not in City Limit,3/12/2016 7:44:00 PM,3,1,0,36.265440,-86.739730,OLD HICKORY BLVDW,,,,0.00,,,I65 S ENT RAMP,,,,0.00,Y,T-Intersection,N,Intersection,None,,,         ,Bradley,Campbell,Rain,HeadOn,no,no,no,no,no,False
101148052,METROPOLITAN NASHVILLE POLICE DEPT,20160264270,Davidson,Nashville,3/21/2016 11:40:00 AM,2,0,0,36.180590,-86.796350,GARFIELD ST,,,,0.00,Feet,,ROSA L PARKS BLVD,,,,0.00,Y,Four-Way,Y,Intersection,None,,,         ,Nathaniel,Clemons,Clear,Angle,no,no,no,no,no,False
101148053,METROPOLITAN NASHVILLE POLICE DEPT,20160263814,Davidson,Nashville,3/21/2016 9:41:00 AM,2,1,0,36.097740,-86.658070,MURFREESBORO PKE,,,,498.00,Feet,East,HARDING PL,,,,0.00,N,Not at Intersection,N,Non-Junction,None,,,         ,James,Curtis,Clear,Angle,no,no,no,no,no,False
101148057,METROPOLITAN NASHVILLE POLICE DEPT,20160264462,Davidson,Nashville,3/21/2016 12:48:00 PM,2,0,0,36.104830,-86.812870,RICHARD JONES RD,,,,476.00,Feet,South,HILLSBORO PKE,,,,0.00,N,Not at Intersection, ,Non-Junction,None,,,         ,Nathan,Kemp,Clear,Front to Rear,no,no,no,yes,no,False
101148115,METROPOLITAN NASHVILLE POLICE DEPT,2016-0263511,Davidson,Nashville,3/21/2016 7:50:00 AM,2,1,0,0.000000,0.000000,HERMITAGE AVENUE,,,,50.00,Feet,East,MIDDLETON STREET,,,,0.00,N,Not at Intersection,N,Non-Junction,None,,,         ,William,Vincion,Clear,Front to Rear,no,no,no,no,no,False
101148116,METROPOLITAN NASHVILLE POLICE DEPT,20160264621,Davidson,Nashville,3/21/2016 2:01:00 PM,2,0,0,36.173270,-86.791400,ROSA L PARKS BLVD,,,,0.00,,,JEFFERSON ST,,,,0.00,Y,Four-Way, ,Intersection-Related,None,,,         ,Michael,Johnson,Clear,"Sideswipe, Same Direction",no,no,no,no,no,False
101148118,METROPOLITAN NASHVILLE POLICE DEPT,20160264499,Davidson,Nashville,3/21/2016 11:30:00 AM,2,0,0,36.189850,-86.614730,OLD HICKORY BLVD,,,,405.00,Feet,South,OLD LEBANON DIRT RD,,,,0.00,N,Not at Intersection, ,Non-Junction,None,,,         ,Evan,Hibschman,Clear,Front to Rear,no,no,no,no,no,False
101148119,METROPOLITAN NASHVILLE POLICE DEPT,2016-264287,Davidson,Nashville,3/21/2016 12:00:00 PM,2,1,0,36.235090,-86.712640,STATE HWY 155,,,,0.00,,,STATE HWY 155,,,,0.00,Y,OTHER,N,Non-Junction,None,,,         ,Scott,Henderson,Clear,Front to Rear,no,no,no,no,no,False
101148128,METROPOLITAN NASHVILLE POLICE DEPT,2016264426,Davidson,Nashville,3/21/2016 12:42:00 PM,2,0,0,36.138990,-86.732840,MURFREESBORO PKE,,,,55.00,Feet,East,ARLINGTON AV,,,,0.00,N,Not at Intersection, ,Non-Junction,None,,,         ,Jonathan,Cavezza,Clear,Front to Rear,no,no,no,no,no,False
101148135,METROPOLITAN NASHVILLE POLICE DEPT,2016-0264624,Davidson,Nashville,3/21/2016 1:37:00 PM,2,0,0,36.079850,-86.909850,ERIN LN,,,,0.00,Feet,East,HIGHWAY 70S,,,,0.00,N,Not at Intersection,N,Non-Junction,None,,,         ,Walter,Gray II,Clear,Not Collision with Motor Vehicle in Transport,no,no,no,yes,yes,False
101148143,METROPOLITAN NASHVILLE POLICE DEPT,20160261825,Davidson,Nashville,3/20/2016 2:40:00 PM,2,0,0,36.199990,-86.825290,BUENA VISTA PKE,,,,368.00,Feet,East,MATTIE ST,,,,0.00,N,Not at Intersection,N,Non-Junction,None,,,         ,Keiara,Ward,Clear,"Sideswipe, Same Direction",no,no,no,no,no,False
101148144,METROPOLITAN NASHVILLE POLICE DEPT,20160262378,Davidson,Nashville,3/20/2016 8:00:00 PM,3,1,0,36.205660,-86.812690,W TRINITY LN,,,,515.00,Feet,West,OLD BUENA VISTA RD,,,,0.00,N,Not at Intersection,N,Non-Junction,None,,,         ,Keiara,Ward,Clear,Not Collision with Motor Vehicle in Transport,no,no,no,no,yes,False
101148158,METROPOLITAN NASHVILLE POLICE DEPT,20160264420,Davidson,Nashville,3/21/2016 12:40:00 PM,2,0,0,36.234800,-86.715060,BRUSH HILL RD,,,,0.00,,,BRILEY PKWYE,,,,0.00,Y,OTHER,N,Non-Junction,None,,,         ,Martin,Gonzalez,Clear,Front to Rear,no,no,no,no,no,False
101148162,METROPOLITAN NASHVILLE POLICE DEPT,20160260312,Davidson,Nashville,3/19/2016 9:40:00 PM,2,1,0,36.161190,-86.819130,28TH AVN,,,,11.00,Feet,South,BATAVIA ST,,,,0.00,N,Not at Intersection,N,Non-Junction,None,,,         ,Jessica,Johnson,Clear,Front to Rear,no,no,no,no,no,False
101148182,METROPOLITAN NASHVILLE POLICE DEPT,20160264815,Davidson,Nashville,3/21/2016 2:07:00 PM,2,0,0,36.149060,-86.775870,I 40,,,,0.00,,,,,,,210.10,N,Not at Intersection,N,Non-Junction,None,,,         ,Charles,Griffin,Clear,Angle,no,no,no,no,no,False
101148193,Nashville Airport Police,2016-00673,Davidson,Nashville,3/20/2016 12:00:00 AM,2,4,0,36.133100,-86.663960,BNA DR,,,,0.00,Miles,,DONELSON PKE,,,,0.00,Y,OTHER,N,Non-Junction,None,,,         ,Isaac,Hulan,Cloudy,Angle,no,no,no,no,no,False
101148198,METROPOLITAN NASHVILLE POLICE DEPT,20160265021,Davidson,Nashville,3/21/2016 3:56:00 PM,2,1,0,36.138550,-86.809880,BLAKEMORE AV,,,,296.00,Feet,East,NATCHEZ TRC,,,,0.00,N,Not at Intersection,N,Non-Junction,None,,,         ,Nicholas,Smith,Clear,Front to Rear,no,no,no,no,no,Campus
101148203,METROPOLITAN NASHVILLE POLICE DEPT,2016-0262306,Davidson,Nashville,3/19/2016 8:30:00 PM,1,0,0,36.148790,-86.865180,CHARLOTTE PKE,,,,0.00,,,LELLYETT ST,,,,0.00,Y,T-Intersection,N,Intersection,None,,,         ,Christopher,Clark,Clear,Not Collision with Motor Vehicle in Transport,no,no,no,no,yes,False
101148205,METROPOLITAN NASHVILLE POLICE DEPT,20160264863,Davidson,Nashville,3/21/2016 3:00:00 PM,3,1,0,36.133160,-86.829210,WEST END AV,,,,66.00,Feet,East,LEONARD AV,,,,0.00,N,Not at Intersection,N,Non-Junction,None,,,         ,Torian,Cox,Clear,Front to Rear,no,no,no,no,no,False
101148209,METROPOLITAN NASHVILLE POLICE DEPT,20160264950,Davidson,Nashville,3/21/2016 4:01:00 PM,2,0,0,36.190630,-86.723260,CHASE AV,,,,106.00,Feet,East,CAMPBELL CIR,,,,0.00,N,Not at Intersection, ,Non-Junction,None,,,         ,Rachael,Sacco,Clear,Angle,no,no,no,no,no,False
101148214,METROPOLITAN NASHVILLE POLICE DEPT,20160262169,Davidson,Nashville,3/20/2016 5:32:00 PM,2,0,0,36.240370,-86.773020,DOVERSIDE DR,,,,13.00,Feet,West,MOOREWOOD DR,,,,0.00,N,Not at Intersection, ,Non-Junction,None,,,         ,Kyle,Burks,Cloudy,Angle,no,no,no,no,no,False
101148219,METROPOLITAN NASHVILLE POLICE DEPT,20160265196,Davidson,Nashville,3/21/2016 4:40:00 PM,2,0,0,36.044660,-86.686760,STATE HWY 254,,,,832.00,Feet,South,BRENTRIDGE DR,,,,0.00,N,Not at Intersection, ,Non-Junction,None,,,         ,Tyler,McDaniel,Clear,"Sideswipe, Same Direction",no,no,no,no,no,False
101148222,METROPOLITAN NASHVILLE POLICE DEPT,2016-0264847,Davidson,Nashville,3/21/2016 2:47:00 PM,2,0,0,36.078800,-86.913530,FOREST PARK APT PVTDR,,,,645.00,Feet,North,HIGHWAY 70S,,,,0.00,N,Not at Intersection, ,Non-Junction,None,,,         ,Walter,Gray II,Clear,Angle,no,no,no,yes,no,False
101148224,METROPOLITAN NASHVILLE POLICE DEPT,20160265031,Davidson,Nashville,3/21/2016 3:47:00 PM,2,1,0,36.112470,-86.771640,I440 ENT RAMP,,,,0.00,Feet,East,I 65,,,,0.00,N,Not at Intersection,N,Entrance/Exit Ramp Related,None,,,         ,Tien,Nguyen,Clear,Front to Rear,no,no,no,no,no,False
101148225,METROPOLITAN NASHVILLE POLICE DEPT,20160265190,Davidson,Nashville,3/21/2016 4:56:00 PM,2,1,0,36.071820,-86.774070,FRANKLIN PKE,,,,0.00,,,FARRELL RD,,,,0.00,Y,Four-Way,N,Intersection-Related,None,,,         ,Tien,Nguyen,Clear,Front to Rear,no,no,no,no,no,False
101148226,METROPOLITAN NASHVILLE POLICE DEPT,20160265109,Davidson,Nashville,3/21/2016 4:30:00 PM,2,0,0,36.100940,-86.818730,OVERHILL DR,,,,0.00,,,HILLSBORO PKE,,,,0.00,Y,Four-Way, ,Intersection-Related,None,,,         ,Tien,Nguyen,,Front to Rear,no,no,no,no,no,False
101148230,METROPOLITAN NASHVILLE POLICE DEPT,20160265238,Davidson,Nashville,3/21/2016 5:00:00 PM,2,0,0,36.152460,-86.682250,ELM HILL PKE,,,,364.00,Feet,East,MCGAVOCK PKE,,,,0.00,N,Not at Intersection, ,,None,,,         ,John,Kelley,,,no,no,no,no,no,False
101148234,METROPOLITAN NASHVILLE POLICE DEPT,2016-0265043,Davidson,Nashville,3/21/2016 4:04:00 PM,2,2,0,36.131880,-86.895530,CHARLOTTE PKE,,,,0.00,,,I40 E ENT RAMP,,,,0.00,Y,Four-Way,N,Intersection,None,,,         ,Michael,Rogers,Clear,Angle,no,no,no,no,no,False
101148243,METROPOLITAN NASHVILLE POLICE DEPT,20160265346,Davidson,Nashville,3/21/2016 5:20:00 PM,3,0,0,36.121580,-86.758800,I 440,,,,0.00,,,,,,,5.85,N,Not at Intersection, ,Non-Junction,None,,,         ,Tien,Nguyen,Clear,Front to Rear,no,no,no,no,no,False
101148244,METROPOLITAN NASHVILLE POLICE DEPT,20160264819,Davidson,Nashville,3/21/2016 2:35:00 PM,2,0,0,36.156510,-86.794530,16TH AVN,,,,0.00,Feet,,CHURCH ST,,,,0.00,Y,Four-Way, ,Intersection,None,,,         ,Terrance,Stuckey,Clear,Angle,no,no,no,no,no,False
101148246,METROPOLITAN NASHVILLE POLICE DEPT,20160265252,Davidson,Nashville,3/21/2016 5:24:00 PM,2,0,0,36.147430,-86.799390,GRAND AV,,,,0.00,,,21ST AVS,,,,0.00,Y,T-Intersection, ,Intersection,None,,,         ,Charles,Griffin,Clear,Angle,no,no,no,no,no,Campus
101148249,METROPOLITAN NASHVILLE POLICE DEPT,20160264823,Davidson,Nashville,3/21/2016 2:42:00 PM,2,0,0,36.062250,-86.716810,NOLENSVILLE PKE,,,,240.00,Feet,South,FAIRLANE DR,,,,0.00,N,Not at Intersection,N,Non-Junction,None,,,         ,Miguel,Garcia,Clear,"Sideswipe, Same Direction",no,no,no,no,yes,False
101148250,METROPOLITAN NASHVILLE POLICE DEPT,20160265202,Davidson,Nashville,3/21/2016 5:02:00 PM,2,0,0,36.094790,-86.736960,NOLENSVILLE PKE,,,,405.00,Feet,South,WHEELER AV,,,,0.00,N,Not at Intersection, ,Non-Junction,None,,,         ,Joseph,Progar,Clear,Angle,no,no,no,no,no,False
101148252,THP District 3 - Nashville,316017089,Davidson,Nashville,3/21/2016 5:55:00 PM,1,0,0,36.034880,-86.783070,I 65,,,,0.00,,,,,,,74.30,N,Not at Intersection,N,Non-Junction,None,,,         ,William,Goodman,Clear,Not Collision with Motor Vehicle in Transport,no,no,no,no,no,False
101148255,BERRY HILL POLICE DEPT,16-0974,Davidson,Berry Hill,3/17/2016 12:00:00 AM,2,0,0,36.121020,-86.775330,FRANKLIN PKE,,,,132.00,Feet,South,KIRKWOOD AV,,,,0.00,N,Not at Intersection, ,,None,,,         ,John,Gleixner,,,no,no,no,no,no,False