master_record_number,agency,agency_tracking_number,county,city,collision_date,vehicles_involved,number_injured,number_dead,latitude,longitude,roadway_name,roadway_suffix,roadway_number,roadway_local_id,distance_from_reference,miles-feet_indicator,direction_from_reference,intersection_road_name,intersection_road_name_suffix,intersection_road_number,intersection_local_id,mile_marker,intersection_indicator,intersect_type,interchange_related_indicator,relation_to_junction,work_zone_type,construction_maintenance_zone,construction_maintenance_zone_location,fatal_case_number,officer_first_name,officer_last_name,weather_condition(s),manner_of_crash,pedestrian,bicycle,scooter,parking,hitrun,mou
101149349,METROPOLITAN NASHVILLE POLICE DEPT,2016-271744,Davidson,Nashville,3/23/2016 12:20:00 PM,2,0,0,36.169210,-86.779660,2ND AVN,,,,0.00,,,GAY ST,,,,0.00,Y,Four-Way,N,"Driveway, Alley Access, etc",None,,,         ,Charles,Coe,Clear,"Sideswipe, Same Direction",no,no,no,no,no,False
101149358,METROPOLITAN NASHVILLE POLICE DEPT,20160271974,Davidson,Nashville,3/23/2016 1:18:00 PM,2,0,0,36.156550,-86.664940,EMERY DR,,,,0.00,,,DONELSON PKE,,,,0.00,Y,Four-Way, ,,None,,,         ,James,Curtis,,,no,no,no,no,no,False
101149360,METROPOLITAN NASHVILLE POLICE DEPT,20160271930,Davidson,Nashville,3/23/2016 1:41:00 PM,2,0,0,36.177790,-86.786490,3RD AVN,,,,0.00,,,MONROE ST,,,,0.00,Y,Four-Way, ,Intersection,None,,,         ,Michael,Johnson,Clear,Front to Rear,no,no,no,no,no,False
101149369,METROPOLITAN NASHVILLE POLICE DEPT,2016-0264289,Davidson,Nashville,3/21/2016 11:50:00 AM,1,0,0,36.177720,-86.786450,3RD AVN,,,,27.00,Feet,South,MONROE ST,,,,0.00,N,Not at Intersection, ,,Construction Zone,,,         ,Darryl,Morton,,,no,no,no,no,no,False
101149371,METROPOLITAN NASHVILLE POLICE DEPT,2016-0268543,Davidson,Nashville,3/22/2016 3:09:00 PM,3,1,0,36.152230,-86.841090,CHARLOTTE AV,,,,52.00,Feet,West,45TH AVN,,,,0.00,N,Not at Intersection,N,Non-Junction,None,,,         ,Walter,Gray II,Clear,Front to Rear,no,no,no,no,no,False
101149372,METROPOLITAN NASHVILLE POLICE DEPT,2016-0271787,Davidson,Nashville,3/23/2016 12:25:00 PM,2,0,0,36.134450,-86.825220,BOWLING AV,,,,50.00,Feet,South,WEST END AV,,,,0.00,N,Not at Intersection,N,Non-Junction,None,,,         ,Walter,Gray II,Cloudy,Front to Rear,no,no,no,no,no,False
101149376,METROPOLITAN NASHVILLE POLICE DEPT,20160272007,Davidson,Nashville,3/23/2016 1:13:00 PM,2,0,0,36.177600,-86.787960,4TH AVN,,,,138.00,Feet,North,MONROE ST,,,,0.00,N,Not at Intersection, ,Non-Junction,None,,,         ,Rodney,Clark,Cloudy,Front to Rear,no,no,no,no,no,False
101149385,METROPOLITAN NASHVILLE POLICE DEPT,2016-0268144,Davidson,Nashville,3/22/2016 12:54:00 PM,2,0,0,0.000000,0.000000,8TH AVENUE SOUTH,,,,100.00,Feet,North,FOGG STREET,,,,0.00,N,Not at Intersection, ,Non-Junction,None,,,         ,William,Vincion,Clear,Front to Rear,no,no,no,no,no,False
101149386,METROPOLITAN NASHVILLE POLICE DEPT,20160272096,Davidson,Nashville,3/23/2016 1:50:00 PM,2,1,0,36.173570,-86.790090,JEFFERSON ST,,,,0.00,Feet,West,7TH AVN,,,,0.00,N,Not at Intersection,N,Non-Junction,None,,,         ,Joshua,Baker,Clear,"Sideswipe, Same Direction",no,no,no,no,no,False
101149389,METROPOLITAN NASHVILLE POLICE DEPT,2016-0272039,Davidson,Nashville,3/23/2016 1:34:00 PM,2,2,0,36.193040,-86.830220,CLARKSVILLE PKE,,,,369.00,Feet,East,BUENA VISTA PKE,,,,0.00,N,Not at Intersection,N,Non-Junction,None,,,         ,William,Caillouette,Clear,Angle,no,no,no,no,no,False
101149392,METROPOLITAN NASHVILLE POLICE DEPT,2016-0271967,Davidson,Nashville,3/23/2016 1:19:00 PM,2,0,0,36.146670,-86.797150,19TH AVE S,,,,192.00,Feet,South,GRAND AVE,,,,0.00,N,Not at Intersection, ,Non-Junction,None,,,         ,Russell,Wade,Clear,"Sideswipe, Same Direction",no,no,no,no,no,Campus
101149396,METROPOLITAN NASHVILLE POLICE DEPT,20160272119,Davidson,Nashville,3/23/2016 2:09:00 PM,2,2,0,36.096050,-86.708210,I 24,,,,0.00,,,,,,,54.90,N,Not at Intersection,N,Non-Junction,None,,,         ,Brian,Penny,Clear,Angle,no,no,no,no,yes,False
101149403,METROPOLITAN NASHVILLE POLICE DEPT,20160269726,Davidson,Nashville,3/22/2016 9:30:00 PM,2,2,0,36.251040,-86.718280,GALLATIN PKES,,,,32.00,Feet,South,BRINK HAVEN AV,,,,0.00,N,Not at Intersection,N,Non-Junction,None,,,         ,Jerry,Pirtle,Cloudy,Front to Rear,no,no,no,no,no,False
101149415,METROPOLITAN NASHVILLE POLICE DEPT,20160272251,Davidson,Nashville,3/23/2016 3:03:00 PM,2,0,0,36.220230,-86.693450,BRILEY PKWYS,,,,91.00,Feet,East,RUDY CIR,,,,0.00,N,Not at Intersection,N,Non-Junction,None,,,         ,Bryan,Byrnes,Clear,"Sideswipe, Same Direction",no,no,no,no,yes,False
101149416,METROPOLITAN NASHVILLE POLICE DEPT,20160268373,Davidson,Nashville,3/22/2016 2:05:00 PM,2,0,0,36.139560,-86.700750,KAREN DR,,,,0.00,,,ENVIOUS LN,,,,0.00,Y,Four-Way, ,Intersection,None,,,         ,Jason,Smith,Clear,"Sideswipe, Same Direction",no,no,no,no,no,False
101149419,METROPOLITAN NASHVILLE POLICE DEPT,20160272235,Davidson,Nashville,3/23/2016 3:00:00 PM,2,0,0,36.165370,-86.764160,I 24,,,,0.00,,,,,,,49.00,N,Not at Intersection, ,Non-Junction,None,,,         ,Jacob,Partin,Clear,Front to Rear,no,no,no,no,no,False
101149429,METROPOLITAN NASHVILLE POLICE DEPT,20160272104,Davidson,Nashville,3/23/2016 2:27:00 PM,2,0,0,36.044640,-86.659570,I24 E ENT RAMP,,,,0.00,Feet,East,I 24,,,,0.00,N,Not at Intersection,N,Entrance/Exit Ramp Related,None,,,         ,Jessie,Meadows,Clear,Front to Rear,no,no,no,no,yes,False
101149445,METROPOLITAN NASHVILLE POLICE DEPT,20160269177,Davidson,Nashville,3/22/2016 6:07:00 PM,2,0,0,36.133150,-86.726760,I 24,,,,0.00,,,,,,,52.00,N,Not at Intersection, ,Non-Junction,None,,,         ,William,Durham,Clear,Front to Rear,no,no,no,no,no,False
101149446,METROPOLITAN NASHVILLE POLICE DEPT,20160269587,Davidson,Nashville,3/22/2016 8:57:00 PM,2,1,0,36.086370,-86.698960,HARDING PL,,,,86.00,Feet,West,I24 W EXT RAMP,,,,0.00,N,Not at Intersection,N,Entrance/Exit Ramp Related,None,,,         ,William,Durham,Clear,HeadOn,no,no,no,no,no,False
101149447,METROPOLITAN NASHVILLE POLICE DEPT,20160272349,Davidson,Nashville,3/23/2016 3:32:00 PM,2,2,0,36.079490,-86.644600,MURFREESBORO PKE,,,,0.00,,,EDGE O LAKE DR,,,,0.00,Y,Four-Way,Y,Intersection,None,,,         ,William,Durham,Clear,HeadOn,no,no,no,no,no,False
101149450,METROPOLITAN NASHVILLE POLICE DEPT,20160272358,Davidson,Nashville,3/23/2016 3:39:00 PM,2,1,0,36.210740,-86.733240,GALLATIN PKE,,,,79.00,Feet,South,GREENFIELD AV,,,,0.00,N,Not at Intersection,N,Non-Junction,None,,,         ,Rachael,Sacco,Clear,Front to Rear,no,no,no,no,no,False
101149454,METROPOLITAN NASHVILLE POLICE DEPT,20160272453,Davidson,Nashville,3/23/2016 4:09:00 PM,2,0,0,36.192710,-86.744370,DOUGLAS AV,,,,0.00,,,GALLATIN AV,,,,0.00,Y,Four-Way,N,Intersection,None,,,         ,Cressie,Prill,Clear,Angle,no,no,no,no,no,False
101149456,METROPOLITAN NASHVILLE POLICE DEPT,20160265214,Davidson,Nashville,3/21/2016 4:26:00 PM,2,0,0,36.219140,-86.747080,ELLINGTON PKWYN,,,,350.00,Feet,North,HART LN,,,,0.00,N,Not at Intersection,N,Non-Junction,None,,,         ,Samuel,Miller,Clear,"Sideswipe, Same Direction",no,no,no,no,yes,False
101149457,METROPOLITAN NASHVILLE POLICE DEPT,20160265682,Davidson,Not in City Limit,3/21/2016 8:10:00 PM,2,3,0,36.266380,-86.710970,GALLATIN PKEN,,,,191.00,Feet,South,DUPONT AV,,,,0.00,N,Not at Intersection,N,Non-Junction,None,,,         ,Samuel,Miller,Clear,HeadOn,no,no,no,no,no,False
101149458,METROPOLITAN NASHVILLE POLICE DEPT,20160268712,Davidson,Not in City Limit,3/22/2016 3:56:00 PM,1,1,0,36.264660,-86.751160,KEMPER DRS,,,,0.00,,,,,,,0.00,,,N,Non-Junction,None,,,         ,Samuel,Miller,Clear,Not Collision with Motor Vehicle in Transport,yes,no,no,yes,no,False
101149459,METROPOLITAN NASHVILLE POLICE DEPT,20160269063,Davidson,Not in City Limit,3/22/2016 5:41:00 PM,2,3,0,36.262820,-86.680970,STATE RT 45,,,,0.00,,,RIO VISTA DR,,,,0.00,Y,Four-Way,Y,Intersection,None,,,         ,Samuel,Miller,Clear,Angle,no,no,no,no,no,False
101149470,METROPOLITAN NASHVILLE POLICE DEPT,20160272544,Davidson,Nashville,3/23/2016 12:00:00 AM,2,0,0,36.126960,-86.789200,12TH AVS,,,,200.00,Feet,North,ELMWOOD AV,,,,0.00,N,Not at Intersection,N,Non-Junction,None,,,         ,Tien,Nguyen,Clear,Unknown,no,no,no,no,yes,False
101149475,METROPOLITAN NASHVILLE POLICE DEPT,20160272226,Davidson,Nashville,3/23/2016 3:30:00 PM,2,0,0,36.052150,-86.644970,BELL RD,,,,27.00,Feet,South,EAGLE VIEW BLVD,,,,0.00,N,Not at Intersection,N,Non-Junction,None,,,         ,Jessie,Meadows,Clear,Angle,no,no,no,no,yes,False
101149478,METROPOLITAN NASHVILLE POLICE DEPT,20160272543,Davidson,Nashville,3/23/2016 4:20:00 PM,2,0,0,36.153750,-86.721170,LEBANON PKE,,,,115.00,Feet,East,SPENCE LN,,,,0.00,N,Not at Intersection, ,,None,,,         ,John,Kelley,,,no,no,no,no,no,False
101149484,METROPOLITAN NASHVILLE POLICE DEPT,2016-0263372,Davidson,Nashville,3/21/2016 6:54:00 AM,2,0,0,36.158480,-86.640250,STEWARTS FERRY PKE,,,,0.00,,,HICKORY BEND DR,,,,0.00,Y,T-Intersection,N,Intersection,None,,,         ,Jeb,Johnston,Clear,Angle,no,no,no,no,no,False
101149487,METROPOLITAN NASHVILLE POLICE DEPT,20160272566,Davidson,Nashville,3/23/2016 5:46:00 PM,2,0,0,36.076570,-86.640730,MURFREESBORO PKE,,,,298.00,Feet,East,LAKEVILLA DR,,,,0.00,N,Not at Intersection, ,Non-Junction,None,,,         ,Jessie,Meadows,Clear,Front to Rear,no,no,no,no,no,False
101149488,METROPOLITAN NASHVILLE POLICE DEPT,20160256775,Davidson,Goodlettsville,3/18/2016 2:57:00 PM,2,0,0,36.304520,-86.689260,GALLATIN PKEN,,,,100.00,Feet,West,LIBERTY LN,,,,0.00,N,Not at Intersection,N,Non-Junction,None,,,         ,Samuel,Miller,Clear,Front to Rear,no,no,no,no,yes,False
101149495,METROPOLITAN NASHVILLE POLICE DEPT,20160272558,Davidson,Nashville,3/23/2016 4:52:00 PM,2,0,0,36.139420,-86.819740,MURPHY RD,,,,56.00,Feet,East,PARK DR,,,,0.00,N,Not at Intersection, ,Non-Junction,None,,,         ,Tien,Nguyen,Clear,Angle,no,no,no,no,no,False
101149499,METROPOLITAN NASHVILLE POLICE DEPT,20160272709,Davidson,Nashville,3/23/2016 4:47:00 PM,2,0,0,36.134510,-86.723270,MURFREESBORO PKE,,,,275.00,Feet,West,PLUS PARK BLVD,,,,0.00,N,Not at Intersection, ,Non-Junction,None,,,         ,William,Durham,Clear,Angle,no,no,no,no,no,False
101149508,METROPOLITAN NASHVILLE POLICE DEPT,20160272207,Davidson,Nashville,3/23/2016 2:51:00 PM,2,2,0,36.194080,-86.831890,CLARKSVILLE PKE,,,,252.00,Feet,West,BUENA VISTA PKE,,,,0.00,N,Not at Intersection,N,Non-Junction,None,,,         ,Brian,Woodard,Clear,Angle,no,no,no,no,no,False
101149513,METROPOLITAN NASHVILLE POLICE DEPT,20160269563,Davidson,Nashville,3/22/2016 8:50:00 PM,2,1,0,36.238970,-86.742070,ELLINGTON PKWYS,,,,60.00,Feet,East,BRILEY PKWYE,,,,0.00,N,Not at Intersection,N,Entrance/Exit Ramp Related,None,,,         ,Samuel,Miller,Clear,"Sideswipe, Same Direction",no,no,no,no,no,False
101149515,METROPOLITAN NASHVILLE POLICE DEPT,20160272643,Davidson,Nashville,3/23/2016 5:25:00 PM,2,0,0,36.162200,-86.793390,I 40,,,,0.00,,,,,,,208.65,N,Not at Intersection, ,Non-Junction,None,,,         ,Jacob,Partin,Clear,Front to Rear,no,no,no,no,no,False
101149517,METROPOLITAN NASHVILLE POLICE DEPT,20160272654,Davidson,Nashville,3/23/2016 5:19:00 PM,3,0,0,36.092870,-86.652270,MURFREESBORO PKE,,,,405.00,Feet,South,OLD MURFREESBORO PKE,,,,0.00,N,Not at Intersection, ,,None,,,         ,Marcus,Mitchell,,,no,no,no,no,no,False
101149520,METROPOLITAN NASHVILLE POLICE DEPT,2016-0263796,Davidson,Nashville,3/21/2016 9:34:00 AM,2,3,0,36.098610,-86.659380,MURFREESBORO PKE,,,,0.00,,,HARDING PL,,,,0.00,Y,T-Intersection,N,Intersection,None,,,         ,Jeb,Johnston,Cloudy,Front to Rear,no,no,no,no,no,False
101149524,METROPOLITAN NASHVILLE POLICE DEPT,20160272377,Davidson,Not in City Limit,3/23/2016 3:46:00 PM,2,0,0,36.325800,-86.868790,I24 W EXT RAMP,,,,0.00,Feet,East,I 24,,,,0.00,N,Not at Intersection,Y,Entrance/Exit Ramp Related,None,,,         ,Pamela,Caulder,Clear,Front to Rear,no,no,no,no,no,False
101149528,METROPOLITAN NASHVILLE POLICE DEPT,2016-0272553,Davidson,Nashville,3/23/2016 4:50:00 PM,2,0,0,36.156990,-86.780580,DEMONBREUN ST,,,,100.00,Feet,East,8TH AVS,,,,0.00,N,Not at Intersection, ,Non-Junction,None,,,         ,Michael,Schlegel,Clear,Front to Rear,no,no,no,no,no,False
101149529,METROPOLITAN NASHVILLE POLICE DEPT,2016-0264305,Davidson,Nashville,3/21/2016 11:34:00 AM,2,0,0,36.142200,-86.666600,DONELSON PKE,,,,0.00,,,I40 W ENT RAMP,,,,0.00,Y,Four-Way, ,Intersection,None,,,         ,Jeb,Johnston,Cloudy,"Sideswipe, Same Direction",no,no,no,no,no,False
101149531,GOODLETTSVILLE POLICE DEPT,16-10715,Davidson,Goodlettsville,3/23/2016 6:27:00 PM,2,0,0,36.311246,-86.706098,,,I65,,5.00,Feet,South,,,,,94.80,N,Not at Intersection, ,Non-Junction,None,,,         ,Wesley,Kinnaird,Clear,Front to Rear,no,no,no,no,no,False
101149534,METROPOLITAN NASHVILLE POLICE DEPT,20160272851,Davidson,Nashville,3/23/2016 6:18:00 PM,2,0,0,36.071360,-86.711600,HOLLIS HILL DR,,,,82.00,Feet,North,WALES PT,,,,0.00,N,Not at Intersection, ,Non-Junction,None,,,         ,William,Durham,Clear,Rear to Rear,no,no,no,no,no,False
101149536,METROPOLITAN NASHVILLE POLICE DEPT,2016-0268995,Davidson,Not in City Limit,3/22/2016 4:39:00 PM,3,0,0,36.262820,-86.714780,DOUGLAS ST,,,,193.00,Feet,South,OLD HICKORY BLVDW,,,,0.00,N,Not at Intersection,N,Non-Junction,None,,,         ,Samuel,Miller,Clear,Front to Rear,no,no,no,no,yes,False
101149537,METROPOLITAN NASHVILLE POLICE DEPT,20160272213,Davidson,Nashville,3/23/2016 2:53:00 PM,2,0,0,36.240900,-86.758230,BRILEY PKWY E EXT RAMP,,,,0.00,Feet,East,DICKERSON PKE,,,,0.00,N,Not at Intersection, ,Entrance/Exit Ramp Related,None,,,         ,Samuel,Miller,Clear,"Sideswipe, Same Direction",no,no,no,no,no,False
101149538,METROPOLITAN NASHVILLE POLICE DEPT,20160272593,Davidson,Not in City Limit,3/23/2016 5:04:00 PM,2,0,0,36.277640,-86.751250,DICKERSON PKE,,,,0.00,,,HUNTERS LN,,,,0.00,Y,Four-Way, ,Intersection,None,,,         ,Samuel,Miller,Clear,Front to Rear,no,no,no,no,no,False
101149542,METROPOLITAN NASHVILLE POLICE DEPT,20160272674,Davidson,Nashville,3/23/2016 5:37:00 PM,3,1,0,36.154020,-86.779410,8TH AVS,,,,0.00,,,LEA AV,,,,0.00,Y,Four-Way,N,Non-Junction,None,,,         ,Michael,Douglas,Clear,Front to Rear,no,no,no,no,no,False
101149543,METROPOLITAN NASHVILLE POLICE DEPT,2016-0272644,Davidson,Nashville,3/23/2016 5:21:00 PM,3,1,0,36.037450,-86.790790,OLD HICKORY BLVD,,,,50.00,Feet,East,S HILLVIEW DR,,,,0.00,N,Not at Intersection,N,Non-Junction,None,,,         ,William,King,Clear,Front to Rear,no,no,no,no,no,False
101149545,METROPOLITAN NASHVILLE POLICE DEPT,2016-0264542,Davidson,Nashville,3/21/2016 12:59:00 PM,2,1,0,36.192880,-86.623830,LEBANON PKE,,,,0.00,Feet,,JACKSONIAN DR,,,,0.00,Y,Four-Way,N,Intersection,None,,,         ,Jeb,Johnston,Cloudy,Front to Rear,no,no,no,no,no,False
101149549,METROPOLITAN NASHVILLE POLICE DEPT,20160272831,Davidson,Nashville,3/23/2016 6:20:00 PM,2,0,0,36.151070,-86.784340,DIVISION ST,,,,0.00,,,12TH AVS,,,,0.00,Y,Four-Way,Y,Intersection,None,,,         ,Wesley,Feinstein,Clear,"Sideswipe, Same Direction",no,no,no,no,yes,False
101149552,METROPOLITAN NASHVILLE POLICE DEPT,20160272842,Davidson,Nashville,3/23/2016 6:31:00 PM,2,0,0,36.068990,-86.681200,RICHARDS RD,,,,0.00,,,CUMMINGS PARK DR,,,,0.00,Y,T-Intersection, ,Intersection-Related,None,,,         ,Brandon,Vance,Clear,Angle,no,no,no,no,no,False
101149553,METROPOLITAN NASHVILLE POLICE DEPT,20160272840,Davidson,Nashville,3/23/2016 6:47:00 PM,3,0,0,36.156010,-86.788850,BROADWAY,,,,0.00,,,13TH AVS,,,,0.00,Y,Four-Way, ,Intersection-Related,None,,,         ,Tien,Nguyen,Clear,Front to Rear,no,no,no,no,no,False
101149554,METROPOLITAN NASHVILLE POLICE DEPT,2016-0270974,Davidson,Nashville,3/23/2016 7:41:00 AM,1,2,0,36.147780,-86.683530,MCGAVOCK PKE,,,,0.00,,,,,,,0.00,,,N,Non-Junction,None,,,         ,Jeb,Johnston,Cloudy,Not Collision with Motor Vehicle in Transport,no,no,no,yes,no,False
101149560,BERRY HILL POLICE DEPT,16-1024,Davidson,Nashville,3/22/2016 4:00:00 PM,3,0,0,36.115890,-86.796630,I 440,,,,0.00,,,,,,,3.60,N,Not at Intersection,N,Non-Junction,None,,,         ,John,Gleixner,Clear,Front to Rear,no,no,no,no,no,False
101149561,METROPOLITAN NASHVILLE POLICE DEPT,2016-0271712,Davidson,Nashville,3/23/2016 12:03:00 PM,2,1,0,36.128340,-86.713230,MURFREESBORO PKE,,,,86.00,Feet,North,PHILFRE CT,,,,0.00,N,Not at Intersection,N,Non-Junction,None,,,         ,Jeb,Johnston,Cloudy,Front to Rear,no,no,no,no,no,False
101149571,METROPOLITAN NASHVILLE POLICE DEPT,20160273078,Davidson,Nashville,3/23/2016 6:44:00 PM,1,0,0,36.074540,-86.749290,BLACKMAN RD,,,,156.00,Feet,West,SALEM DR,,,,0.00,N,Not at Intersection,N,Non-Junction,None,,,         ,Tien,Nguyen,Clear,Not Collision with Motor Vehicle in Transport,no,no,no,yes,yes,False
101149598,GOODLETTSVILLE POLICE DEPT,16-10709,Davidson,Goodlettsville,3/23/2016 5:18:00 PM,3,0,0,36.317590,-86.701790,,,I65,,0.00,Feet,North,,,,,97.00,N,Not at Intersection,N,Non-Junction,None,,,         ,Stephen,Hodges,Clear,Front to Rear,no,no,no,no,yes,False
101149600,METROPOLITAN NASHVILLE POLICE DEPT,20160273198,Davidson,Nashville,3/23/2016 8:54:00 PM,2,0,0,36.050100,-86.649690,MT VIEW RD,,,,71.00,Feet,West,BELL RD,,,,0.00,N,Not at Intersection, ,Non-Junction,None,,,         ,William,Durham,Clear,Front to Rear,no,no,no,no,no,False
101149615,METROPOLITAN NASHVILLE POLICE DEPT,20160272452,Davidson,Nashville,3/23/2016 4:11:00 PM,3,3,0,36.200930,-86.839510,CLARKSVILLE PKE,,,,639.00,Feet,North,NORTH GATE SHOPPING CTR PVTDR,,,,0.00,N,Not at Intersection,N,Non-Junction,None,,,         ,Michael,Brooks,Clear,Front to Rear,no,no,no,no,no,False
101149616,METROPOLITAN NASHVILLE POLICE DEPT,20160272606,Davidson,Nashville,3/23/2016 5:10:00 PM,2,1,0,36.175310,-86.798260,ARTHUR AV,,,,0.00,,,CHEATHAM PL,,,,0.00,Y,Four-Way,N,Intersection,None,,,         ,Michael,Brooks,Cloudy,Angle,no,no,no,no,no,False
101149617,METROPOLITAN NASHVILLE POLICE DEPT,20160273184,Davidson,Nashville,3/23/2016 8:48:00 PM,2,0,0,36.181740,-86.795510,7TH AVN,,,,266.00,Feet,North,GARFIELD ST,,,,0.00,N,Not at Intersection,N,Non-Junction,None,,,         ,Michael,Brooks,Cloudy,Other,no,no,no,no,yes,False
101149618,METROPOLITAN NASHVILLE POLICE DEPT,20160273082,Davidson,Nashville,3/23/2016 7:30:00 PM,2,0,0,36.071040,-86.920520,OLD HICKORY BLVD,,,,599.00,Feet,South,BELLEVUE VALLEY PLAZA PVTDR,,,,0.00,N,Not at Intersection,N,Non-Junction,None,,,         ,Tyler,Maupin,Clear,"Sideswipe, Same Direction",no,no,no,no,no,False
101149633,METROPOLITAN NASHVILLE POLICE DEPT,20160273361,Davidson,Nashville,3/23/2016 9:30:00 PM,3,0,0,36.070800,-86.690720,I 24,,,,0.00,,,,,,,56.90,N,Not at Intersection,N,Non-Junction,None,,,         ,William,Durham,Clear,"Sideswipe, Same Direction",no,no,no,no,yes,False
101149640,METROPOLITAN NASHVILLE POLICE DEPT,20160273117,Davidson,Not in City Limit,3/23/2016 8:23:00 PM,2,1,0,36.081670,-86.957070,HIGHWAY 70S,,,,0.00,,,I40 W EXT RAMP,,,,0.00,Y,Four-Way,N,Non-Junction,None,,,         ,Adam,Reese,Clear,Front to Rear,no,no,no,no,no,False
101149644,METROPOLITAN NASHVILLE POLICE DEPT,2016-0273153,Davidson,Not in City Limit,3/23/2016 7:40:00 PM,2,1,0,36.045470,-86.950560,TEMPLE RD,,,,0.00,,,HIGHWAY 100,,,,0.00,Y,Four-Way,N,Non-Junction,None,,,         ,William,McDaniel,Clear,Front to Rear,no,no,no,no,no,False
101149652,METROPOLITAN NASHVILLE POLICE DEPT,20160269686,Davidson,Nashville,3/22/2016 9:33:00 PM,2,0,0,36.164650,-86.755220,S 7TH ST,,,,0.00,,,LENORE ST,,,,0.00,Y,Four-Way,N,Non-Junction,None,,,         ,Shawn,Rosson,Clear,Angle,no,no,no,no,yes,False
101149656,METROPOLITAN NASHVILLE POLICE DEPT,2016-0269707,Davidson,Nashville,3/22/2016 9:35:00 PM,3,0,0,36.177030,-86.586950,BROOKE VALLEY DR,,,,156.00,Feet,North,VALLEY GROVE DR,,,,0.00,N,Not at Intersection,N,Non-Junction,None,,,         ,Sandra,Talavera,Clear,Angle,no,no,no,no,yes,False
101149660,METROPOLITAN NASHVILLE POLICE DEPT,20160272956,Davidson,Nashville,3/23/2016 7:33:00 PM,2,1,0,36.068920,-86.632920,MURFREESBORO PKE,,,,738.00,Feet,North,FOREST VIEW DR,,,,0.00,N,Not at Intersection,N,Non-Junction,None,,,         ,Victoria,Cunningham,Clear,Angle,no,no,no,no,no,False
101149681,METROPOLITAN NASHVILLE POLICE DEPT,20160273948,Davidson,Not in City Limit,3/24/2016 1:24:00 AM,1,1,0,36.283420,-86.806590,I 24,,,,0.00,,,,,,,40.00,N,Not at Intersection,N,Non-Junction,None,,,         ,Christina,Buckner,Clear,Not Collision with Motor Vehicle in Transport,no,no,no,no,no,False
101149682,METROPOLITAN NASHVILLE POLICE DEPT,20160274052,Davidson,Nashville,3/24/2016 2:08:00 AM,1,0,0,36.175110,-86.767490,MAIN ST ENT RAMP,,,,0.00,Feet,East,ELLINGTON PKWYS,,,,0.00,N,Not at Intersection,N,Non-Junction,None,,,         ,Harris,Smith,Clear,Not Collision with Motor Vehicle in Transport,no,no,no,no,no,False
101149701,METROPOLITAN NASHVILLE POLICE DEPT,20160274108,Davidson,Nashville,3/24/2016 2:32:00 AM,1,3,0,36.252580,-86.757600,DICKERSON PKE,,,,410.00,Feet,North,MULBERRY DOWNS CIR,,,,0.00,N,Not at Intersection,N,Non-Junction,None,,,         ,Christina,Buckner,Clear,Not Collision with Motor Vehicle in Transport,no,no,no,no,no,False
101149720,METROPOLITAN NASHVILLE POLICE DEPT,20160274342,Davidson,Old Hickory,3/24/2016 4:35:00 AM,1,0,0,36.261450,-86.660115,ROBINSON RD,,,,0.00,Feet,East,BEACON LIGHT CV,,,,0.00,,Not at Intersection,N,Non-Junction,None,,,         ,Anthony,Venable,Clear,Not Collision with Motor Vehicle in Transport,no,no,no,no,no,False
101149724,METROPOLITAN NASHVILLE POLICE DEPT,20160272154,Davidson,Nashville,3/23/2016 2:22:00 PM,1,0,0,36.168660,-86.607450,I 40,,,,0.00,,,,,,,220.50,N,Not at Intersection,N,Non-Junction,None,,,         ,James,Curtis,Clear,Not Collision with Motor Vehicle in Transport,no,no,no,no,no,False
101149734,METROPOLITAN NASHVILLE POLICE DEPT,20160272059,Davidson,Nashville,3/23/2016 1:45:00 PM,2,0,0,36.047310,-86.716620,HICKORY PLZ,,,,347.00,Feet,South,HICKORY TRACE DR PVTDR,,,,0.00,N,Not at Intersection,N,Non-Junction,None,,,         ,Bryant,Presley,Clear,Rear to Rear,no,no,no,no,yes,False
101149759,METROPOLITAN NASHVILLE POLICE DEPT,20160268779,Davidson,Nashville,3/22/2016 3:30:00 PM,2,0,0,36.134280,-86.780570,WEDGEWOOD AV,,,,0.00,,,BEECH AV,,,,0.00,Y,Four-Way, ,,None,,,         ,William,Hudson,,,no,no,no,no,no,False
101149767,METROPOLITAN NASHVILLE POLICE DEPT,20160274677,Davidson,Nashville,3/24/2016 7:30:00 AM,2,0,0,36.153450,-86.752020,HERMITAGE AV,,,,275.00,Feet,West,KEITH ST,,,,0.00,N,Not at Intersection, ,,None,,,         ,Ralph,Harvey,,,no,no,no,no,no,False
101149777,METROPOLITAN NASHVILLE POLICE DEPT,20160274627,Davidson,Nashville,3/24/2016 7:18:00 AM,2,1,0,36.166230,-86.765790,I24 E EXT RAMP,,,,0.00,,,I 24,,,,0.00,Y,Four-Way,N,Intersection-Related,None,,,         ,Michael,Johnson,Cloudy,HeadOn,no,no,no,no,no,False
101149794,METROPOLITAN NASHVILLE POLICE DEPT,20160274879,Davidson,Nashville,3/24/2016 8:25:00 AM,2,0,0,36.128950,-86.754240,NOLENSVILLE PKE,,,,286.00,Feet,North,NAPOLEON AV,,,,0.00,N,Not at Intersection, ,Non-Junction,None,,,         ,Stephen,Soule,Cloudy,Front to Rear,no,no,no,no,no,False
101149798,METROPOLITAN NASHVILLE POLICE DEPT,20160274557,Davidson,Nashville,3/24/2016 7:00:00 AM,2,0,0,36.207890,-86.776300,I 65,,,,0.00,,,,,,,87.40,N,Not at Intersection,N,Non-Junction,None,,,         ,Alan,Jordan,Cloudy,"Sideswipe, Same Direction",no,no,no,no,no,False