master_record_number,agency,agency_tracking_number,county,city,collision_date,vehicles_involved,number_injured,number_dead,latitude,longitude,roadway_name,roadway_suffix,roadway_number,roadway_local_id,distance_from_reference,miles-feet_indicator,direction_from_reference,intersection_road_name,intersection_road_name_suffix,intersection_road_number,intersection_local_id,mile_marker,intersection_indicator,intersect_type,interchange_related_indicator,relation_to_junction,work_zone_type,construction_maintenance_zone,construction_maintenance_zone_location,fatal_case_number,officer_first_name,officer_last_name,weather_condition(s),manner_of_crash,pedestrian,bicycle,scooter,parking,hitrun,mou
101149807,METROPOLITAN NASHVILLE POLICE DEPT,2016-0274934,Davidson,Nashville,3/24/2016 9:00:00 AM,2,0,0,36.165310,-86.783150,6TH AVN,,,,0.00,,,CHARLOTTE AV,,,,0.00,Y,T-Intersection, ,Intersection-Related,None,,,         ,Paul,Sorace,Cloudy,"Sideswipe, Same Direction",no,no,no,no,no,False
101149808,METROPOLITAN NASHVILLE POLICE DEPT,20160274990,Davidson,Nashville,3/24/2016 9:30:00 AM,2,0,0,36.134410,-86.781520,WEDGEWOOD AV,,,,159.00,Feet,West,ACKLEN AV,,,,0.00,N,Not at Intersection, ,Non-Junction,None,,,         ,Nathan,Kemp,Clear,"Sideswipe, Same Direction",no,no,no,no,no,False
101149809,METROPOLITAN NASHVILLE POLICE DEPT,20160261720,Davidson,Nashville,3/20/2016 1:20:00 PM,2,1,0,36.049820,-86.703070,EULALA DR,,,,63.00,Feet,South,ASHLAWN DR,,,,0.00,N,Not at Intersection,N,Non-Junction,None,,,         ,Jason,Dudley,Clear,"Sideswipe, Opposite Direction",no,no,no,no,no,False
101149810,METROPOLITAN NASHVILLE POLICE DEPT,20160274652,Davidson,Nashville,3/24/2016 7:27:00 AM,2,0,0,36.048920,-86.665440,I 24,,,,0.00,,,,,,,59.00,N,Not at Intersection,N,Non-Junction,None,,,         ,Jason,Dudley,Clear,"Sideswipe, Same Direction",no,no,no,no,no,False
101149816,METROPOLITAN NASHVILLE POLICE DEPT,20160274607,Davidson,Nashville,3/24/2016 7:17:00 AM,1,0,0,36.090430,-86.713610,SCOTWOOD DR,,,,88.00,Feet,West,DAWN DR,,,,0.00,N,Not at Intersection,N,Non-Junction,None,,,         ,Brian,Penny,Clear,Not Collision with Motor Vehicle in Transport,no,no,no,no,yes,False
101149822,METROPOLITAN NASHVILLE POLICE DEPT,2016-0275035,Davidson,Nashville,3/24/2016 9:45:00 AM,3,0,0,36.108970,-86.922460,OLD HICKORY BLVD,,,,314.00,Feet,South,SONYA DR,,,,0.00,N,Not at Intersection, ,Non-Junction,None,,,         ,Curtis,Rich,Cloudy,Front to Rear,no,no,no,no,no,False
101149845,VANDERBILT UNIVERSITY POLICE,16-0274884,Davidson,Nashville,3/24/2016 5:06:00 AM,1,0,0,36.105990,-86.762410,ARMORY OAKS DR,,,,0.00,,,,,,,0.00,,, ,"Driveway, Alley Access, etc",None,,,         ,Fred,Oakley,Clear,Not Collision with Motor Vehicle in Transport,no,no,no,yes,yes,OHO
101149848,METROPOLITAN NASHVILLE POLICE DEPT,2016-0272541,Davidson,Nashville,3/23/2016 4:38:00 PM,2,0,0,36.104600,-86.931730,I 40,,,,0.00,,,,,,,198.60,N,Not at Intersection, ,Non-Junction,None,,,         ,Walter,Gray II,Clear,Not Collision with Motor Vehicle in Transport,no,no,no,no,yes,False
101149849,METROPOLITAN NASHVILLE POLICE DEPT,2016-0275005,Davidson,Not in City Limit,3/24/2016 12:00:00 AM,2,0,0,36.074420,-86.943550,US HWY 70S,,,,678.00,Feet,South,CARRIAGE DR,,,,0.00,N,Not at Intersection,N,Non-Junction,None,,,         ,Walter,Gray II,Unknown,Unknown,no,no,no,yes,yes,False
101149856,METROPOLITAN NASHVILLE POLICE DEPT,20160275163,Davidson,Nashville,3/24/2016 11:00:00 AM,2,2,0,36.063240,-86.637430,BELL RD,,,,29.00,Feet,South,RICE RD,,,,0.00,N,Not at Intersection,N,Non-Junction,None,,,         ,Jessie,Meadows,Rain,Angle,no,no,no,no,no,False
101149862,METROPOLITAN NASHVILLE POLICE DEPT,16-0275021,Davidson,Nashville,3/24/2016 9:48:00 AM,1,1,0,36.162640,-86.781430,CHURCH ST,,,,0.00,,,6TH AVN,,,,0.00,Y,Four-Way,N,Intersection,None,,,         ,Frank,Campbell,Cloudy,Not Collision with Motor Vehicle in Transport,yes,no,no,no,no,False
101149865,METROPOLITAN NASHVILLE POLICE DEPT,2016-0275265,Davidson,Nashville,3/24/2016 10:56:00 AM,2,0,0,36.125270,-86.752320,NOLENSVILLE PKE,,,,107.00,Feet,North,ROSEDALE AV,,,,0.00,N,Not at Intersection, ,Non-Junction,None,,,         ,Russell,Wade,Rain,Front to Rear,no,no,no,no,no,False
101149894,METROPOLITAN NASHVILLE POLICE DEPT,20160275276,Davidson,Nashville,3/24/2016 11:08:00 AM,1,0,0,36.088300,-86.790780,BATTERY LN,,,,50.00,Feet,East,LEALAND LN,,,,0.00,N,Not at Intersection, ,Non-Junction,None,,,         ,Nathan,Kemp,Clear,Not Collision with Motor Vehicle in Transport,no,no,no,no,no,False
101149896,METROPOLITAN NASHVILLE POLICE DEPT,20160275450,Davidson,Nashville,3/24/2016 11:58:00 AM,2,0,0,36.085410,-86.727050,PARAGON MILLS RD,,,,0.00,,,TRAVIS DR,,,,0.00,Y,T-Intersection, ,,None,,,         ,Brian,Penny,,,no,no,no,no,no,False
101149904,METROPOLITAN NASHVILLE POLICE DEPT,2016-0275548,Davidson,Nashville,3/24/2016 12:00:00 PM,2,0,0,36.152200,-86.842220,CHARLOTTE AV,,,,0.00,,,46TH AVN,,,,0.00,Y,Four-Way, ,Intersection,None,,,         ,Curtis,Rich,Rain,Front to Rear,no,no,no,no,no,False
101149908,METROPOLITAN NASHVILLE POLICE DEPT,20160275393,Davidson,Nashville,3/24/2016 12:07:00 PM,2,0,0,36.153400,-86.800840,20TH AVN,,,,0.00,,,CHURCH ST,,,,0.00,Y,Four-Way, ,Intersection,None,,,         ,Darrell,Osment,Rain,Angle,no,no,no,no,no,Campus
101149915,VANDERBILT UNIVERSITY POLICE,16-0271952,Davidson,Nashville,3/23/2016 12:30:00 PM,2,0,0,36.139010,-86.804300,CHILDRENS WAY,,,,255.00,Feet,East,24TH AVS,,,,0.00,N,Not at Intersection, ,OtherLocation,None,,,         ,Anthony,Jones,Clear,Angle,no,no,no,yes,no,Campus
101149923,METROPOLITAN NASHVILLE POLICE DEPT,20160275531,Davidson,Nashville,3/24/2016 12:20:00 PM,2,0,0,36.025020,-86.742410,EDMONDSON PKE,,,,261.00,Feet,North,BANBURY STA,,,,0.00,N,Not at Intersection, ,Non-Junction,None,,,         ,Bryant,Presley,Rain,Front to Rear,no,no,no,no,no,False
101149925,METROPOLITAN NASHVILLE POLICE DEPT,2016-0275304,Davidson,Nashville,3/24/2016 11:17:00 AM,2,0,0,36.102260,-86.713170,I 24,,,,0.00,,,,,,,54.40,N,Not at Intersection,N,Non-Junction,None,,,         ,John,Neely,Rain,Front to Rear,no,no,no,no,no,False
101149929,METROPOLITAN NASHVILLE POLICE DEPT,20160255997,Davidson,Madison,3/18/2016 9:56:00 AM,2,0,0,36.237240,-86.724310,GALLATIN PKES,,,,223.00,Feet,North,GALLATIN PKE SB EXT RAMP,,,,0.00,N,Not at Intersection, ,Non-Junction,None,,,         ,William,Estes,Clear,"Sideswipe, Same Direction",no,no,no,no,no,False
101149940,METROPOLITAN NASHVILLE POLICE DEPT,2016-0275606,Davidson,Nashville,3/24/2016 12:48:00 PM,1,1,0,36.092800,-86.762430,I 65,,,,0.00,,,,,,,78.55,N,Not at Intersection,N,Non-Junction,None,,,         ,Russell,Wade,Rain,Not Collision with Motor Vehicle in Transport,no,no,no,no,no,False
101149951,METROPOLITAN NASHVILLE POLICE DEPT,2016-0275687,Davidson,Not in City Limit,3/24/2016 1:15:00 PM,2,2,0,36.044460,-86.956230,HIGHWAY 100,,,,0.00,,,OLD HARDING PKE,,,,0.00,Y,Four-Way,N,Intersection,None,,,         ,Curtis,Rich,Rain,Angle,no,no,no,no,no,False
101149953,METROPOLITAN NASHVILLE POLICE DEPT,20160275633,Davidson,Nashville,3/24/2016 1:00:00 PM,2,0,0,36.176890,-86.774620,N 1ST ST,,,,0.00,,,SPRING ST,,,,0.00,Y,Four-Way,N,Intersection-Related,None,,,         ,Shawn,Taylor,Rain,Front to Rear,no,no,no,no,no,False
101149960,METROPOLITAN NASHVILLE POLICE DEPT,20160274671,Davidson,Nashville,3/24/2016 5:50:00 AM,2,0,0,36.118230,-86.700200,MURFREESBORO PKE,,,,0.00,,,BRILEY PKWYS,,,,0.00,Y,Four-Way, ,,None,,,         ,David,Simmonds,,,no,no,no,no,no,False
101149961,METROPOLITAN NASHVILLE POLICE DEPT,20160275725,Davidson,Nashville,3/24/2016 1:33:00 PM,2,1,0,36.156160,-86.767600,HERMITAGE AV,,,,197.00,Feet,West,MIDDLETON ST,,,,0.00,N,Not at Intersection,N,Non-Junction,None,,,         ,Pedro,Rivera Chaparro,Rain,Front to Rear,no,no,no,no,no,False
101149965,METROPOLITAN NASHVILLE POLICE DEPT,20160275693,Davidson,Nashville,3/24/2016 1:20:00 PM,1,1,0,36.088620,-86.701910,I 24,,,,0.00,,,,,,,55.50,N,Not at Intersection,N,Non-Junction,None,,,         ,Stephen,Soule,Rain,Not Collision with Motor Vehicle in Transport,no,no,no,no,no,False
101149969,METROPOLITAN NASHVILLE POLICE DEPT,16-0275591,Davidson,Nashville,3/24/2016 12:43:00 PM,2,1,0,36.162650,-86.789430,CHARLOTTE AV,,,,400.00,Feet,East,11TH AVN,,,,0.00,N,Not at Intersection,N,Non-Junction,None,,,         ,Frank,Campbell,Rain,Front to Rear,no,no,no,no,no,False
101149970,METROPOLITAN NASHVILLE POLICE DEPT,20160219967,Davidson,Madison,3/7/2016 12:27:00 PM,2,0,0,36.246680,-86.721170,GALLATIN PKES,,,,0.00,,,BERKLEY DR,,,,0.00,Y,T-Intersection, ,Intersection,None,,,         ,William,Estes,Clear,Front to Rear,no,no,no,no,yes,False
101149971,METROPOLITAN NASHVILLE POLICE DEPT,2016-0275715,Davidson,Nashville,3/24/2016 1:25:00 PM,2,1,0,36.105850,-86.813870,HILLSBORO PKE,,,,0.00,,,ABBOTT MARTIN RD,,,,0.00,Y,OTHER,N,Non-Junction,None,,,         ,Douglas,Atwood,Rain,Front to Rear,no,no,no,no,no,False
101149974,METROPOLITAN NASHVILLE POLICE DEPT,20160275617,Davidson,Nashville,3/24/2016 12:52:00 PM,1,0,0,36.070960,-86.636950,STATE HWY 254,,,,0.00,,,,,,,0.00,,,N,Non-Junction,None,,,         ,Roy,McElwee,Rain,Not Collision with Motor Vehicle in Transport,no,no,no,no,no,False
101149982,METROPOLITAN NASHVILLE POLICE DEPT,20160275726,Davidson,Nashville,3/24/2016 1:10:00 PM,1,1,0,36.093420,-86.778340,S CURTISWOOD LN,,,,279.00,Feet,South,GLENDALE LN,,,,0.00,N,Not at Intersection,N,Non-Junction,None,,,         ,Nathan,Kemp,Rain,Not Collision with Motor Vehicle in Transport,no,no,no,no,no,False
101149984,METROPOLITAN NASHVILLE POLICE DEPT,20160265719,Davidson,Not in City Limit,3/21/2016 8:14:00 PM,2,0,0,36.282010,-86.705830,WELWORTH ST,,,,500.00,Feet,East,GALLATIN PKEN,,,,0.00,N,Not at Intersection, ,Non-Junction,None,,,         ,Kyle,Burks,Clear,Rear to Side,yes,no,no,no,no,False
101149986,METROPOLITAN NASHVILLE POLICE DEPT,20160275430,Davidson,Nashville,3/24/2016 12:01:00 PM,3,1,0,36.091900,-86.704560,I 24,,,,0.00,,,,,,,55.25,N,Not at Intersection,N,Non-Junction,None,,,         ,Jessie,Meadows,Rain,Front to Rear,no,no,no,no,no,False
101149987,METROPOLITAN NASHVILLE POLICE DEPT,20160275807,Davidson,Nashville,3/24/2016 2:14:00 PM,1,0,0,36.117840,-86.725810,I 24,,,,0.00,,,,,,,53.10,N,Not at Intersection,N,Non-Junction,None,,,         ,Jessie,Meadows,Rain,Not Collision with Motor Vehicle in Transport,no,no,no,no,no,False
101149988,METROPOLITAN NASHVILLE POLICE DEPT,20160275763,Davidson,Nashville,3/24/2016 2:20:00 PM,2,0,0,36.117840,-86.725810,I 24,,,,0.00,,,,,,,53.10,N,Not at Intersection,N,Non-Junction,None,,,         ,Jessie,Meadows,Rain,Front to Rear,no,no,no,no,no,False
101149989,METROPOLITAN NASHVILLE POLICE DEPT,2016-0275778,Davidson,Nashville,3/24/2016 1:55:00 PM,2,0,0,36.130240,-86.900110,CHARLOTTE PKE,,,,51.00,Feet,West,I40 W EXT RAMP,,,,0.00,N,Not at Intersection, ,Non-Junction,None,,,         ,Ryan,Allen,Rain,Front to Rear,no,no,no,no,no,False
101150000,THP District 2 - Chattanooga,316017190,Davidson,Nashville,3/22/2016 8:45:00 AM,2,0,0,36.160490,-86.639840,STEWARTS FERRY PKE,,,,0.00,,,,,,,0.00,,Not at Intersection, ,OtherLocation,None,,,         ,Timothy,Johnson,Clear,Front to Rear,no,no,no,yes,no,False
101150009,METROPOLITAN NASHVILLE POLICE DEPT,20160275482,Davidson,Nashville,3/24/2016 12:15:00 PM,2,0,0,36.078560,-86.722090,WALLACE RD,,,,440.00,Feet,West,BROOKRIDGE TRL,,,,0.00,N,Not at Intersection, ,Non-Junction,None,,,         ,Jessie,Meadows,Rain,Angle,no,no,no,no,no,False
101150010,METROPOLITAN NASHVILLE POLICE DEPT,2016-0275328,Davidson,Nashville,3/24/2016 11:10:00 AM,2,1,0,36.113950,-86.810710,STATE HWY 155,,,,50.00,Feet,East,US HWY 431,,,,0.00,N,Not at Intersection,N,Non-Junction,None,,,         ,Walter,Gray II,Rain,Front to Rear,no,no,no,no,no,False
101150012,METROPOLITAN NASHVILLE POLICE DEPT,20160252413,Davidson,Nashville,3/17/2016 7:58:00 AM,2,0,0,36.145430,-86.662180,ROYAL PKWY,,,,239.00,Feet,East,AIRPORT CENTER DR,,,,0.00,N,Not at Intersection, ,,None,,,         ,Evan,Hibschman,,,no,no,no,no,no,False
101150013,METROPOLITAN NASHVILLE POLICE DEPT,20160252568,Davidson,Nashville,3/17/2016 10:48:00 AM,2,0,0,36.153250,-86.684600,ELM HILL PKE,,,,385.00,Feet,West,MCGAVOCK PKE,,,,0.00,N,Not at Intersection,N,Non-Junction,None,,,         ,Evan,Hibschman,Clear,Front to Rear,no,no,no,no,no,False
101150014,METROPOLITAN NASHVILLE POLICE DEPT,20160275827,Davidson,Nashville,3/24/2016 2:18:00 PM,1,1,0,36.173750,-86.689440,BRILEY PKWYN,,,,530.00,Feet,North,BRILEY PKWY N ENT RAMP,,,,0.00,N,Not at Intersection,N,Non-Junction,None,,,         ,Evan,Hibschman,Rain,Not Collision with Motor Vehicle in Transport,no,no,no,no,no,False
101150019,METROPOLITAN NASHVILLE POLICE DEPT,20160272381,Davidson,Nashville,3/23/2016 3:45:00 PM,2,0,0,36.109450,-86.728050,BRILEY PKWYN,,,,0.00,,,BRILEY PKWYS,,,,0.00,Y,Four-Way, ,Intersection,None,,,         ,Ian,Lynch,Clear,Front to Rear,no,no,no,no,no,False
101150036,METROPOLITAN NASHVILLE POLICE DEPT,20160271956,Davidson,Nashville,3/23/2016 1:14:00 PM,4,2,0,36.198440,-86.620270,LEBANON PKE,,,,0.00,,,OLD HICKORY BLVD,,,,0.00,Y,Four-Way,N,Intersection,None,,,         ,Wesley,Young,Clear,Front to Rear,no,no,no,no,no,False
101150055,METROPOLITAN NASHVILLE POLICE DEPT,20160275776,Davidson,Nashville,3/24/2016 1:34:00 PM,2,0,0,36.074480,-86.638640,RURAL HILL RD,,,,0.00,,,,,,,0.00,,Not at Intersection,N,Non-Junction,None,,,         ,Wesley,Young,Rain,Angle,no,no,no,yes,yes,False
101150056,METROPOLITAN NASHVILLE POLICE DEPT,2016-0275818,Davidson,Nashville,3/24/2016 2:14:00 PM,2,2,0,36.196680,-86.842770,HYDES FERRY RD,,,,23.00,Feet,South,JOHN MALLETTE DR,,,,0.00,N,Not at Intersection,N,Non-Junction,None,,,         ,William,Caillouette,Cloudy,Angle,no,no,no,no,no,False
101150074,METROPOLITAN NASHVILLE POLICE DEPT,20160275953,Davidson,Nashville,3/24/2016 3:15:00 PM,2,0,0,36.198440,-86.620270,LEBANON PKE,,,,0.00,,,OLD HICKORY BLVD,,,,0.00,Y,Four-Way, ,Intersection,None,,,         ,Tyler,Conrads,Rain,Front to Rear,no,no,no,no,no,False
101150075,METROPOLITAN NASHVILLE POLICE DEPT,20160275979,Davidson,Nashville,3/24/2016 3:22:00 PM,2,0,0,36.192320,-86.616300,JUAREZ DR,,,,0.00,,,OLD HICKORY BLVD,,,,0.00,Y,Four-Way,N,Intersection,None,,,         ,Tyler,Conrads,Rain,Angle,no,no,no,no,no,False
101150078,METROPOLITAN NASHVILLE POLICE DEPT,20160275949,Davidson,Nashville,3/24/2016 2:10:00 PM,2,0,0,36.184670,-86.758280,CLEVELAND ST,,,,0.00,,,N 9TH ST,,,,0.00,Y,Four-Way, ,Intersection-Related,None,,,         ,Kevin,Crawford,Rain,Front to Rear,no,no,no,no,no,False
101150080,METROPOLITAN NASHVILLE POLICE DEPT,20160275901,Davidson,Nashville,3/24/2016 2:55:00 PM,2,1,0,36.122360,-86.752540,I 440,,,,0.00,,,,,,,6.20,N,Not at Intersection,N,Non-Junction,None,,,         ,Megan,Lamon,Rain,Front to Rear,no,no,no,no,no,False
101150089,METROPOLITAN NASHVILLE POLICE DEPT,20160275854,Davidson,Nashville,3/24/2016 2:45:00 PM,2,0,0,36.086970,-86.693400,HARDING PL,,,,389.00,Feet,West,ANTIOCH PKE,,,,0.00,N,Not at Intersection, ,Non-Junction,None,,,         ,Jerre,Fly,Rain,Angle,no,no,no,no,yes,False
101150096,BERRY HILL POLICE DEPT,16-1049,Davidson,Berry Hill,3/24/2016 3:00:00 PM,2,0,0,36.124730,-86.764050,GRISSOM DR,,,,25.00,Feet,West,ROSEDALE AV,,,,0.00,N,Not at Intersection, ,Non-Junction,None,,,         ,Monty,Sands,Cloudy,Rear to Side,no,no,no,no,no,False
101150098,GOODLETTSVILLE POLICE DEPT,16-10835,Davidson,Goodlettsville,3/24/2016 3:25:00 PM,2,0,0,36.324085,-86.704030,,,I65,,0.00,,,LONG HOLLOW PIKE,,SR174,,0.00,Y,Four-Way, ,Intersection,None,,,         ,John,Spencer,Cloudy,Front to Rear,no,no,no,no,no,False
101150101,METROPOLITAN NASHVILLE POLICE DEPT,20160275538,Davidson,Nashville,3/24/2016 12:00:00 AM,1,0,0,36.201080,-86.758310,CHICKASAW AV,,,,0.00,,,JONES AV,,,,0.00,Y,T-Intersection,N,Intersection-Related,None,,,         ,Charles,Wakefield,Rain,Not Collision with Motor Vehicle in Transport,no,no,no,no,yes,False
101150102,METROPOLITAN NASHVILLE POLICE DEPT,20160275945,Davidson,Nashville,3/24/2016 3:00:00 PM,2,0,0,36.062320,-86.904630,HIGHWAY 100,,,,0.00,,,OLD HICKORY BLVD,,,,0.00,Y,Four-Way, ,Intersection-Related,None,,,         ,William,McDaniel,Cloudy,Front to Rear,no,no,no,no,no,False
101150104,METROPOLITAN NASHVILLE POLICE DEPT,2016-0275615,Davidson,Not in City Limit,3/24/2016 12:51:00 PM,1,1,0,36.077010,-87.015300,I 40,,,,0.00,,,,,,,192.80,N,Not at Intersection,N,Non-Junction,None,,,         ,Walter,Gray II,Rain,Not Collision with Motor Vehicle in Transport,no,no,no,no,no,False
101150105,METROPOLITAN NASHVILLE POLICE DEPT,20160275968,Davidson,Nashville,3/24/2016 2:51:00 PM,4,0,0,36.125140,-86.733490,I 440,,,,0.00,,,,,,,7.20,N,Not at Intersection,N,Non-Junction,None,,,         ,William,Durham,Rain,Front to Rear,no,no,no,no,no,False
101150106,METROPOLITAN NASHVILLE POLICE DEPT,20160275918,Davidson,Nashville,3/24/2016 3:00:00 PM,2,0,0,36.173120,-86.769800,I 24,,,,0.00,,,,,,,48.20,N,Not at Intersection,N,Non-Junction,None,,,         ,Caleb,Rogan,Rain,Front to Rear,no,no,no,no,no,False
101150108,METROPOLITAN NASHVILLE POLICE DEPT,20160275919,Davidson,Nashville,3/24/2016 3:05:00 PM,2,0,0,36.121380,-86.750410,NOLENSVILLE PKE,,,,138.00,Feet,South,I440 E ENT RAMP,,,,0.00,N,Not at Intersection, ,,None,,,         ,Jose,Salazar,,,no,no,no,no,no,False
101150111,METROPOLITAN NASHVILLE POLICE DEPT,20160275994,Davidson,Nashville,3/24/2016 2:50:00 PM,2,0,0,36.226310,-86.603190,SAUNDERSVILLE RD,,,,0.00,,,SHUTE LN,,,,0.00,Y,T-Intersection, ,Intersection-Related,None,,,         ,Codey,Mullins,Rain,Front to Rear,no,no,no,no,no,False
101150112,METROPOLITAN NASHVILLE POLICE DEPT,20160276117,Davidson,Nashville,3/24/2016 4:31:00 PM,2,0,0,36.135120,-86.811380,FAIRFAX AV,,,,0.00,,,NATCHEZ TRC,,,,0.00,Y,Four-Way, ,,None,,,         ,Charles,Griffin,,,no,no,no,no,no,Campus
101150116,METROPOLITAN NASHVILLE POLICE DEPT,20160275969,Davidson,Nashville,3/24/2016 4:01:00 PM,2,0,0,36.131580,-86.726930,I24E,,,,475.00,Feet,North,I24 W ENT RAMP,,,,0.00,N,Not at Intersection, ,Non-Junction,None,,,         ,Jessie,Meadows,Rain,Front to Rear,no,no,no,no,no,False
101150117,METROPOLITAN NASHVILLE POLICE DEPT,20160275980,Davidson,Nashville,3/24/2016 4:00:00 PM,2,0,0,36.140600,-86.737620,MURFREESBORO PKE,,,,63.00,Feet,East,MENZLER RD,,,,0.00,N,Not at Intersection,N,Non-Junction,None,,,         ,Jessie,Meadows,Rain,Angle,no,no,no,no,yes,False
101150119,METROPOLITAN NASHVILLE POLICE DEPT,20160276002,Davidson,Nashville,3/24/2016 3:40:00 PM,2,0,0,36.171510,-86.799140,I 40,,,,0.00,,,,,,,207.90,N,Not at Intersection, ,Non-Junction,None,,,         ,Maria,Cortez,Cloudy,Angle,no,no,no,no,no,False
101150124,METROPOLITAN NASHVILLE POLICE DEPT,20160276033,Davidson,Nashville,3/24/2016 3:49:00 PM,2,0,0,36.134270,-86.889160,CHARLOTTE PKE,,,,346.00,Feet,East,OLD CHARLOTTE PKE,,,,0.00,N,Not at Intersection, ,"Driveway, Alley Access, etc",None,,,         ,Jeremy,Huffine,Rain,Angle,no,no,no,no,no,False
101150129,METROPOLITAN NASHVILLE POLICE DEPT,20160276121,Davidson,Nashville,3/24/2016 2:44:00 PM,2,0,0,36.114130,-86.746890,NOLENSVILLE PKE,,,,181.00,Feet,South,CENTRAL AV,,,,0.00,N,Not at Intersection, ,Non-Junction,None,,,         ,Megan,Lamon,Rain,Front to Rear,no,no,no,no,no,False
101150130,METROPOLITAN NASHVILLE POLICE DEPT,20160275907,Davidson,Goodlettsville,3/24/2016 1:00:00 PM,2,0,0,36.292660,-86.695220,MYATT DR,,,,559.00,Feet,South,SPRING BRANCH DR,,,,0.00,N,Not at Intersection,N,Non-Junction,None,,,         ,Jessica,Ware,Clear,Angle,no,no,no,yes,yes,False
101150132,METROPOLITAN NASHVILLE POLICE DEPT,2016-0276076,Davidson,Nashville,3/24/2016 4:15:00 PM,2,1,0,36.103460,-86.815970,US HWY 431,,,,50.00,Feet,North,WARFIELD DR,,,,0.00,N,Not at Intersection,N,Non-Junction,None,,,         ,Walter,Gray II,Cloudy,Front to Rear,no,no,no,no,no,False
101150134,METROPOLITAN NASHVILLE POLICE DEPT,20160275859,Davidson,Nashville,3/24/2016 2:36:00 PM,3,5,0,36.078610,-86.745220,HARDING PL,,,,0.00,,,DANBY DR,,,,0.00,Y,Four-Way,N,Intersection-Related,None,,,         ,Tien,Nguyen,Cloudy,Angle,no,no,no,no,no,False
101150137,METROPOLITAN NASHVILLE POLICE DEPT,20160276143,Davidson,Nashville,3/24/2016 4:35:00 PM,2,0,0,36.143750,-86.730450,ARLINGTON AV,,,,0.00,,,ELM HILL PKE,,,,0.00,Y,T-Intersection, ,,None,,,         ,Bryan,Byrnes,,,no,no,no,no,no,False
101150145,METROPOLITAN NASHVILLE POLICE DEPT,20160275963,Davidson,Nashville,3/24/2016 3:00:00 PM,2,1,0,36.166390,-86.764620,I 24,,,,0.00,,,,,,,49.00,N,Not at Intersection,N,Non-Junction,None,,,         ,Nicholas,Diamond,Rain,Front to Rear,no,no,no,no,no,False
101150146,METROPOLITAN NASHVILLE POLICE DEPT,20160276214,Davidson,Not in City Limit,3/24/2016 5:05:00 PM,2,0,0,36.077610,-87.021150,MCCRORY LN,,,,0.00,,,I40 W ENT RAMP,,,,0.00,Y,T-Intersection, ,,None,,,         ,Benjamin,Spees,,,no,no,no,no,no,False
101150151,METROPOLITAN NASHVILLE POLICE DEPT,20160276246,Davidson,Nashville,3/24/2016 3:53:00 PM,2,0,0,36.115990,-86.787900,I 440,,,,0.00,,,,,,,3.90,N,Not at Intersection, ,Non-Junction,None,,,         ,Tien,Nguyen,Rain,Front to Rear,no,no,no,no,no,False
101150158,METROPOLITAN NASHVILLE POLICE DEPT,20160276205,Davidson,Nashville,3/24/2016 5:25:00 PM,3,0,0,36.111030,-86.713470,I24 W ENT RAMP,,,,0.00,Feet,East,BRILEY PKWYS,,,,0.00,N,Not at Intersection,N,Non-Junction,None,,,         ,Jessie,Meadows,Clear,Front to Rear,no,no,no,no,no,False
101150162,METROPOLITAN NASHVILLE POLICE DEPT,20160276211,Davidson,Nashville,3/24/2016 4:50:00 PM,2,0,0,36.116430,-86.798280,I 440,,,,0.00,,,,,,,3.35,N,Not at Intersection, ,,None,,,         ,Jonathan,Frith,,,no,no,no,no,no,False
101150167,METROPOLITAN NASHVILLE POLICE DEPT,20160276286,Davidson,Nashville,3/24/2016 5:32:00 PM,2,0,0,36.157560,-86.785210,BROADWAY,,,,300.00,Feet,West,10TH AVN,,,,0.00,N,Not at Intersection, ,Non-Junction,None,,,         ,Derek,Betty,Clear,Front to Rear,no,no,no,no,no,False
101150170,METROPOLITAN NASHVILLE POLICE DEPT,20160276129,Davidson,Nashville,3/24/2016 4:12:00 PM,2,1,0,36.054920,-86.636560,ZELIDA AV,,,,0.00,,,HAMILTON CHURCH RD,,,,0.00,Y,Roundabout,N,Intersection,None,,,         ,Jarred,Ruhlman,Cloudy,Angle,no,no,no,no,yes,False
101150172,METROPOLITAN NASHVILLE POLICE DEPT,20160276247,Davidson,Nashville,3/24/2016 5:18:00 PM,2,0,0,36.154480,-86.779450,8TH AVS,,,,0.00,,,LAFAYETTE ST,,,,0.00,Y,Roundabout, ,Intersection-Related,None,,,         ,Jason,Thomas,Clear,Front to Rear,no,no,no,no,no,False
101150174,METROPOLITAN NASHVILLE POLICE DEPT,2016-0276220,Davidson,Nashville,3/24/2016 5:06:00 PM,2,0,0,36.129910,-86.817020,I 440,,,,0.00,,,,,,,2.00,N,Not at Intersection,N,Non-Junction,None,,,         ,Ryan,Allen,Clear,Front to Rear,no,no,no,no,yes,False
101150175,METROPOLITAN NASHVILLE POLICE DEPT,2016-0276303,Davidson,Nashville,3/24/2016 5:13:00 PM,2,0,0,36.151110,-86.862630,I 40,,,,0.00,,,,,,,203.70,N,Not at Intersection,N,Non-Junction,None,,,         ,Ryan,Allen,Clear,Front to Rear,no,no,no,no,yes,False
101150178,METROPOLITAN NASHVILLE POLICE DEPT,20160276233,Davidson,Nashville,3/24/2016 5:12:00 PM,2,0,0,36.156790,-86.796650,17TH AVN,,,,0.00,,,STATE ST,,,,0.00,Y,Four-Way,N,Intersection,None,,,         ,Charles,Griffin,Clear,Angle,no,no,no,no,no,False