master_record_number,agency,agency_tracking_number,county,city,collision_date,vehicles_involved,number_injured,number_dead,latitude,longitude,roadway_name,roadway_suffix,roadway_number,roadway_local_id,distance_from_reference,miles-feet_indicator,direction_from_reference,intersection_road_name,intersection_road_name_suffix,intersection_road_number,intersection_local_id,mile_marker,intersection_indicator,intersect_type,interchange_related_indicator,relation_to_junction,work_zone_type,construction_maintenance_zone,construction_maintenance_zone_location,fatal_case_number,officer_first_name,officer_last_name,weather_condition(s),manner_of_crash,pedestrian,bicycle,scooter,parking,hitrun,mou
101150185,METROPOLITAN NASHVILLE POLICE DEPT,20160276135,Davidson,Nashville,3/24/2016 4:05:00 PM,2,0,0,36.181760,-86.606310,OLD HICKORY BLVD,,,,0.00,,,,,,,0.00,,,N,Non-Junction,None,,,         ,Codey,Mullins,Cloudy,Other,no,no,no,no,yes,False
101150188,METROPOLITAN NASHVILLE POLICE DEPT,20160276216,Davidson,Nashville,3/24/2016 5:07:00 PM,4,0,0,36.140770,-86.817540,WEST END AV,,,,48.00,Feet,South,ACKLEN PARK DR,,,,0.00,N,Not at Intersection,N,Non-Junction,None,,,         ,Nicholas,Smith,Clear,Front to Rear,no,no,no,no,no,False
101150197,METROPOLITAN NASHVILLE POLICE DEPT,20160276292,Davidson,Nashville,3/24/2016 5:36:00 PM,2,0,0,36.090370,-86.626450,BELL RD,,,,19.00,Feet,East,SMITH SPRINGS RD,,,,0.00,N,Not at Intersection, ,Non-Junction,None,,,         ,Marcus,Mitchell,Clear,Front to Rear,no,no,no,no,no,False
101150199,METROPOLITAN NASHVILLE POLICE DEPT,20160276170,Davidson,Nashville,3/24/2016 4:50:00 PM,3,1,0,36.152480,-86.773240,LAFAYETTE ST,,,,0.00,,,5TH AVS,,,,0.00,Y,Four-Way,N,Intersection,None,,,         ,Tyler,Hutton,Cloudy,Front to Rear,no,no,no,no,no,False
101150205,METROPOLITAN NASHVILLE POLICE DEPT,20160276393,Davidson,Nashville,3/24/2016 6:12:00 PM,2,0,0,36.078850,-86.885210,HIGHWAY 100,,,,0.00,,,VAUGHNS GAP RD,,,,0.00,Y,T-Intersection,N,Intersection,None,,,         ,John,Thomas,Cloudy,Angle,no,no,no,no,yes,False
101150218,METROPOLITAN NASHVILLE POLICE DEPT,20160276501,Davidson,Nashville,3/24/2016 6:30:00 PM,2,0,0,36.144750,-86.812870,WEST END AV,,,,100.00,Feet,East,29TH AVN,,,,0.00,N,Not at Intersection, ,,None,,,         ,Charles,Griffin,,,no,no,no,yes,no,Campus
101150219,METROPOLITAN NASHVILLE POLICE DEPT,20160276360,Davidson,Nashville,3/24/2016 12:00:00 AM,2,0,0,36.193530,-86.832030,S HAMILTON RD,,,,0.00,,,,,,,0.00,,,N,Non-Junction,None,,,         ,Jonathan,Hadley,Clear,Unknown,no,no,no,yes,yes,False
101150223,METROPOLITAN NASHVILLE POLICE DEPT,20160276356,Davidson,Nashville,3/24/2016 5:50:00 PM,3,1,0,36.153570,-86.788410,14TH AVS,,,,0.00,,,DEMONBREUN ST,,,,0.00,Y,Four-Way,N,Intersection-Related,None,,,         ,Tien,Nguyen,Cloudy,Front to Rear,no,no,no,no,no,False
101150239,METROPOLITAN NASHVILLE POLICE DEPT,20160276401,Davidson,Nashville,3/24/2016 7:02:00 PM,2,0,0,36.094720,-86.707120,I 24,,,,0.00,,,,,,,55.00,N,Not at Intersection, ,,None,,,         ,Richard,Olive,,,no,no,no,no,no,False
101150251,METROPOLITAN NASHVILLE POLICE DEPT,20160276321,Davidson,Nashville,3/24/2016 5:44:00 PM,2,0,0,36.122290,-86.727320,I 24,,,,0.00,,,,,,,52.75,N,Not at Intersection, ,Non-Junction,None,,,         ,William,Durham,Cloudy,Front to Rear,no,no,no,no,no,False
101150252,METROPOLITAN NASHVILLE POLICE DEPT,20160276650,Davidson,Nashville,3/24/2016 7:53:00 PM,2,1,0,36.062600,-86.626090,MURFREESBORO PKE,,,,1065.00,Feet,South,HAMILTON CHURCH RD,,,,0.00,N,Not at Intersection,N,Non-Junction,None,,,         ,William,Durham,Cloudy,Angle,no,no,no,no,no,False
101150257,METROPOLITAN NASHVILLE POLICE DEPT,20160276712,Davidson,Old Hickory,3/24/2016 8:08:00 PM,1,1,0,36.261920,-86.633500,CIRCLE DR,,,,1300.00,Feet,East,ELLISTON ST,,,,0.00,N,Not at Intersection,N,Non-Junction,None,,,         ,Tyler,Conrads,Clear,Not Collision with Motor Vehicle in Transport,yes,no,no,no,yes,False
101150261,METROPOLITAN NASHVILLE POLICE DEPT,20160276009,Davidson,Nashville,3/24/2016 3:40:00 PM,2,0,0,36.215400,-86.588510,TULIP GROVE RD,,,,0.00,,,BIG HORN DR,,,,0.00,Y,Four-Way, ,Intersection,None,,,         ,Alex,Lampley,Cloudy,"Sideswipe, Same Direction",no,no,no,no,no,False
101150280,METROPOLITAN NASHVILLE POLICE DEPT,20160276806,Davidson,Nashville,3/24/2016 8:28:00 PM,2,0,0,36.086580,-86.771970,FRANKLIN PKE,,,,0.00,,,HARDING PL,,,,0.00,Y,Four-Way, ,Intersection-Related,None,,,         ,Tien,Nguyen,Clear,Front to Rear,no,no,no,no,no,False
101150286,METROPOLITAN NASHVILLE POLICE DEPT,20160276729,Davidson,Nashville,3/24/2016 8:08:00 PM,2,0,0,36.171430,-86.769040,JAMES ROBERTSON PKWY,,,,0.00,,,INTERSTATE DR,,,,0.00,Y,T-Intersection, ,Intersection,None,,,         ,Joshua,Hollins,Cloudy,"Sideswipe, Same Direction",no,no,no,no,no,False
101150299,METROPOLITAN NASHVILLE POLICE DEPT,20160276506,Davidson,Old Hickory,3/24/2016 7:06:00 PM,2,1,0,36.264620,-86.634020,WINDMILL POINT CIR,,,,0.00,,,BEACON LIGHT CV,,,,0.00,Y,OTHER,N,Non-Junction,None,,,         ,Marcus,Mitchell,Rain,Rear to Rear,no,no,no,no,yes,False
101150306,METROPOLITAN NASHVILLE POLICE DEPT,20160276244,Davidson,Nashville,3/24/2016 5:00:00 PM,2,0,0,36.187440,-86.630420,LEBANON PKE,,,,236.00,Feet,East,CENTRAL PKE,,,,0.00,N,Not at Intersection,N,Non-Junction,None,,,         ,Christopher,Mackey,Cloudy,Other,no,no,no,no,no,False
101150329,METROPOLITAN NASHVILLE POLICE DEPT,20160276755,Davidson,Nashville,3/24/2016 8:02:00 PM,2,0,0,36.152870,-86.628870,PERCY PRIEST DR,,,,731.00,Feet,East,FITZPATRICK RD,,,,0.00,N,Not at Intersection,N,Non-Junction,None,,,         ,Jaby,Djabbarov,Clear,Front to Rear,no,no,no,yes,yes,False
101150335,METROPOLITAN NASHVILLE POLICE DEPT,2016-0274460,Davidson,Nashville,3/24/2016 5:53:00 AM,2,2,0,36.164510,-86.781060,UNION ST,,,,0.00,,,5TH AVN,,,,0.00,Y,Four-Way,N,OtherLocation,None,,,         ,Travis,Baxter,Cloudy,Angle,no,no,no,no,no,False
101150340,METROPOLITAN NASHVILLE POLICE DEPT,20160275884,Davidson,Nashville,3/24/2016 2:50:00 PM,1,2,0,36.209540,-86.724530,GREENFIELD AV,,,,169.00,Feet,East,KENNEDY AV,,,,0.00,N,Not at Intersection,N,Non-Junction,None,,,         ,Randy,Heinze,Rain,Not Collision with Motor Vehicle in Transport,no,no,no,no,no,False
101150341,METROPOLITAN NASHVILLE POLICE DEPT,20160276057,Davidson,Nashville,3/24/2016 3:59:00 PM,2,0,0,36.194720,-86.776170,I 65,,,,0.00,,,,,,,86.50,N,Not at Intersection,Y,Entrance/Exit Ramp Related,None,,,         ,Michael,Brooks,Cloudy,Front to Rear,no,no,no,no,no,False
101150342,METROPOLITAN NASHVILLE POLICE DEPT,20160276224,Davidson,Nashville,3/24/2016 5:10:00 PM,2,0,0,36.164670,-86.795380,CLINTON ST,,,,176.00,Feet,West,12TH AVN,,,,0.00,N,Not at Intersection,N,Non-Junction,None,,,         ,Michael,Brooks,Cloudy,Other,no,no,no,no,no,False
101150343,METROPOLITAN NASHVILLE POLICE DEPT,20160276374,Davidson,Nashville,3/24/2016 5:58:00 PM,1,0,0,36.215590,-86.840690,CEDAR CIR,,,,455.00,Feet,North,MEADOW RD,,,,0.00,N,Not at Intersection, ,Non-Junction,None,,,         ,Michael,Brooks,Cloudy,Not Collision with Motor Vehicle in Transport,no,no,no,no,no,False
101150344,METROPOLITAN NASHVILLE POLICE DEPT,20160277031,Davidson,Nashville,3/24/2016 9:33:00 PM,1,0,0,36.215470,-86.801340,WHITES CREEK PKE,,,,369.00,Feet,South,MALTA DR,,,,0.00,N,Not at Intersection, ,Non-Junction,None,,,         ,Michael,Brooks,Cloudy,Not Collision with Motor Vehicle in Transport,no,no,no,no,no,False
101150354,METROPOLITAN NASHVILLE POLICE DEPT,20160275860,Davidson,Not in City Limit,3/24/2016 2:20:00 PM,3,0,0,36.274490,-86.764090,OLD HICKORY BLVD,,,,260.00,Feet,South,LAWING DR,,,,0.00,N,Not at Intersection, ,Non-Junction,None,,,         ,Samuel,Miller,Rain,Front to Rear,no,no,no,no,no,False
101150355,METROPOLITAN NASHVILLE POLICE DEPT,20160276118,Davidson,Not in City Limit,3/24/2016 4:29:00 PM,2,0,0,36.263440,-86.711790,GALLATIN PKEN,,,,150.00,Feet,North,STATE RT 45,,,,0.00,N,Not at Intersection,N,Non-Junction,None,,,         ,Samuel,Miller,Cloudy,Angle,no,no,no,no,yes,False
101150356,METROPOLITAN NASHVILLE POLICE DEPT,20160276251,Davidson,Nashville,3/24/2016 5:20:00 PM,2,0,0,36.237520,-86.732010,BRILEY PKWYW,,,,50.00,Feet,West,SAUNDERS AV,,,,0.00,N,Not at Intersection, ,Non-Junction,None,,,         ,Samuel,Miller,Cloudy,Front to Rear,no,no,no,no,no,False
101150357,METROPOLITAN NASHVILLE POLICE DEPT,20160276345,Davidson,Nashville,3/24/2016 5:14:00 PM,3,0,0,36.231510,-86.780080,EWING DR,,,,425.00,Feet,East,BRICK CHURCH PKE,,,,0.00,N,Not at Intersection, ,Non-Junction,None,,,         ,Samuel,Miller,Cloudy,Front to Rear,no,no,no,no,no,False
101150358,METROPOLITAN NASHVILLE POLICE DEPT,20160277043,Davidson,Antioch,3/24/2016 9:36:00 PM,2,2,0,36.025470,-86.587420,MURFREESBORO RD,,,,437.00,Feet,North,WALDRON RD,,,,0.00,N,Not at Intersection,N,Non-Junction,None,,,         ,William,Durham,Cloudy,Angle,no,no,no,no,no,False
101150362,METROPOLITAN NASHVILLE POLICE DEPT,20160272849,Davidson,Nashville,3/23/2016 6:39:00 PM,2,0,0,36.093840,-86.736480,NOLENSVILLE PKE,,,,164.00,Feet,North,NATCHEZ CT,,,,0.00,N,Not at Intersection,N,Non-Junction,None,,,         ,Miguel,Garcia,Clear,"Sideswipe, Same Direction",no,no,no,no,yes,False
101150386,METROPOLITAN NASHVILLE POLICE DEPT,20160277108,Davidson,Not in City Limit,3/24/2016 10:02:00 PM,2,1,0,36.020540,-86.627620,I 24,,,,0.00,,,,,,,62.00,N,Not at Intersection,N,Non-Junction,None,,,         ,Jarred,Ruhlman,Clear,Front to Rear,no,no,no,no,no,False
101150398,METROPOLITAN NASHVILLE POLICE DEPT,20160276996,Davidson,Nashville,3/24/2016 9:22:00 PM,2,1,0,36.222620,-86.694290,MUSIC VALLEY DR,,,,0.00,,,MUSIC CITY CIR,,,,0.00,Y,T-Intersection,N,Intersection,None,,,         ,Bryan,Byrnes,Clear,Angle,no,no,no,no,no,False
101150400,METROPOLITAN NASHVILLE POLICE DEPT,20160277279,Davidson,Antioch,3/24/2016 11:00:00 PM,1,1,0,36.004470,-86.699200,NOLENSVILLE PKE,,,,528.00,Feet,North,AUTUMN OAKS DR,,,,0.00,N,Not at Intersection,N,Non-Junction,None,,,         ,Tyler,Adcock,Clear,Not Collision with Motor Vehicle in Transport,no,no,no,no,no,False
101150409,METROPOLITAN NASHVILLE POLICE DEPT,20160277219,Davidson,Nashville,3/24/2016 10:29:00 PM,1,0,0,0.000000,0.000000,BURKITT,RD,SR1,1,0.00,Feet,,BATTLE,RD,SR2,1,0.00,Y,T-Intersection,N,Intersection,None,,,         ,David,Moser,Clear,Not Collision with Motor Vehicle in Transport,no,no,no,no,yes,False
101150419,METROPOLITAN NASHVILLE POLICE DEPT,20160277312,Davidson,Nashville,3/24/2016 11:11:00 PM,1,1,0,36.218190,-86.805150,MOORMANS ARM RD,,,,0.00,,,,,,,0.00,,,N,Non-Junction,None,,,         ,Geoffrey,Daugherty,Clear,Not Collision with Motor Vehicle in Transport,no,no,no,no,no,False
101150420,METROPOLITAN NASHVILLE POLICE DEPT,20160277327,Davidson,Nashville,3/24/2016 11:20:00 PM,2,3,0,36.086770,-86.694980,HARDING PL,,,,288.00,Feet,East,S PERIMETER PARK DR,,,,0.00,N,Not at Intersection,N,Non-Junction,None,,,         ,Autumn,Manning,Clear,Angle,no,no,no,no,no,False
101150423,METROPOLITAN NASHVILLE POLICE DEPT,20160277454,Davidson,Nashville,3/24/2016 11:30:00 PM,2,0,0,36.095540,-86.654730,SWEENEY AV,,,,0.00,,,MURFREESBORO PKE,,,,0.00,Y,OTHER, ,,None,,,         ,William,Williams,,,no,no,no,no,no,False
101150424,METROPOLITAN NASHVILLE POLICE DEPT,20160277282,Davidson,Nashville,3/24/2016 11:10:00 PM,2,1,0,36.154600,-86.786200,DEMONBREUN ST,,,,0.00,,,12TH AVS,,,,0.00,Y,Four-Way,N,Intersection-Related,None,,,         ,Kristen,Morgan,Clear,Front to Rear,no,no,no,no,no,False
101150426,METROPOLITAN NASHVILLE POLICE DEPT,20160277077,Davidson,Nashville,3/24/2016 9:10:00 PM,2,0,0,36.112430,-86.922590,I40 W EXT RAMP,,,,0.00,Feet,East,I 40,,,,0.00,N,Not at Intersection,N,Entrance/Exit Ramp Related,None,,,         ,Aaron,Wigginton,Clear,Front to Rear,no,no,no,no,yes,False
101150444,METROPOLITAN NASHVILLE POLICE DEPT,20160277592,Davidson,Not in City Limit,3/24/2016 12:00:00 AM,2,0,0,36.308000,-86.820930,I 24,,,,0.00,,,,,,,38.00,N,Not at Intersection,N,Non-Junction,None,,,         ,Charles,Duke,Clear,"Sideswipe, Same Direction",no,no,no,no,yes,False
101150503,METROPOLITAN NASHVILLE POLICE DEPT,2016-0274781,Davidson,Nashville,3/24/2016 8:08:00 AM,1,0,0,36.108570,-86.708740,FINLEY DR,,,,56.00,Feet,East,CURREY RD,,,,0.00,N,Not at Intersection,N,Non-Junction,None,,,         ,William,Whitworth,Cloudy,Not Collision with Motor Vehicle in Transport,no,no,no,no,yes,False
101150516,METROPOLITAN NASHVILLE POLICE DEPT,20160275664,Davidson,Nashville,3/24/2016 1:11:00 PM,3,1,0,36.143890,-86.648590,I 40,,,,0.00,,,,,,,217.30,N,Not at Intersection,N,Non-Junction,None,,,         ,James,Curtis,Rain,"Sideswipe, Opposite Direction",no,no,no,no,no,False
101150530,METROPOLITAN NASHVILLE POLICE DEPT,2016-0275822,Davidson,Nashville,3/24/2016 2:20:00 PM,2,0,0,36.092800,-86.762430,I 65,,,,0.00,,,,,,,78.55,N,Not at Intersection, ,Non-Junction,None,,,         ,Russell,Wade,Rain,Front to Rear,no,no,no,no,no,False
101150535,METROPOLITAN NASHVILLE POLICE DEPT,2016-0275634,Davidson,Nashville,3/24/2016 1:00:00 PM,2,2,0,36.229380,-86.759280,BROADMOOR DR,,,,0.00,,,DICKERSON PKE,,,,0.00,Y,Four-Way,N,Intersection,None,,,         ,Coleman,Womack,Rain,Angle,no,no,no,no,no,False
101150538,METROPOLITAN NASHVILLE POLICE DEPT,20160275828,Davidson,Nashville,3/24/2016 2:17:00 PM,1,0,0,36.170330,-86.669950,KNOBVIEW DR,,,,204.00,Feet,North,OLD LEBANON PKE,,,,0.00,N,Not at Intersection, ,Non-Junction,None,,,         ,Wesley,Young,Rain,Not Collision with Motor Vehicle in Transport,no,no,no,no,no,False
101150539,METROPOLITAN NASHVILLE POLICE DEPT,2016-0275782,Davidson,Nashville,3/24/2016 1:20:00 PM,2,0,0,36.178560,-86.773380,I24 W ENT RAMP,,,,0.00,,,I 24,,,,0.00,Y,OTHER, ,,None,,,         ,Coleman,Womack,,,no,no,no,no,no,False
101150550,METROPOLITAN NASHVILLE POLICE DEPT,2016-0275848,Davidson,Nashville,3/24/2016 2:20:00 PM,2,0,0,36.092800,-86.762430,I 65,,,,0.00,,,,,,,78.55,N,Not at Intersection, ,Non-Junction,None,,,         ,Russell,Wade,Rain,"Sideswipe, Same Direction",no,no,no,no,no,False
101150578,METROPOLITAN NASHVILLE POLICE DEPT,20160275439,Davidson,Nashville,3/24/2016 10:30:00 AM,2,0,0,36.139820,-86.787590,HORTON AV,,,,0.00,,,12TH AVS,,,,0.00,Y,OTHER, ,OtherLocation,None,,,         ,Jonathan,Seidl,Cloudy,"Sideswipe, Same Direction",no,no,no,yes,yes,False
101150591,METROPOLITAN NASHVILLE POLICE DEPT,2016-0275506,Davidson,Nashville,3/24/2016 12:15:00 PM,2,0,0,36.151080,-86.784400,DIVISION ST,,,,17.00,Feet,West,12TH AVS,,,,0.00,N,Not at Intersection, ,Non-Junction,None,,,         ,Edin,Plancic,Rain,Front to Rear,no,no,no,no,no,False
101150666,VANDERBILT UNIVERSITY POLICE,16-0275612,Davidson,Nashville,3/24/2016 12:50:00 PM,2,0,0,36.146410,-86.807980,25TH AVS,,,,242.00,Feet,North,KENSINGTON PL,,,,0.00,N,Not at Intersection,N,"Driveway, Alley Access, etc",None,,,         ,Yasemine,Lomax,Rain,Other,no,no,no,no,no,Campus
101150671,VANDERBILT UNIVERSITY POLICE,16-0275311,Davidson,Nashville,3/24/2016 11:15:00 AM,3,0,0,36.106540,-86.764560,POWELL AV,,,,0.00,,,POWELL PL,,,,0.00,Y,Four-Way,N,Intersection,None,,,         ,Fred,Oakley,Rain,Angle,no,no,no,no,yes,False
101150740,METROPOLITAN NASHVILLE POLICE DEPT,2016-0272083,Davidson,Nashville,3/23/2016 1:57:00 PM,3,1,0,36.073530,-86.637760,MURFREESBORO PKE,,,,432.00,Feet,South,RURAL HILL RD,,,,0.00,N,Not at Intersection,N,Non-Junction,None,,,         ,William,Whitworth,Clear,Front to Rear,no,no,no,no,no,False
101150749,METROPOLITAN NASHVILLE POLICE DEPT,20160271742,Davidson,Not in City Limit,3/23/2016 12:13:00 PM,3,1,0,36.265850,-86.711040,DULING AV,,,,0.00,,,GALLATIN PKEN,,,,0.00,Y,T-Intersection,N,Intersection,None,,,         ,Peter,Lynch,Clear,Angle,no,no,no,no,no,False
101150761,BERRY HILL POLICE DEPT,16-1033,Davidson,Berry Hill,3/23/2016 12:00:00 AM,2,0,0,36.112270,-86.766380,THOMPSON LN,,,,189.00,Feet,East,BRANSFORD AV,,,,0.00,N,Not at Intersection, ,Non-Junction,None,,,         ,John,Gleixner,Clear,Angle,no,no,no,no,no,False
101150762,BERRY HILL POLICE DEPT,16-1050,Davidson,Nashville,3/24/2016 12:00:00 AM,2,0,0,36.106780,-86.768090,I 65,,,,0.00,,,,,,,79.50,N,Not at Intersection,N,Non-Junction,None,,,         ,John,Gleixner,Cloudy,Angle,no,no,no,no,no,False
101150948,METROPOLITAN NASHVILLE POLICE DEPT,20160276291,Davidson,Nashville,3/24/2016 5:00:00 PM,2,0,0,36.226310,-86.603190,SAUNDERSVILLE RD,,,,0.00,,,SHUTE LN,,,,0.00,Y,T-Intersection, ,Intersection,None,,,         ,Alex,Lampley,Cloudy,Front to Rear,no,no,no,no,no,False
101150975,METROPOLITAN NASHVILLE POLICE DEPT,2016-0268819,Davidson,Nashville,3/22/2016 4:15:00 PM,2,0,0,36.154080,-86.763410,I40 W ENT RAMP,,,,0.00,,,I 40,,,,0.00,Y,Y-Intersection, ,Entrance/Exit Ramp Related,None,,,         ,David,Snowden,Clear,Front to Rear,no,no,no,no,no,False
101151140,METROPOLITAN NASHVILLE POLICE DEPT,20160265981,Davidson,Nashville,3/21/2016 10:00:00 PM,2,0,0,36.229580,-86.760400,EWING DR,,,,344.00,Feet,West,BROADMOOR DR,,,,0.00,N,Not at Intersection, ,Non-Junction,None,,,         ,Christopher,Valdez,Clear,"Sideswipe, Same Direction",no,no,no,no,no,False
101151141,METROPOLITAN NASHVILLE POLICE DEPT,20160268550,Davidson,Nashville,3/22/2016 3:11:00 PM,1,1,0,36.227430,-86.759700,DICKERSON PKE,,,,588.00,Feet,North,HILLHURST DR,,,,0.00,N,Not at Intersection,N,Non-Junction,None,,,         ,Christopher,Valdez,Clear,Not Collision with Motor Vehicle in Transport,no,no,no,no,no,False
101151280,METROPOLITAN NASHVILLE POLICE DEPT,20160275775,Davidson,Goodlettsville,3/24/2016 2:27:00 PM,2,0,0,36.302880,-86.691670,GALLATIN PKEN,,,,69.00,Feet,East,CONFERENCE DR,,,,0.00,N,Not at Intersection, ,"Driveway, Alley Access, etc",None,,,         ,Brandon,Wood,Rain,Angle,no,no,no,no,no,False
101151289,METROPOLITAN NASHVILLE POLICE DEPT,2016-0275257,Davidson,Nashville,3/24/2016 10:48:00 AM,1,0,0,36.094560,-86.613680,CLEARLAKE DRW,,,,59.00,Feet,South,WOOD BRIDGE DR,,,,0.00,N,Not at Intersection,N,Non-Junction,None,,,         ,Jeb,Johnston,Rain,Not Collision with Motor Vehicle in Transport,no,no,no,no,no,False
101151438,METROPOLITAN NASHVILLE POLICE DEPT,20160275537,Davidson,Nashville,3/24/2016 12:48:00 PM,2,0,0,36.171610,-86.768090,I 24,,,,0.00,,,,,,,48.35,N,Not at Intersection, ,Non-Junction,None,,,         ,Randall,Smith,Rain,Front to Rear,no,no,no,no,no,False
101151996,METROPOLITAN NASHVILLE POLICE DEPT,20160276956,Davidson,Nashville,3/24/2016 9:09:00 PM,2,0,0,36.072240,-86.636070,BELL RD,,,,0.00,,,,,,,0.00,,, ,,None,,,         ,Brian,Smith,,,no,no,no,no,no,False
101152219,METROPOLITAN NASHVILLE POLICE DEPT,20160253871,Davidson,Nashville,3/17/2016 7:15:00 PM,2,0,0,36.160820,-86.620840,I 40,,,,0.00,,,,,,,219.60,N,Not at Intersection, ,Non-Junction,None,,,         ,Alex,Lampley,Clear,Front to Rear,no,no,no,no,no,False
101152240,METROPOLITAN NASHVILLE POLICE DEPT,20160193945,Davidson,Nashville,2/28/2016 4:03:00 PM,2,0,0,36.081520,-86.726930,NOLENSVILLE PKE,,,,407.00,Feet,South,WELSHWOOD DR,,,,0.00,N,Not at Intersection, ,Non-Junction,None,,,         ,Miguel,Garcia,Clear,Angle,no,no,no,no,no,False
101152258,METROPOLITAN NASHVILLE POLICE DEPT,20160272479,Davidson,Madison,3/23/2016 4:20:00 PM,2,0,0,36.258360,-86.731070,W MARTHONA RD,,,,208.00,Feet,North,VANTREASE RD,,,,0.00,N,Not at Intersection, ,Non-Junction,None,,,         ,Carlos,Urrutia,Clear,Angle,no,no,no,no,no,False
101152259,METROPOLITAN NASHVILLE POLICE DEPT,20160272897,Davidson,Nashville,3/23/2016 7:09:00 PM,2,1,0,36.238000,-86.785180,I24 W ENT RAMP,,,,0.00,,,I 24,,,,0.00,Y,OTHER,N,Entrance/Exit Ramp Related,None,,,         ,Carlos,Urrutia,Clear,"Sideswipe, Same Direction",no,no,no,no,no,False
101152465,METROPOLITAN NASHVILLE POLICE DEPT,2016-0269083,Davidson,Nashville,3/22/2016 5:48:00 PM,2,0,0,36.157650,-86.773410,KOREAN VETERANS BLVD,,,,0.00,,,3RD AVS,,,,0.00,Y,Four-Way, ,Intersection,None,,,         ,David,Snowden,Clear,Angle,no,no,no,no,no,False
101152475,METROPOLITAN NASHVILLE POLICE DEPT,20160264787,Davidson,Nashville,3/21/2016 2:35:00 PM,1,0,0,36.161770,-86.777680,4TH AVN,,,,251.00,Feet,South,COMMERCE ST,,,,0.00,N,Not at Intersection, ,Non-Junction,None,,,         ,Shawn,Taylor,Clear,Not Collision with Motor Vehicle in Transport,no,no,no,no,no,False
101152494,METROPOLITAN NASHVILLE POLICE DEPT,2016-0275817,Davidson,Nashville,3/24/2016 1:50:00 PM,2,0,0,36.086190,-86.699510,HARDING PL,,,,262.00,Feet,West,I24 W ENT RAMP,,,,0.00,N,Not at Intersection,N,Non-Junction,None,,,         ,William,Whitworth,Cloudy,Front to Rear,no,no,no,no,yes,False
101152748,METROPOLITAN NASHVILLE POLICE DEPT,20160276183,Davidson,Nashville,3/24/2016 4:55:00 PM,3,0,0,36.081100,-86.758360,HARDING PL,,,,0.00,,,TROUSDALE DR,,,,0.00,Y,Four-Way, ,Non-Junction,None,,,         ,Miguel,Garcia,Clear,Front to Rear,no,no,no,no,no,False
101153243,METROPOLITAN NASHVILLE POLICE DEPT,20160260268,Davidson,Nashville,3/19/2016 9:23:00 PM,2,0,1,36.173590,-86.602150,CENTRAL PKE,,,,0.00,,,OLD HICKORY BLVD,,,,0.00,Y,Four-Way,N,Intersection-Related,None,,,16-0175  ,Christopher,Augustin,Clear,Not Collision with Motor Vehicle in Transport,no,no,no,no,yes,False
101153532,METROPOLITAN NASHVILLE POLICE DEPT,2016-0194481,Davidson,Nashville,2/28/2016 10:30:00 PM,1,1,0,36.111340,-86.921690,I40 E ENT RAMP,,,,377.00,Feet,North,OLD HICKORY BLVD,,,,0.00,N,Not at Intersection,Y,Entrance/Exit Ramp Related,None,,,         ,John,Roberson,Clear,Not Collision with Motor Vehicle in Transport,no,no,no,no,no,False
101153652,METROPOLITAN NASHVILLE POLICE DEPT,20160243784,Davidson,Nashville,3/14/2016 12:00:00 AM,2,0,0,36.176410,-86.811060,21ST AVN,,,,198.00,Feet,South,OSAGE ST,,,,0.00,N,Not at Intersection,N,Non-Junction,None,,,         ,Ethan,Usherwood,Clear,"Sideswipe, Same Direction",no,no,no,no,yes,False
101153657,METROPOLITAN NASHVILLE POLICE DEPT,2016-0262583,Davidson,Nashville,3/20/2016 10:52:00 PM,1,0,0,36.152300,-86.797450,WEST END AV,,,,0.00,,,19TH AVN,,,,0.00,,Not at Intersection,N,OtherLocation,None,,,         ,Matthew,Moses,Clear,Not Collision with Motor Vehicle in Transport,no,no,no,yes,no,False
101153672,METROPOLITAN NASHVILLE POLICE DEPT,20160271894,Davidson,Not in City Limit,3/23/2016 12:45:00 PM,2,1,0,36.327620,-86.914990,HARPER RD,,,,822.00,Feet,North,US HWY 41 ALT,,,,0.00,N,Not at Intersection,N,Non-Junction,None,,,         ,Craig,Bega,Clear,Angle,no,no,no,no,no,False
101153821,METROPOLITAN NASHVILLE POLICE DEPT,2016-0239673,Davidson,Nashville,3/13/2016 1:46:00 PM,2,0,0,36.062780,-86.716890,NOLENSVILLE PKE,,,,44.00,Feet,South,FAIRLANE DR,,,,0.00,N,Not at Intersection,N,Non-Junction,None,,,         ,Sean,Williams,Clear,"Sideswipe, Opposite Direction",no,no,no,no,yes,False
101153843,METROPOLITAN NASHVILLE POLICE DEPT,20160275368,Davidson,Nashville,3/24/2016 11:10:00 AM,2,0,0,36.112290,-86.766960,STATE HWY 155,,,,15.00,Feet,East,BRANSFORD AVE,,,,0.00,N,Not at Intersection,N,Non-Junction,None,,,         ,Cecilia,Gomez,Rain,Front to Rear,no,no,no,no,no,False
101153890,METROPOLITAN NASHVILLE POLICE DEPT,20160248579,Davidson,Nashville,3/16/2016 8:42:00 AM,2,0,1,36.089320,-86.650130,MURFREESBORO PKE,,,,99.00,Feet,North,RANSOM PL,,,,0.00,N,Not at Intersection,N,Non-Junction,None,,,16-0157  ,William,Waters,Clear,Front to Rear,no,no,no,no,no,False