master_record_number,agency,agency_tracking_number,county,city,collision_date,vehicles_involved,number_injured,number_dead,latitude,longitude,roadway_name,roadway_suffix,roadway_number,roadway_local_id,distance_from_reference,miles-feet_indicator,direction_from_reference,intersection_road_name,intersection_road_name_suffix,intersection_road_number,intersection_local_id,mile_marker,intersection_indicator,intersect_type,interchange_related_indicator,relation_to_junction,work_zone_type,construction_maintenance_zone,construction_maintenance_zone_location,fatal_case_number,officer_first_name,officer_last_name,weather_condition(s),manner_of_crash,pedestrian,bicycle,scooter,parking,hitrun,mou
101152827,METROPOLITAN NASHVILLE POLICE DEPT,20160288541,Davidson,Nashville,3/28/2016 9:50:00 PM,1,0,0,36.171870,-86.802000,I 40,,,,0.00,,,,,,,207.75,N,Not at Intersection,N,Non-Junction,None,,,         ,Michael,Brooks,Clear,Not Collision with Motor Vehicle in Transport,no,no,no,no,yes,False
101152842,METROPOLITAN NASHVILLE POLICE DEPT,20160288482,Davidson,Not in City Limit,3/28/2016 9:07:00 PM,1,0,0,36.118810,-86.952900,OLD CHARLOTTE PKE,,,,1160.00,Feet,East,OLD CHARLOTTE PVTDR,,,,0.00,N,Not at Intersection,N,Non-Junction,None,,,         ,Jeremy,Huffine,Clear,Not Collision with Motor Vehicle in Transport,no,no,no,no,no,False
101152853,METROPOLITAN NASHVILLE POLICE DEPT,20160288340,Davidson,Nashville,3/28/2016 8:12:00 PM,2,1,0,36.079370,-86.632570,BELL RD,,,,0.00,,,EDGE O LAKE DR,,,,0.00,Y,Four-Way,N,Intersection,None,,,         ,Michael,Apsey,Clear,HeadOn,no,no,no,no,no,False
101152855,METROPOLITAN NASHVILLE POLICE DEPT,2016-0284651,Davidson,Nashville,3/27/2016 2:50:00 PM,3,3,0,36.087400,-86.700960,I 24,,,,0.00,,,,,,,55.60,N,Not at Intersection,N,Non-Junction,None,,,         ,John,Joyce,Cloudy,Angle,no,no,no,no,no,False
101152858,METROPOLITAN NASHVILLE POLICE DEPT,20160288641,Davidson,Not in City Limit,3/28/2016 10:40:00 PM,2,0,0,36.078020,-86.949070,HIGHWAY 70S,,,,0.00,,,BELLEVUE CTR PVTDR,,,,0.00,Y,Four-Way,N,Intersection,None,,,         ,Jackson,Smythe,Clear,Front to Rear,no,no,no,no,no,False
101152881,METROPOLITAN NASHVILLE POLICE DEPT,20160288827,Davidson,Antioch,3/29/2016 12:03:00 AM,2,1,0,36.049317,-86.600001,HOBSON PIKE,PIKE,SR1,,0.00,,,PIN HOOK RD,RD,SR2,,0.00,Y,Four-Way,N,Intersection,None,,,         ,William,Coy,Clear,Angle,no,no,no,no,no,False
101152887,METROPOLITAN NASHVILLE POLICE DEPT,2016-0286070,Davidson,Nashville,3/28/2016 12:00:00 AM,2,0,0,36.073140,-86.732270,EDMONDSON PKE,,,,409.00,Feet,North,WHISPERING HILLS DR,,,,0.00,N,Not at Intersection,N,Non-Junction,None,,,         ,David,Barras,Clear,Angle,no,no,no,yes,yes,False
101152920,METROPOLITAN NASHVILLE POLICE DEPT,20160286571,Davidson,Nashville,3/28/2016 9:34:00 AM,2,0,0,36.168610,-86.600380,OLD HICKORY BLVD,,,,30.00,Feet,East,MILLS RD,,,,0.00,N,Not at Intersection, ,Non-Junction,None,,,         ,James,Curtis,Clear,Angle,no,no,no,no,no,False
101152921,METROPOLITAN NASHVILLE POLICE DEPT,20160287301,Davidson,Nashville,3/28/2016 1:30:00 PM,2,2,0,36.161140,-86.832990,CLARE AV,,,,0.00,,,39TH AVN,,,,0.00,Y,OTHER,N,Non-Junction,None,,,         ,Chase,Burnett,Clear,Angle,no,no,no,no,no,False
101152926,METROPOLITAN NASHVILLE POLICE DEPT,20160289598,Davidson,Nashville,3/29/2016 6:33:00 AM,2,0,0,36.152440,-86.786980,I 40,,,,0.00,,,,,,,209.40,N,Not at Intersection,N,Non-Junction,None,,,         ,Nathan,Kemp,Clear,"Sideswipe, Same Direction",no,no,no,no,no,False
101152928,METROPOLITAN NASHVILLE POLICE DEPT,2016-0287391,Davidson,Goodlettsville,3/28/2016 1:57:00 PM,2,0,0,36.302750,-86.691810,US HWY 31E,,,,0.00,,,CONFERENCE DR,,,,0.00,Y,Four-Way, ,Non-Junction,None,,,         ,Michael,Agee,Clear,Front to Rear,no,no,no,no,no,False
101152934,METROPOLITAN NASHVILLE POLICE DEPT,20160289594,Davidson,Nashville,3/29/2016 6:51:00 AM,2,1,0,36.089250,-86.617590,SMITH SPRINGS RD,,,,155.00,Feet,West,BUTLER RD,,,,0.00,N,Not at Intersection,N,Non-Junction,None,,,         ,MIchael,Mihajlov,Clear,Front to Rear,no,no,no,no,yes,False
101152943,GOODLETTSVILLE POLICE DEPT,16-11391,Davidson,Goodlettsville,3/28/2016 2:24:00 PM,2,0,0,36.309470,-86.695640,VIETNAM VETERANS BLVD SB EXT R,,,,0.00,,,CONFERENCE DR,,,,0.00,Y,T-Intersection, ,Intersection,None,,,         ,John,Spencer,Clear,Front to Rear,no,no,no,no,no,False
101152944,METROPOLITAN NASHVILLE POLICE DEPT,20160289583,Davidson,Nashville,3/29/2016 6:30:00 AM,2,0,0,36.142190,-86.666560,I40 W EXT RAMP,,,,2.00,Feet,East,I 40,,,,0.00,N,Not at Intersection, ,Entrance/Exit Ramp Related,None,,,         ,Larry,Benz,Clear,Front to Rear,no,no,no,no,no,False
101152949,METROPOLITAN NASHVILLE POLICE DEPT,20160289644,Davidson,Nashville,3/29/2016 7:21:00 AM,2,0,0,36.178000,-86.599430,ROCKWOOD DR,,,,56.00,Feet,West,ROCKWOOD PL,,,,0.00,N,Not at Intersection, ,,None,,,         ,James,Curtis,,,no,no,no,no,no,False
101152951,METROPOLITAN NASHVILLE POLICE DEPT,20160289657,Davidson,Nashville,3/29/2016 7:26:00 AM,3,0,0,36.041270,-86.778100,OLD HICKORY BLVD,,,,402.00,Feet,East,FRANKLIN PIKE CIR,,,,0.00,N,Not at Intersection, ,Non-Junction,None,,,         ,Nathan,Kemp,Clear,Front to Rear,no,no,no,no,no,False
101152952,METROPOLITAN NASHVILLE POLICE DEPT,2016-0284392,Davidson,Nashville,3/28/2016 10:00:00 AM,1,0,0,36.071480,-86.636330,BELL RD,,,,148.00,Feet,South,MURFREESBORO PKE,,,,0.00,N,Not at Intersection, ,OtherLocation,None,,,         ,Roderic,Williams,Clear,Not Collision with Motor Vehicle in Transport,no,no,no,no,no,False
101152954,METROPOLITAN NASHVILLE POLICE DEPT,20160287297,Davidson,Nashville,3/28/2016 1:20:00 PM,2,0,0,36.248760,-86.719840,GALLATIN PKES,,,,262.00,Feet,South,E PALESTINE AV,,,,0.00,N,Not at Intersection, ,Non-Junction,None,,,         ,Brian,Otto,Clear,Angle,no,no,no,no,no,False
101152958,GOODLETTSVILLE POLICE DEPT,16-11483,Davidson,Goodlettsville,3/29/2016 6:19:00 AM,2,0,0,36.307470,-86.694770,VIETNAM VETERANS BLVDS,,,,0.00,,,CONFERENCE DR,,,,0.00,Y,OTHER,N,Non-Junction,None,,,         ,Brian,Hajdu,Clear,Front to Rear,no,no,no,no,no,False
101152970,METROPOLITAN NASHVILLE POLICE DEPT,20160289636,Davidson,Nashville,3/29/2016 8:18:00 AM,2,0,0,36.152950,-86.854180,I 40,,,,0.00,,,,,,,204.20,N,Not at Intersection, ,Non-Junction,None,,,         ,Michael,Phelps,Clear,Angle,no,no,no,no,no,False
101152971,GOODLETTSVILLE POLICE DEPT,16-11482,Davidson,Goodlettsville,3/29/2016 6:13:00 AM,2,0,0,36.306270,-86.701490,VIETNAM VETERANS BLVD SB ENT R,,,,0.00,,,VIETNAM VETERANS BLVDN,,,,0.00,Y,Y-Intersection, ,Entrance/Exit Ramp Related,None,,,         ,John,Spencer,Clear,"Sideswipe, Same Direction",no,no,no,no,no,False
101152972,METROPOLITAN NASHVILLE POLICE DEPT,20160286147,Davidson,Nashville,3/28/2016 6:50:00 AM,2,0,0,36.168190,-86.765750,I 24,,,,0.00,,,,,,,48.80,N,Not at Intersection,N,Entrance/Exit Ramp Related,None,,,         ,Brett,Johns,Cloudy,Front to Rear,no,no,no,no,no,False
101152978,METROPOLITAN NASHVILLE POLICE DEPT,20160289696,Davidson,Madison,3/29/2016 7:41:00 AM,2,0,0,36.262210,-86.712210,GALLATIN PKES,,,,0.00,,,E OLD HICKORY BLVD,,,,0.00,Y,T-Intersection, ,,None,,,         ,Eric,Richardson,,,no,no,no,no,no,False
101152981,METROPOLITAN NASHVILLE POLICE DEPT,20160289723,Davidson,Nashville,3/29/2016 7:52:00 AM,2,0,0,36.207640,-86.776330,I 65,,,,0.00,,,,,,,87.40,N,Not at Intersection, ,Non-Junction,None,,,         ,Michael,McCord,Clear,Front to Rear,no,no,no,no,no,False
101152982,METROPOLITAN NASHVILLE POLICE DEPT,2016-0289708,Davidson,Nashville,3/29/2016 7:41:00 AM,2,0,0,36.086860,-86.691770,ANTIOCH PKE,,,,244.00,Feet,South,HARDING PL,,,,0.00,N,Not at Intersection, ,,None,,,         ,Stanley,Collins,,,no,no,no,no,no,False
101152986,METROPOLITAN NASHVILLE POLICE DEPT,20160289837,Davidson,Nashville,3/29/2016 8:40:00 AM,2,0,0,36.058270,-86.677800,I 24,,,,0.00,,,,,,,58.00,N,Not at Intersection, ,,None,,,         ,Steven,Williams,,,no,no,no,no,no,False
101152989,METROPOLITAN NASHVILLE POLICE DEPT,20160289771,Davidson,Nashville,3/29/2016 8:10:00 AM,2,0,0,36.085120,-86.702840,HARDING PL,,,,0.00,,,I24 E EXT RAMP,,,,0.00,Y,OTHER, ,Entrance/Exit Ramp Related,None,,,         ,Paul,Ellis,Clear,Front to Rear,no,no,no,no,no,False
101152996,METROPOLITAN NASHVILLE POLICE DEPT,20160289942,Davidson,Nashville,3/29/2016 8:40:00 AM,2,0,0,36.069870,-86.690800,I24 E EXT RAMP,,,,0.00,,,I 24,,,,0.00,Y,T-Intersection, ,,None,,,         ,Steven,Williams,,,no,no,no,no,no,False
101152999,METROPOLITAN NASHVILLE POLICE DEPT,2016-0289751,Davidson,Nashville,3/29/2016 8:04:00 AM,2,1,0,36.049370,-86.665700,I 24,,,,0.00,,,,,,,58.95,N,Not at Intersection,N,Non-Junction,None,,,         ,William,Whitworth,Clear,Front to Rear,no,no,no,no,no,False
101153001,THP District 9 - Administrative,316018930,Davidson,Nashville,3/28/2016 2:58:00 PM,2,0,0,36.097720,-86.709560,I 24,,,,0.00,,,,,,,54.75,N,Not at Intersection, ,Non-Junction,None,,,         ,Brian,Carmouche,Clear,Front to Rear,no,no,no,no,no,False
101153002,METROPOLITAN NASHVILLE POLICE DEPT,20160289793,Davidson,Nashville,3/29/2016 8:03:00 AM,2,0,0,36.208300,-86.788870,W TRINITY LN,,,,0.00,,,OLD MATTHEWS RD,,,,0.00,Y,T-Intersection,N,Intersection,None,,,         ,Michael,McCord,Clear,Angle,no,no,no,no,yes,False
101153003,METROPOLITAN NASHVILLE POLICE DEPT,2016-0289728,Davidson,Nashville,3/29/2016 8:58:00 AM,2,0,0,36.096490,-86.708280,I 24,,,,0.00,,,,,,,54.85,N,Not at Intersection, ,Non-Junction,None,,,         ,Roderic,Williams,Clear,Front to Rear,no,no,no,no,no,False
101153004,METROPOLITAN NASHVILLE POLICE DEPT,20160289785,Davidson,Nashville,3/29/2016 8:05:00 AM,2,0,0,36.150480,-86.770350,4TH AVS,,,,0.00,,,I40 E EXT RAMP,,,,0.00,Y,Four-Way,Y,Non-Junction,None,,,         ,David,Smith,Clear,Angle,no,no,no,no,no,False
101153011,METROPOLITAN NASHVILLE POLICE DEPT,2016-0289803,Davidson,Nashville,3/29/2016 8:40:00 AM,2,0,0,36.153310,-86.764730,I 40,,,,0.00,,,,,,,210.70,N,Not at Intersection, ,Non-Junction,None,,,         ,Daniel,Massey,Clear,Front to Rear,no,no,no,no,no,False
101153020,METROPOLITAN NASHVILLE POLICE DEPT,20160289882,Davidson,Nashville,3/29/2016 8:59:00 AM,1,0,0,36.111100,-86.788530,WOODMONT BLVD,,,,301.00,Feet,West,LEALAND LN,,,,0.00,N,Not at Intersection, ,Non-Junction,None,,,         ,Nathan,Kemp,Clear,Not Collision with Motor Vehicle in Transport,no,no,no,no,no,False
101153022,METROPOLITAN NASHVILLE POLICE DEPT,20160289716,Davidson,Not in City Limit,3/29/2016 7:35:00 AM,2,0,0,36.071280,-86.941070,BELLEVUE RD,,,,34.00,Feet,North,CREEKSIDE MANOR PVTDR,,,,0.00,N,Not at Intersection, ,Non-Junction,None,,,         ,Benjamin,Cantrell,Clear,Angle,no,no,no,no,no,False
101153024,METROPOLITAN NASHVILLE POLICE DEPT,2016-289845,Davidson,Nashville,3/29/2016 8:30:00 AM,3,0,0,36.172750,-86.765580,MAIN ST,,,,0.00,,,JAMES ROBERTSON PKWY,,,,0.00,Y,OTHER,N,Intersection-Related,None,,,         ,Charles,Coe,Clear,Front to Rear,no,no,no,no,no,False
101153025,METROPOLITAN NASHVILLE POLICE DEPT,20160290018,Davidson,Nashville,3/29/2016 8:20:00 AM,2,0,0,36.086680,-86.698540,I24 W ENT RAMP,,,,0.00,,,I 24,,,,0.00,Y,OTHER, ,Entrance/Exit Ramp Related,None,,,         ,Paul,Ellis,Clear,Front to Rear,no,no,no,no,no,False
101153026,METROPOLITAN NASHVILLE POLICE DEPT,20160289862,Davidson,Nashville,3/29/2016 8:25:00 AM,2,0,0,36.187140,-86.860540,STEWARTS LN,,,,95.00,Feet,North,COUNTY HOSPITAL RD,,,,0.00,N,Not at Intersection, ,Entrance/Exit Ramp Related,None,,,         ,Alan,Jordan,Clear,Angle,no,no,no,no,no,False
101153027,METROPOLITAN NASHVILLE POLICE DEPT,2016-0278978,Davidson,Nashville,3/25/2016 12:08:00 PM,2,1,0,36.241960,-86.757080,DICKERSON PKE,,,,0.00,,,DICKERSON PKE ENT RAMP,,,,0.00,Y,OTHER,Y,Intersection-Related,None,,,         ,Timothy,Powell,Clear,Angle,no,no,no,no,no,False
101153030,METROPOLITAN NASHVILLE POLICE DEPT,20160289891,Davidson,Nashville,3/29/2016 10:03:00 AM,2,0,0,36.053310,-86.775540,I 65,,,,0.00,,,,,,,74.75,N,Not at Intersection, ,Non-Junction,None,,,         ,Sean,Williams,Clear,Not Collision with Motor Vehicle in Transport,no,no,no,no,no,False
101153031,METROPOLITAN NASHVILLE POLICE DEPT,20160289990,Davidson,Nashville,3/29/2016 9:20:00 AM,2,0,0,36.206340,-86.739850,ELVIRA AV,,,,0.00,,,ANDERSON PL,,,,0.00,Y,OTHER, ,Non-Junction,None,,,         ,Martin,Gonzalez,Clear,Front to Rear,no,no,no,no,no,False
101153032,METROPOLITAN NASHVILLE POLICE DEPT,20160289587,Davidson,Nashville,3/29/2016 6:40:00 AM,2,2,0,36.239790,-86.775120,BRILEY PKWYW,,,,0.00,,,,,,,0.00,,,N,Non-Junction,None,,,         ,Seth,Quiles,Clear,"Sideswipe, Same Direction",no,no,no,no,no,False
101153063,METROPOLITAN NASHVILLE POLICE DEPT,20160290057,Davidson,Nashville,3/29/2016 10:00:00 AM,2,0,0,36.254090,-86.716110,GALLATIN PKES,,,,376.00,Feet,North,MADISON SQ,,,,0.00,N,Not at Intersection, ,Non-Junction,None,,,         ,Brian,Otto,Clear,Angle,no,no,no,no,no,False
101153064,METROPOLITAN NASHVILLE POLICE DEPT,2016-0290032,Davidson,Nashville,3/29/2016 9:53:00 AM,2,1,0,36.048250,-86.654670,BELL RD,,,,451.00,Feet,East,HICKORY HOLLOW MALL PVTDR PL,,,,0.00,N,Not at Intersection,N,Non-Junction,None,,,         ,Stanley,Collins,Clear,Front to Rear,no,no,no,no,no,False
101153071,METROPOLITAN NASHVILLE POLICE DEPT,20160290117,Davidson,Nashville,3/29/2016 10:25:00 AM,2,0,0,36.184860,-86.798550,I65 S ENT RAMP,,,,0.00,Feet,East,I 65,,,,0.00,N,Not at Intersection, ,,None,,,         ,Joshua,Baker,,,no,no,no,no,no,False
101153085,METROPOLITAN NASHVILLE POLICE DEPT,20160288423,Davidson,Nashville,3/28/2016 6:50:00 PM,2,0,0,36.091520,-86.704530,I 24,,,,0.00,,,,,,,55.25,N,Not at Intersection,N,Non-Junction,None,,,         ,Benjamin,Froehlich,Clear,Front to Rear,no,no,no,no,no,False
101153086,METROPOLITAN NASHVILLE POLICE DEPT,20160290226,Davidson,Nashville,3/29/2016 11:00:00 AM,2,0,0,36.123050,-86.750310,I 440,,,,0.00,,,,,,,6.35,N,Not at Intersection, ,Non-Junction,None,,,         ,Paul,Ellis,Clear,Front to Rear,no,no,no,no,no,False
101153089,METROPOLITAN NASHVILLE POLICE DEPT,2016-0290161,Davidson,Nashville,3/29/2016 10:40:00 AM,2,0,0,36.153000,-86.857530,I40 W EXT RAMP,,,,0.00,Feet,,I 40,,,,0.00,Y,OTHER,Y,Intersection,None,,,         ,George,Spencer,Clear,Angle,no,no,no,no,no,False
101153103,METROPOLITAN NASHVILLE POLICE DEPT,20160289843,Davidson,Nashville,3/29/2016 8:10:00 AM,2,0,0,36.167670,-86.778630,US HWY 31,,,,0.00,,,2ND AVE N,,,,0.00,Y,T-Intersection,N,Intersection-Related,None,,,         ,Amanda,Hane,Clear,Angle,no,no,no,no,no,False
101153108,METROPOLITAN NASHVILLE POLICE DEPT,20160290264,Davidson,Not in City Limit,3/29/2016 11:15:00 AM,1,0,0,36.276610,-86.799580,I 24,,,,0.00,,,,,,,40.55,N,Not at Intersection,Y,Non-Junction,None,,,         ,Blake,Lutz,Clear,Not Collision with Motor Vehicle in Transport,no,no,no,no,no,False
101153110,METROPOLITAN NASHVILLE POLICE DEPT,2016-0282026,Davidson,Goodlettsville,3/26/2016 1:20:00 PM,2,0,0,36.299790,-86.696600,GALLATIN PKEN,,,,0.00,,,CUDE LN,,,,0.00,Y,Four-Way,Y,Intersection-Related,None,,,         ,Timothy,Powell,Clear,Front to Rear,no,no,no,no,no,False
101153112,METROPOLITAN NASHVILLE POLICE DEPT,20160284921,Davidson,Nashville,3/27/2016 5:30:00 PM,2,3,0,36.237540,-86.780980,BRILEY PKWY E EXT RAMP,,,,0.00,,,BRICK CHURCH PKE,,,,0.00,Y,T-Intersection,Y,Entrance/Exit Ramp Related,None,,,         ,Carlos,Urrutia,Clear,Front to Rear,no,no,no,no,yes,False
101153113,METROPOLITAN NASHVILLE POLICE DEPT,20160287559,Davidson,Nashville,3/28/2016 3:19:00 PM,2,2,0,36.250110,-86.718920,GALLATIN PKES,,,,281.00,Feet,South,MOVING CENTER CT,,,,0.00,N,Not at Intersection,N,Non-Junction,None,,,         ,Carlos,Urrutia,Clear,Front to Rear,no,no,no,no,yes,False
101153149,METROPOLITAN NASHVILLE POLICE DEPT,20160287131,Davidson,Nashville,3/28/2016 12:46:00 PM,2,0,0,36.152780,-86.778760,DREXEL ST,,,,167.00,Feet,East,8TH AVS,,,,0.00,N,Not at Intersection, ,"Driveway, Alley Access, etc",None,,,         ,Charles,Embry,Clear,Angle,no,no,no,no,no,False
101153153,METROPOLITAN NASHVILLE POLICE DEPT,20160290055,Davidson,Nashville,3/29/2016 10:33:00 AM,2,0,0,36.142260,-86.742710,MURFREESBORO PKE,,,,38.00,Feet,East,POLK AV,,,,0.00,N,Not at Intersection, ,Non-Junction,None,,,         ,Jessie,Meadows,Clear,Angle,no,no,no,no,no,False
101153154,METROPOLITAN NASHVILLE POLICE DEPT,20160290242,Davidson,Nashville,3/29/2016 11:29:00 AM,2,0,0,36.055440,-86.674860,I 24,,,,0.00,,,,,,,58.25,N,Not at Intersection,N,Non-Junction,None,,,         ,Jessie,Meadows,Clear,Front to Rear,no,no,no,no,no,False
101153156,METROPOLITAN NASHVILLE POLICE DEPT,2016-0290490,Davidson,Nashville,3/29/2016 12:32:00 PM,2,0,0,36.045330,-86.702200,OLD HICKORY BLVD,,,,154.00,Feet,West,BENZING RD,,,,0.00,N,Not at Intersection, ,Non-Junction,None,,,         ,William,Whitworth,Clear,Front to Rear,no,no,no,no,no,False
101153172,METROPOLITAN NASHVILLE POLICE DEPT,20160289713,Davidson,Not in City Limit,3/29/2016 7:45:00 AM,2,0,0,36.158040,-86.576540,HAGARS GROVE PASS,,,,0.00,,,JOHN HAGAR RD,,,,0.00,,Not at Intersection,N,Non-Junction,None,,,         ,Candice,Soper,Clear,Front to Rear,no,no,no,yes,yes,False
101153189,METROPOLITAN NASHVILLE POLICE DEPT,20160290270,Davidson,Nashville,3/29/2016 11:16:00 AM,2,1,0,36.201820,-86.776600,I 65,,,,0.00,,,,,,,87.00,N,Not at Intersection,N,Non-Junction,None,,,         ,Citlaly,Juarez,Clear,Front to Rear,no,no,no,no,no,False
101153193,METROPOLITAN NASHVILLE POLICE DEPT,20160290306,Davidson,Nashville,3/29/2016 12:00:00 AM,2,0,0,36.179720,-86.842920,SNELL BLVD,,,,166.00,Feet,West,HOLLAND LN,,,,0.00,N,Not at Intersection,N,Non-Junction,None,,,         ,William,Caillouette,Unknown,Angle,no,no,no,no,yes,False
101153196,METROPOLITAN NASHVILLE POLICE DEPT,20160290480,Davidson,Nashville,3/29/2016 12:59:00 PM,2,0,0,36.176950,-86.775280,SPRING ST,,,,206.00,Feet,West,N 1ST ST,,,,0.00,N,Not at Intersection, ,Non-Junction,None,,,         ,Michael,Johnson,Clear,Front to Rear,no,no,no,no,no,False
101153199,METROPOLITAN NASHVILLE POLICE DEPT,20160290637,Davidson,Nashville,3/29/2016 1:15:00 PM,2,0,0,36.166880,-86.779430,3RD AVN,,,,0.00,,,CHARLOTTE AV,,,,0.00,Y,T-Intersection, ,Intersection,None,,,         ,Clint,Gilleland,Clear,"Sideswipe, Same Direction",no,no,no,no,no,False
101153203,METROPOLITAN NASHVILLE POLICE DEPT,20160290439,Davidson,Nashville,3/29/2016 12:22:00 PM,2,0,0,36.174800,-86.794350,MONROE ST,,,,162.00,Feet,West,9TH AVN,,,,0.00,N,Not at Intersection, ,,None,,,         ,Rodney,Clark,,,no,no,no,no,no,False
101153205,METROPOLITAN NASHVILLE POLICE DEPT,2016-0290456,Davidson,Not in City Limit,3/29/2016 12:21:00 PM,2,2,0,36.263490,-86.711770,GALLATIN PKEN,,,,121.00,Feet,South,OLD TIME VILLAGE PVTDR,,,,0.00,N,Not at Intersection,N,Non-Junction,None,,,         ,Michael,Agee,Clear,Front to Rear,no,no,no,no,no,False
101153228,METROPOLITAN NASHVILLE POLICE DEPT,20160290498,Davidson,Nashville,3/29/2016 12:42:00 PM,2,2,0,36.152300,-86.797450,WEST END AV,,,,0.00,,,19TH AVN,,,,0.00,Y,Four-Way,N,Intersection-Related,None,,,         ,Phillip,Murphy,Clear,Front to Rear,no,no,no,no,no,False
101153235,METROPOLITAN NASHVILLE POLICE DEPT,20160290578,Davidson,Nashville,3/29/2016 1:05:00 PM,3,0,0,36.173550,-86.791570,ROSA L PARKS BLVD,,,,114.00,Feet,North,JEFFERSON ST,,,,0.00,N,Not at Intersection, ,Non-Junction,None,,,         ,Spencer,Pittman,Clear,Front to Rear,no,no,no,no,no,False
101153250,METROPOLITAN NASHVILLE POLICE DEPT,20160290756,Davidson,Nashville,3/29/2016 2:20:00 PM,2,0,0,36.186260,-86.630130,CENTRAL PKE,,,,399.00,Feet,South,LEBANON PKE,,,,0.00,N,Not at Intersection, ,Non-Junction,None,,,         ,William,Mckay,Clear,"Sideswipe, Same Direction",no,no,no,no,no,False
101153251,METROPOLITAN NASHVILLE POLICE DEPT,20160287247,Davidson,Nashville,3/28/2016 1:13:00 PM,2,0,0,36.103560,-86.772610,GLEN LEVEN DR,,,,0.00,,,FRANKLIN PKE,,,,0.00,Y,T-Intersection,N,Intersection-Related,None,,,         ,Phillip,Murphy,Clear,Front to Rear,no,no,no,no,no,False
101153279,METROPOLITAN NASHVILLE POLICE DEPT,20160279731,Davidson,Not in City Limit,3/25/2016 4:57:00 PM,2,0,0,36.278230,-86.800870,I 24,,,,0.00,,,,,,,40.50,N,Not at Intersection,N,Non-Junction,None,,,         ,Samuel,Miller,Clear,Front to Rear,no,no,no,no,no,False
101153287,METROPOLITAN NASHVILLE POLICE DEPT,20160290788,Davidson,Antioch,3/29/2016 2:42:00 PM,1,0,0,36.025470,-86.587420,MURFREESBORO RD,,,,437.00,Feet,North,WALDRON RD,,,,0.00,N,Not at Intersection, ,Non-Junction,None,,,         ,Jessie,Meadows,Clear,Not Collision with Motor Vehicle in Transport,no,no,no,no,no,False
101153314,METROPOLITAN NASHVILLE POLICE DEPT,20160290860,Davidson,Nashville,3/29/2016 2:51:00 PM,2,0,0,36.148480,-86.793490,CHET ATKINS PL,,,,0.00,,,MUSIC SQW,,,,0.00,Y,Four-Way, ,Intersection-Related,None,,,         ,Tien,Nguyen,Clear,Angle,no,no,no,no,no,False
101153315,METROPOLITAN NASHVILLE POLICE DEPT,20160290949,Davidson,Nashville,3/29/2016 3:21:00 PM,2,2,0,36.160310,-86.794630,CHARLOTTE AV,,,,260.00,Feet,East,15TH AVN,,,,0.00,N,Not at Intersection,N,Non-Junction,None,,,         ,Tien,Nguyen,Clear,"Sideswipe, Same Direction",no,no,no,no,no,False
101153317,METROPOLITAN NASHVILLE POLICE DEPT,2016-0288265,Davidson,Nashville,3/28/2016 7:39:00 PM,1,1,0,36.120050,-86.802660,I 440,,,,0.00,,,,,,,3.00,N,Not at Intersection,N,Non-Junction,None,,,         ,Austin,Kendrick,Clear,Not Collision with Motor Vehicle in Transport,no,no,no,no,no,False
101153329,METROPOLITAN NASHVILLE POLICE DEPT,20160290920,Davidson,Nashville,3/29/2016 2:55:00 PM,2,0,0,36.152850,-86.765320,I 40,,,,0.00,,,,,,,210.65,N,Not at Intersection, ,Non-Junction,None,,,         ,John,Kelley,Clear,"Sideswipe, Same Direction",no,no,no,no,no,False
101153330,METROPOLITAN NASHVILLE POLICE DEPT,20160290982,Davidson,Nashville,3/29/2016 3:30:00 PM,2,0,0,36.197210,-86.619970,LEBANON PKE EB EXT RAMP,,,,0.00,Feet,East,OLD HICKORY BLVD,,,,0.00,N,Not at Intersection, ,OtherLocation,None,,,         ,Christopher,Mackey,Clear,Front to Rear,no,no,no,no,no,False
101153336,METROPOLITAN NASHVILLE POLICE DEPT,20160290929,Davidson,Nashville,3/29/2016 3:15:00 PM,2,0,0,36.136030,-86.808300,26TH AVS,,,,51.00,Feet,North,ACKLEN AV,,,,0.00,N,Not at Intersection,N,Non-Junction,None,,,         ,Eric,Burford,Clear,"Sideswipe, Opposite Direction",no,no,no,no,yes,Campus
101153338,METROPOLITAN NASHVILLE POLICE DEPT,20160290978,Davidson,Nashville,3/29/2016 3:24:00 PM,2,0,0,36.098150,-86.724230,MCCALL ST,,,,147.00,Feet,West,DUMAS DR,,,,0.00,N,Not at Intersection, ,Non-Junction,None,,,         ,Jarret,Sonnenberg,Clear,Rear to Side,no,no,no,no,no,False
101153339,METROPOLITAN NASHVILLE POLICE DEPT,20160290903,Davidson,Nashville,3/29/2016 3:00:00 PM,1,0,0,36.154870,-86.758800,HERMITAGE AV,,,,100.00,Feet,West,DRIFTWOOD ST,,,,0.00,N,Not at Intersection,N,Non-Junction,None,,,         ,Felipe,Pereira,Clear,Not Collision with Motor Vehicle in Transport,no,no,no,no,no,False
101153344,METROPOLITAN NASHVILLE POLICE DEPT,20160290911,Davidson,Nashville,3/29/2016 4:01:00 PM,2,0,0,36.121100,-86.726730,I440 W ENT RAMP,,,,0.00,Feet,East,I 24,,,,0.00,N,Not at Intersection, ,Non-Junction,None,,,         ,Jessie,Meadows,Clear,"Sideswipe, Same Direction",no,no,no,no,no,False