master_record_number,agency,agency_tracking_number,county,city,collision_date,vehicles_involved,number_injured,number_dead,latitude,longitude,roadway_name,roadway_suffix,roadway_number,roadway_local_id,distance_from_reference,miles-feet_indicator,direction_from_reference,intersection_road_name,intersection_road_name_suffix,intersection_road_number,intersection_local_id,mile_marker,intersection_indicator,intersect_type,interchange_related_indicator,relation_to_junction,work_zone_type,construction_maintenance_zone,construction_maintenance_zone_location,fatal_case_number,officer_first_name,officer_last_name,weather_condition(s),manner_of_crash,pedestrian,bicycle,scooter,parking,hitrun,mou
101154962,METROPOLITAN NASHVILLE POLICE DEPT,20160298340,Davidson,Nashville,3/31/2016 4:30:00 PM,2,0,0,36.129870,-86.715190,MURFREESBORO PKE,,,,201.00,Feet,West,MILLWOOD DR,,,,0.00,N,Not at Intersection, ,Non-Junction,None,,,         ,Brian,Theriac,Rain,Front to Rear,no,no,no,no,no,False
101154969,METROPOLITAN NASHVILLE POLICE DEPT,20160298637,Davidson,Nashville,3/31/2016 5:47:00 PM,2,0,0,36.073380,-86.693060,LINBAR DR,,,,50.00,Feet,North,MELMACK DR,,,,0.00,N,Not at Intersection,N,Non-Junction,None,,,         ,Jared,Jenkins,Rain,Front to Rear,no,no,no,no,no,False
101154971,METROPOLITAN NASHVILLE POLICE DEPT,20160298156,Davidson,Nashville,3/31/2016 3:30:00 PM,2,0,0,36.156510,-86.794530,16TH AVN,,,,0.00,,,CHURCH ST,,,,0.00,Y,T-Intersection, ,Intersection,None,,,         ,Nathan,Dungan,Rain,Angle,no,no,no,no,no,False
101154984,METROPOLITAN NASHVILLE POLICE DEPT,20160298542,Davidson,Nashville,3/31/2016 5:20:00 PM,2,0,0,36.153710,-86.844370,I 40,,,,0.00,,,,,,,204.70,N,Not at Intersection,N,Non-Junction,None,,,         ,Mark,Hatt,Rain,Front to Rear,no,no,no,no,yes,False
101154985,METROPOLITAN NASHVILLE POLICE DEPT,2016-0293309,Davidson,Nashville,3/30/2016 6:54:00 AM,2,0,0,36.231660,-86.700610,BRILEY PKWYS,,,,0.00,Feet,East,MUSIC VALLEY DR,,,,0.00,N,Not at Intersection,N,Non-Junction,None,,,         ,Jeb,Johnston,Cloudy,"Sideswipe, Same Direction",no,no,no,no,yes,False
101154986,METROPOLITAN NASHVILLE POLICE DEPT,20160298630,Davidson,Nashville,3/31/2016 6:02:00 PM,2,0,0,36.099060,-86.838850,ESTES RD,,,,1450.00,Feet,South,HOBBS RD,,,,0.00,N,Not at Intersection, ,Non-Junction,None,,,         ,Ryan,Allen,Cloudy,Angle,no,no,no,no,no,False
101154987,METROPOLITAN NASHVILLE POLICE DEPT,2016-0298791,Davidson,Nashville,3/31/2016 6:41:00 PM,2,0,0,36.136310,-86.822150,WEST END AV,,,,0.00,,,I440 E EXT RAMP,,,,0.00,Y,OTHER, ,Entrance/Exit Ramp Related,None,,,         ,Ryan,Allen,Clear,Front to Rear,no,no,no,no,no,False
101154992,METROPOLITAN NASHVILLE POLICE DEPT,20160298673,Davidson,Nashville,3/31/2016 6:15:00 PM,3,0,0,36.050730,-86.673220,BLUE HOLE RD,,,,13.00,Feet,South,TIMBERLAKE WAY,,,,0.00,N,Not at Intersection, ,Non-Junction,None,,,         ,Oscar,Gomez,Cloudy,Front to Rear,no,no,no,no,no,False
101154994,METROPOLITAN NASHVILLE POLICE DEPT,20160298893,Davidson,Antioch,3/31/2016 12:00:00 AM,2,4,0,36.025470,-86.587420,MURFREESBORO RD,,,,125.00,Feet,South,MT VIEW RD,,,,0.00,N,Not at Intersection,N,Non-Junction,None,,,         ,Larry,Preuett,Clear,HeadOn,no,no,no,no,no,False
101155009,METROPOLITAN NASHVILLE POLICE DEPT,20160298755,Davidson,Nashville,3/31/2016 7:26:00 PM,2,0,0,36.157440,-86.759820,I 24,,,,0.00,,,,,,,49.65,N,Not at Intersection, ,Non-Junction,None,,,         ,Marcus,Darden,Clear,Front to Rear,no,no,no,no,no,False
101155018,METROPOLITAN NASHVILLE POLICE DEPT,2016-0296686,Davidson,Nashville,3/31/2016 5:40:00 AM,2,1,0,36.161580,-86.783890,ROSA L PARKS AV,,,,0.00,,,CHURCH ST,,,,0.00,Y,Four-Way,N,Intersection,None,,,         ,Travis,Baxter,Rain,Angle,no,no,no,no,no,False
101155024,METROPOLITAN NASHVILLE POLICE DEPT,20160298119,Davidson,Nashville,3/31/2016 3:19:00 PM,2,1,0,36.211000,-86.838930,CLARKSVILLE PKE,,,,0.00,Feet,,FAIRVIEW DR,,,,0.00,Y,Four-Way,N,Intersection,None,,,         ,Michael,Brooks,Cloudy,Angle,no,no,no,no,no,False
101155025,METROPOLITAN NASHVILLE POLICE DEPT,20160298239,Davidson,Nashville,3/31/2016 2:51:00 PM,2,0,0,36.191820,-86.781880,I 65,,,,0.00,,,,,,,86.20,N,Not at Intersection,N,Non-Junction,None,,,         ,Michael,Brooks,Cloudy,"Sideswipe, Same Direction",no,no,no,no,yes,False
101155026,METROPOLITAN NASHVILLE POLICE DEPT,20160298415,Davidson,Nashville,3/31/2016 4:55:00 PM,2,1,0,36.237800,-86.787110,I24 E EXT RAMP,,,,0.00,,,BRILEY PKWYE,,,,0.00,Y,OTHER,Y,Entrance/Exit Ramp Related,None,,,         ,Michael,Brooks,Rain,Angle,no,no,no,no,no,False
101155027,METROPOLITAN NASHVILLE POLICE DEPT,20160298519,Davidson,Nashville,3/31/2016 5:14:00 PM,2,0,0,36.188600,-86.822620,CLARKSVILLE PKE,,,,178.00,Feet,East,ROSA L PARKS BLVD,,,,0.00,N,Not at Intersection, ,Non-Junction,None,,,         ,Michael,Brooks,Rain,"Sideswipe, Same Direction",no,no,no,no,no,False
101155028,METROPOLITAN NASHVILLE POLICE DEPT,20160298656,Davidson,Nashville,3/31/2016 5:39:00 PM,2,0,0,36.157110,-86.803610,CHARLOTTE AV,,,,0.00,,,20TH AVN,,,,0.00,Y,OTHER, ,Intersection,None,,,         ,Michael,Brooks,Rain,Front to Rear,no,no,no,no,no,False
101155029,METROPOLITAN NASHVILLE POLICE DEPT,20160298953,Davidson,Nashville,3/31/2016 8:21:00 PM,2,0,0,36.158070,-86.799960,CHARLOTTE AV,,,,27.00,Feet,East,DR D B TODD JR BLVD,,,,0.00,N,Not at Intersection,N,Non-Junction,None,,,         ,Michael,Brooks,Cloudy,Front to Rear,no,no,no,no,no,False
101155038,METROPOLITAN NASHVILLE POLICE DEPT,20160298138,Davidson,Not in City Limit,3/31/2016 3:26:00 PM,2,0,0,36.263910,-86.707410,STATE RT 45,,,,0.00,,,KATE ST,,,,0.00,Y,T-Intersection,N,Intersection,None,,,         ,Samuel,Miller,Cloudy,Front to Rear,no,no,no,no,no,False
101155039,METROPOLITAN NASHVILLE POLICE DEPT,20160298913,Davidson,Not in City Limit,3/31/2016 8:04:00 PM,1,0,0,36.336420,-86.776990,LICKTON PKE,,,,651.00,Feet,East,UNION HILL RD,,,,0.00,N,Not at Intersection,N,Non-Junction,None,,,         ,Samuel,Miller,Cloudy,Not Collision with Motor Vehicle in Transport,no,no,no,no,no,False
101155042,METROPOLITAN NASHVILLE POLICE DEPT,20160298661,Davidson,Nashville,3/31/2016 6:38:00 PM,2,0,0,36.247430,-86.681600,NEELYS BEND RD,,,,0.00,,,SIOUX TER,,,,0.00,Y,T-Intersection, ,Non-Junction,None,,,         ,Samuel,Miller,Cloudy,Front to Rear,no,no,no,no,no,False
101155047,METROPOLITAN NASHVILLE POLICE DEPT,2016-0298526,Davidson,Nashville,3/31/2016 5:24:00 PM,3,0,0,36.033170,-86.775020,CHURCH STE,,,,1900.00,Feet,West,CLOVERLAND DR,,,,0.00,N,Not at Intersection, ,Non-Junction,None,,,         ,William,King,Rain,Front to Rear,no,no,no,no,no,False
101155058,METROPOLITAN NASHVILLE POLICE DEPT,20160298854,Davidson,Nashville,3/31/2016 7:25:00 PM,2,0,0,36.086360,-86.696010,S PERIMETER PARK,,,,0.00,,South,,,,,0.01,N,Not at Intersection,N,Non-Junction,None,,,         ,Benjamin,Froehlich,Rain,Angle,no,no,no,no,yes,False
101155059,METROPOLITAN NASHVILLE POLICE DEPT,20160286069,Davidson,Nashville,3/28/2016 12:00:00 AM,2,0,0,36.225130,-86.695000,BRILEY PKWYS,,,,317.00,Feet,North,MUSIC VALLEY DR,,,,0.00,N,Not at Intersection,Y,Non-Junction,None,,,         ,Sean,Wuethrich,Clear,Front to Rear,no,no,no,no,yes,False
101155061,METROPOLITAN NASHVILLE POLICE DEPT,20160294865,Davidson,Nashville,3/30/2016 3:48:00 PM,3,0,0,36.152330,-86.766510,I 40,,,,0.00,,,,,,,210.60,N,Not at Intersection,N,Non-Junction,None,,,         ,John,Daugherty,Clear,Front to Rear,no,no,no,no,no,False
101155062,METROPOLITAN NASHVILLE POLICE DEPT,20160298438,Davidson,Nashville,3/31/2016 4:55:00 PM,1,1,0,36.234670,-86.703270,BRILEY PKWYE,,,,1038.00,Feet,South,BRILEY PKWYW,,,,0.00,N,Not at Intersection,N,Non-Junction,None,,,         ,John,Daugherty,Rain,Not Collision with Motor Vehicle in Transport,no,no,no,no,no,False
101155063,METROPOLITAN NASHVILLE POLICE DEPT,20160298478,Davidson,Nashville,3/31/2016 5:12:00 PM,3,0,0,36.149640,-86.747910,I 40,,,,0.00,,,,,,,211.75,N,Not at Intersection,N,Non-Junction,None,,,         ,John,Daugherty,Rain,Front to Rear,no,no,no,no,yes,False
101155066,GOODLETTSVILLE POLICE DEPT,16-11806,Davidson,Goodlettsville,3/31/2016 5:39:00 PM,3,1,0,36.330819,-86.715823,US HWY 31/41W,,US31/41W,,0.20,Miles,North,DORRIS AVE,,,,0.00,N,Not at Intersection,N,Non-Junction,None,,,         ,Daniel,Knalls,Rain,Front to Rear,no,no,no,no,no,False
101155094,METROPOLITAN NASHVILLE POLICE DEPT,20160299310,Davidson,Nashville,3/31/2016 12:00:00 AM,2,1,0,36.143310,-86.882830,I 40,,,,0.00,,,,,,,202.35,N,Not at Intersection,N,Non-Junction,None,,,         ,Jeffrey,Barfield,Rain,Not Collision with Motor Vehicle in Transport,no,no,no,no,no,False
101155100,METROPOLITAN NASHVILLE POLICE DEPT,20160299463,Davidson,Nashville,3/31/2016 12:00:00 AM,2,0,0,36.061550,-86.681510,I 24,,,,0.00,,,,,,,57.70,N,Not at Intersection, ,Non-Junction,None,,,         ,Tyler,Adcock,Rain,"Sideswipe, Same Direction",no,no,no,no,no,False
101155101,METROPOLITAN NASHVILLE POLICE DEPT,20160296751,Davidson,Nashville,3/31/2016 5:58:00 AM,2,1,0,36.209900,-86.872690,-- UNKNOWN RAMP/ROAD --,,,,0.00,Feet,,RAMP,,,,0.00,Y,OTHER,Y,Intersection-Related,None,,,         ,Jordan,Vrbas,Rain,Angle,no,no,no,no,no,False
101155104,METROPOLITAN NASHVILLE POLICE DEPT,20160299431,Davidson,Nashville,3/31/2016 11:15:00 PM,3,0,0,36.056610,-86.676080,I 24,,,,0.00,,,,,,,58.15,N,Not at Intersection, ,Non-Junction,None,,,         ,Douglas,Sykes,Rain,Other,no,no,no,no,no,False
101155107,METROPOLITAN NASHVILLE POLICE DEPT,20160299457,Davidson,Nashville,3/31/2016 11:25:00 PM,3,0,0,36.061640,-86.681610,I 24,,,,0.00,,,,,,,57.70,N,Not at Intersection,N,Non-Junction,None,,,         ,Blaze,Williams,Rain,"Sideswipe, Same Direction",no,no,no,no,no,False
101155111,METROPOLITAN NASHVILLE POLICE DEPT,20160299412,Davidson,Nashville,3/31/2016 11:26:00 PM,1,0,0,36.050010,-86.666820,I 24,,,,0.00,,,,,,,58.85,N,Not at Intersection,N,Non-Junction,None,,,         ,David,Moser,Rain,Not Collision with Motor Vehicle in Transport,no,no,no,no,no,False
101155115,METROPOLITAN NASHVILLE POLICE DEPT,20160299450,Davidson,Nashville,3/31/2016 11:19:00 PM,2,0,0,36.045730,-86.674350,STATE HWY 254,,,,0.00,,,BLUE HOLE RD,,,,0.00,Y,Four-Way,N,Intersection-Related,None,,,         ,richard,haley,Rain,"Sideswipe, Same Direction",no,no,no,no,yes,False
101155116,METROPOLITAN NASHVILLE POLICE DEPT,20160299338,Davidson,Nashville,3/31/2016 10:50:00 PM,2,2,0,36.063650,-86.683390,I 24,,,,0.00,,,,,,,57.50,N,Not at Intersection,N,Non-Junction,None,,,         ,Sandra,Fly,Rain,Unknown,no,no,no,no,no,False
101155117,METROPOLITAN NASHVILLE POLICE DEPT,20160299655,Davidson,Nashville,3/31/2016 10:00:00 PM,2,0,0,36.045370,-86.713260,NOLENSVILLE PKE,,,,0.00,Feet,,OLD HICKORY BLVD,,,,0.00,Y,Four-Way,N,Intersection-Related,None,,,         ,Autumn,Manning,Rain,"Sideswipe, Same Direction",no,no,no,no,yes,False
101155121,METROPOLITAN NASHVILLE POLICE DEPT,20160296767,Davidson,Not in City Limit,3/31/2016 6:15:00 AM,1,0,0,36.118470,-87.001380,OLD CHARLOTTE PKE,,,,255.00,Feet,East,POND CREEK RD,,,,0.00,N,Not at Intersection, ,Non-Junction,None,,,         ,Aaron,Wigginton,Rain,Not Collision with Motor Vehicle in Transport,no,no,no,no,no,False
101155132,METROPOLITAN NASHVILLE POLICE DEPT,20160296791,Davidson,Nashville,3/31/2016 6:18:00 AM,2,0,0,36.054820,-86.728810,MCMURRAY DR,,,,338.00,Feet,East,HILSON RD,,,,0.00,N,Not at Intersection,N,Non-Junction,None,,,         ,Marc,Haugen,Rain,Angle,no,no,no,no,yes,False
101155229,GOODLETTSVILLE POLICE DEPT,16-11547,Davidson,Goodlettsville,3/29/2016 4:34:00 PM,2,0,0,36.324035,-86.704080,,,I65,,0.00,,,LONG HOLLOW PIKE,,SR174,,0.00,Y,Four-Way, ,Intersection,None,,,         ,John,Spencer,Clear,Front to Rear,no,no,no,no,no,False
101155231,METROPOLITAN NASHVILLE POLICE DEPT,20160298050,Davidson,Nashville,3/31/2016 2:37:00 PM,2,0,0,36.138730,-86.665570,DONELSON PKE,,,,121.00,Feet,South,I40 E ENT RAMP,,,,0.00,N,Not at Intersection,N,Non-Junction,None,,,         ,Wesley,Young,Cloudy,"Sideswipe, Same Direction",no,no,no,no,no,False
101155235,METROPOLITAN NASHVILLE POLICE DEPT,2016-0297956,Davidson,Nashville,3/31/2016 2:40:00 PM,2,0,0,36.202710,-86.776660,I 65,,,,0.00,,,,,,,87.05,N,Not at Intersection, ,Non-Junction,None,,,         ,Brett,Johns,Cloudy,"Sideswipe, Same Direction",no,no,no,no,no,False
101155288,METROPOLITAN NASHVILLE POLICE DEPT,20160290597,Davidson,Nashville,3/29/2016 1:10:00 PM,2,1,0,36.153960,-86.818220,28TH AVN,,,,0.00,,,CHARLOTTE AV,,,,0.00,Y,Four-Way,N,Intersection,None,,,         ,Darryl,Morton,Clear,Front to Rear,no,no,no,no,no,False
101155340,METROPOLITAN NASHVILLE POLICE DEPT,20160301065,Davidson,Nashville,3/31/2016 11:16:00 PM,1,0,0,36.047430,-86.662350,I 24,,,,0.00,,,,,,,59.20,N,Not at Intersection, ,Non-Junction,None,,,         ,Jessie,Meadows,Rain,Not Collision with Motor Vehicle in Transport,no,no,no,no,no,False
101155455,METROPOLITAN NASHVILLE POLICE DEPT,20160297588,Davidson,Not in City Limit,3/31/2016 12:03:00 PM,2,0,0,36.264100,-86.724180,OLD HICKORY BLVDW,,,,0.00,Feet,,HERITAGE DR,,,,0.00,Y,T-Intersection,N,Intersection,None,,,         ,Jack,Crouch,Clear,Front to Rear,no,no,no,no,no,False
101155472,METROPOLITAN NASHVILLE POLICE DEPT,20160296969,Davidson,Nashville,3/31/2016 7:55:00 AM,4,1,0,36.041590,-86.782440,I 65,,,,0.00,,,,,,,74.75,N,Not at Intersection,N,Non-Junction,None,,,         ,Phillip,Murphy,Rain,Front to Rear,no,no,no,no,no,False
101155539,METROPOLITAN NASHVILLE POLICE DEPT,20160298432,Davidson,Nashville,3/31/2016 5:00:00 PM,3,0,0,36.110340,-86.800940,GRAYBAR LN,,,,175.00,Feet,West,BELMONT BLVD,,,,0.00,N,Not at Intersection,N,Non-Junction,None,,,         ,Clyde,Stambaugh,Rain,Front to Rear,no,no,no,no,no,False
101155564,GOODLETTSVILLE POLICE DEPT,16-11550,Davidson,Goodlettsville,3/29/2016 4:48:00 PM,2,0,0,0.000000,0.000000,,,I65,,600.00,Feet,North,,,,,97.00,N,Not at Intersection,N,Non-Junction,None,,,         ,Timothy,Williams,Clear,Front to Rear,no,no,no,no,no,False
101155615,METROPOLITAN NASHVILLE POLICE DEPT,2016-0298651,Davidson,Nashville,3/31/2016 6:40:00 PM,2,0,0,36.206440,-86.775830,W TRINITY LN,,,,0.00,,,I65 N ENT RAMP,,,,0.00,Y,Y-Intersection,Y,Entrance/Exit Ramp Related,None,,,         ,Jonathan,Hadley,Clear,Front to Rear,no,no,no,no,no,False
101155773,METROPOLITAN NASHVILLE POLICE DEPT,2016-0299178,Davidson,Not in City Limit,3/31/2016 8:55:00 PM,2,0,0,36.051570,-86.966160,FORREST OAKS DR,,,,95.00,Feet,West,FORREST OAKS PL,,,,0.00,N,Not at Intersection, ,Non-Junction,None,,,         ,William,McDaniel,Cloudy,Rear to Side,no,no,no,no,no,False
101155857,METROPOLITAN NASHVILLE POLICE DEPT,20160298510,Davidson,Not in City Limit,3/31/2016 5:34:00 PM,3,0,0,36.264420,-86.737570,I 65,,,,0.00,,,,,,,92.25,N,Not at Intersection,N,Non-Junction,None,,,         ,Samuel,Miller,Cloudy,Front to Rear,no,no,no,no,no,False
101155893,METROPOLITAN NASHVILLE POLICE DEPT,20160296688,Davidson,Nashville,3/31/2016 5:23:00 AM,2,2,0,36.174730,-86.614260,CENTRAL PKE,,,,0.00,Feet,,DODSON CHAPEL RD,,,,0.00,Y,Four-Way,N,Intersection,None,,,         ,Ashley,Arnold,Rain,Angle,no,no,no,no,no,False
101156030,METROPOLITAN NASHVILLE POLICE DEPT,2016-0296854,Davidson,Nashville,3/31/2016 6:56:00 AM,3,0,0,36.179460,-86.678160,MCGAVOCK PKE,,,,0.00,,,LUMAR LN,,,,0.00,Y,Four-Way,N,Intersection,None,,,         ,Jeb,Johnston,Rain,Front to Rear,no,no,no,no,no,False
101156056,METROPOLITAN NASHVILLE POLICE DEPT,2016-0297870,Davidson,Nashville,3/31/2016 1:38:00 PM,2,0,0,36.152620,-86.721680,SPENCE LN,,,,401.00,Feet,South,LEBANON PKE,,,,0.00,N,Not at Intersection,N,Non-Junction,None,,,         ,Jeb,Johnston,Clear,Angle,no,no,no,no,no,False
101156146,METROPOLITAN NASHVILLE POLICE DEPT,20160287659,Davidson,Not in City Limit,3/28/2016 3:41:00 PM,2,0,0,36.260370,-86.712860,HICKORY ST,,,,0.00,,,GALLATIN PKES,,,,0.00,Y,T-Intersection, ,Intersection-Related,None,,,         ,Carlos,Urrutia,Clear,Front to Rear,no,no,no,no,no,False
101156147,METROPOLITAN NASHVILLE POLICE DEPT,20160287828,Davidson,Nashville,3/28/2016 4:04:00 PM,2,0,0,36.240470,-86.673180,NEELYS BEND RD,,,,0.00,,,NEELYS BEND CIR,,,,0.00,Y,Y-Intersection, ,Intersection-Related,None,,,         ,Carlos,Urrutia,Clear,Front to Rear,no,no,no,no,no,False
101156148,METROPOLITAN NASHVILLE POLICE DEPT,20160287927,Davidson,Madison,3/28/2016 5:17:00 PM,2,0,0,36.263180,-86.713090,OLD HICKORY BLVDW,,,,0.00,,,OLD TIME VILLAGE PVTDR,,,,0.00,Y,OTHER, ,Non-Junction,None,,,         ,Carlos,Urrutia,Clear,Angle,no,no,no,no,no,False
101156234,METROPOLITAN NASHVILLE POLICE DEPT,20160279395,Davidson,Nashville,3/25/2016 2:55:00 PM,2,0,0,36.046110,-86.660740,I24 E EXT RAMP,,,,0.00,Feet,East,I 24,,,,0.00,N,Not at Intersection,N,Non-Junction,None,,,         ,Richard,Olive,Clear,"Sideswipe, Same Direction",no,no,no,no,yes,False
101156244,METROPOLITAN NASHVILLE POLICE DEPT,20160299122,Davidson,Nashville,3/31/2016 7:30:00 PM,2,0,0,36.044790,-86.661950,BELL RD,,,,150.00,Feet,West,CANE RIDGE RD,,,,0.00,N,Not at Intersection, ,Non-Junction,None,,,         ,David,Hughes,Rain,Front to Rear,no,no,no,no,no,False
101156258,THP District 3 - Nashville,316019119,Davidson,Goodlettsville,3/29/2016 1:55:00 PM,2,0,0,36.297500,-86.699570,RIVERGATE PKWY,,,,250.00,Feet,North,GALLATIN PKEN,,,,0.00,N,Not at Intersection, ,Non-Junction,None,,,         ,Matthew,Priest,Clear,Front to Rear,no,no,no,no,no,False
101156700,METROPOLITAN NASHVILLE POLICE DEPT,20160297916,Davidson,Not in City Limit,3/31/2016 1:54:00 PM,2,0,0,36.262620,-86.684380,E OLD HICKORY BLVD,,,,0.00,,,LARKIN SPRINGS RD,,,,0.00,Y,Four-Way, ,Intersection,None,,,         ,Michelle,Steidl,Clear,Angle,no,no,no,no,no,False
101156816,METROPOLITAN NASHVILLE POLICE DEPT,20160279438,Davidson,Nashville,3/25/2016 3:15:00 PM,2,1,0,36.170820,-86.601550,OLD HICKORY BLVD,,,,0.00,,,I40 W EXT RAMP,,,,0.00,Y,Four-Way,N,Intersection,None,,,         ,Alex,Lampley,Clear,Angle,no,no,no,no,no,False
101156961,METROPOLITAN NASHVILLE POLICE DEPT,20160307435,Davidson,Antioch,3/26/2016 12:00:00 AM,1,0,0,36.049840,-86.562440,HURRICANE CREEK BOAT RMP,,,,0.00,,,STONES RIVER RD,,,,0.00,Y,OTHER,N,Non-Junction,None,,,         ,Jarred,Ruhlman,Clear,Not Collision with Motor Vehicle in Transport,no,no,no,no,yes,False
101156967,METROPOLITAN NASHVILLE POLICE DEPT,20160291885,Davidson,Nashville,3/29/2016 8:58:00 PM,2,1,0,36.241430,-86.757220,DICKERSON PKE,,,,0.00,,,BRILEY PKWY W ENT RAMP,,,,0.00,Y,Four-Way,N,Intersection,None,,,         ,Carlos,Urrutia,Clear,Angle,no,no,no,no,no,False
101156968,METROPOLITAN NASHVILLE POLICE DEPT,20160294672,Davidson,Madison,3/30/2016 3:15:00 PM,2,0,0,36.262210,-86.712210,GALLATIN PKES,,,,0.00,,,E OLD HICKORY BLVD,,,,0.00,Y,T-Intersection, ,Intersection,None,,,         ,Carlos,Urrutia,Clear,"Sideswipe, Same Direction",no,no,no,no,no,False
101156969,METROPOLITAN NASHVILLE POLICE DEPT,20160294896,Davidson,Madison,3/30/2016 3:40:00 PM,2,0,0,36.258080,-86.701470,LEXINGTON GARDENS CONDOMINIUMS,,,,0.00,Feet,East,ROBIN HOOD CONDOMINIUMS PVTDR,,,,0.00,N,Not at Intersection,N,OtherLocation,None,,,         ,Carlos,Urrutia,Clear,"Sideswipe, Opposite Direction",no,no,no,yes,no,False
101157031,METROPOLITAN NASHVILLE POLICE DEPT,20160296019,Davidson,Nashville,3/30/2016 11:27:00 PM,2,0,0,36.110510,-86.740260,THOMPSON LN,,,,140.00,Feet,East,SIMMONS AV,,,,0.00,N,Not at Intersection,N,Non-Junction,Maintenance Zone,Laneclosure,Activity Area,         ,Ethan,Luffman,Clear,Front to Rear,no,no,no,no,no,False
101157112,METROPOLITAN NASHVILLE POLICE DEPT,20160289695,Davidson,Nashville,3/29/2016 7:35:00 AM,2,0,0,36.152600,-86.830900,CHARLOTTE AV,,,,25.00,Feet,East,38TH AVN,,,,0.00,N,Not at Intersection, ,Non-Junction,None,,,         ,Anthony,McClain,Clear,Front to Rear,no,no,no,no,no,False
101157336,METROPOLITAN NASHVILLE POLICE DEPT,20160295005,Davidson,Nashville,3/30/2016 5:10:00 PM,3,0,0,36.095970,-86.742550,ALLIED DR,,,,0.00,,,KEYSTONE AV,,,,0.00,Y,Four-Way,N,Non-Junction,None,,,         ,Miguel,Garcia,Clear,Angle,no,no,no,no,no,False
101157759,METROPOLITAN NASHVILLE POLICE DEPT,20160294178,Davidson,Nashville,3/30/2016 11:53:00 AM,1,0,0,36.151460,-86.751380,I 40,,,,0.00,,,,,,,211.50,N,Not at Intersection, ,Non-Junction,None,,,         ,Alex,Moore,Clear,Not Collision with Motor Vehicle in Transport,no,no,no,no,no,False
101157771,METROPOLITAN NASHVILLE POLICE DEPT,2016-0281944,Davidson,Nashville,3/30/2016 1:13:00 PM,2,0,0,36.046930,-86.713450,NOLENSVILLE PKE,,,,570.00,Feet,North,OLD HICKORY BLVD,,,,0.00,N,Not at Intersection, ,Non-Junction,None,,,         ,Sean,Williams,Clear,"Sideswipe, Same Direction",no,no,no,no,no,False
101157807,METROPOLITAN NASHVILLE POLICE DEPT,2016-0281300,Davidson,Nashville,3/26/2016 3:59:00 AM,2,2,0,36.234570,-86.799970,BRILEY PKWYE,,,,1055.00,Feet,East,KNIGHT DR,,,,0.00,N,Not at Intersection,N,Non-Junction,None,,,         ,Carey,Steel,Clear,HeadOn,no,no,no,no,no,False
101159403,THP District 9 - Administrative,316019410,Davidson,Nashville,3/30/2016 4:09:00 PM,2,0,0,36.166350,-86.780690,4TH AVN,,,,0.00,,,CHARLOTTE AV,,,,0.00,Y,Four-Way, ,Intersection,None,,,         ,Steve,Sakarapanee,Clear,Front to Rear,no,no,no,no,no,False
101161640,METROPOLITAN NASHVILLE POLICE DEPT,2016-0296097,Davidson,Nashville,3/30/2016 11:52:00 PM,3,2,0,36.089430,-86.762860,I 65,,,,0.00,,,,,,,78.30,N,Not at Intersection,N,Non-Junction,None,,,         ,Frank,Walker,Clear,"Sideswipe, Same Direction",no,no,no,no,no,False
101162004,METROPOLITAN NASHVILLE POLICE DEPT,2016-282015,Davidson,Nashville,3/26/2016 1:26:00 PM,2,0,0,36.045370,-86.713260,NOLENSVILLE PKE,,,,0.00,,West,OLD HICKORY BLVD,,,,0.00,N,Not at Intersection, ,Non-Junction,None,,,         ,Sean,Williams,Clear,Front to Rear,no,no,no,no,no,False
101163122,METROPOLITAN NASHVILLE POLICE DEPT,20160283278,Davidson,Nashville,3/26/2016 7:40:00 PM,1,0,0,36.148420,-86.795930,19TH AVS,,,,0.00,,,,,,,0.00,,Not at Intersection,N,Non-Junction,None,,,         ,Craig,Oakley,Clear,Not Collision with Motor Vehicle in Transport,no,no,no,yes,no,False
101181010,METROPOLITAN NASHVILLE POLICE DEPT,20160278834,Davidson,Nashville,3/25/2016 11:09:00 AM,1,1,0,36.086200,-86.731430,ELYSIAN FIELDS RD,,,,0.00,,,ELYSIAN FIELDS CT,,,,0.00,,Not at Intersection,N,Non-Junction,None,,,         ,Devin,Mabry,Cloudy,Not Collision with Motor Vehicle in Transport,no,no,no,yes,no,False
101181482,METROPOLITAN NASHVILLE POLICE DEPT,2016-0285399,Davidson,Nashville,3/27/2016 11:11:00 PM,2,0,0,36.152040,-86.793040,DIVISION ST,,,,0.00,,,17TH AVS,,,,0.00,Y,Four-Way,N,Intersection,None,,,         ,Matthew,Moses,Clear,Angle,no,no,no,no,yes,False
101567168,TENNESSEE STATE UNIVERSITY ,16-TSU-09126,Davidson,Nashville,3/29/2016 5:00:00 PM,2,0,0,36.167540,-86.824470,31ST AVN,,,,0.00,,,JOHN A MERRITT BLVD,,,,0.00,Y,OTHER,N,Non-Junction,None,,,         ,Ashley,Boleyjack,,Rear to Rear,no,no,no,yes,no,False
101726981,METROPOLITAN NASHVILLE POLICE DEPT,2016-0290306,Davidson,Nashville,3/29/2016 12:00:00 AM,2,0,0,36.179720,-86.842920,SNELL BLVD,,,,166.00,Feet,West,HOLLAND LN,,,,0.00,N,Not at Intersection, ,Non-Junction,None,,,         ,Byron,Carter,Unknown,Angle,no,no,no,no,yes,False